label_horror,total_buy_ol,total_amount,action_amount,drama_amount,romc_amount,comedy_amount,horror_amount,age_group,customer_type,sex
N,1,7000,0,7000,0,0,0,A04,개인,M
N,1,9900,0,0,0,0,0,A09,개인,M
N,1,2500,2500,0,0,0,0,A08,개인,M
N,1,2500,0,0,2500,0,0,A03,개인사업자,F
N,5,22500,22500,0,0,0,0,A06,개인,F
N,1,2500,2500,0,0,0,0,A04,개인,F
Y,1,10000,10000,0,0,0,0,A10,개인,F
N,2,20000,10000,10000,0,0,0,A06,개인,F
N,2,15000,0,10000,0,0,0,A08,개인,M
N,1,2500,0,0,0,0,0,A06,개인,F
N,3,11400,0,6400,0,0,0,A10,개인,F
N,1,10000,0,10000,0,0,0,A08,개인,M
N,1,2500,2500,0,0,0,0,A03,개인,F
N,1,10000,0,10000,0,0,0,A08,개인,F
N,1,10000,0,10000,0,0,0,A06,개인,M
N,1,10000,0,0,0,0,0,A06,개인,M
N,3,17000,0,12000,5000,0,0,A07,개인,M
N,1,1400,0,0,1400,0,0,A04,개인,F
N,1,5000,0,5000,0,0,0,A09,개인,F
N,1,2500,0,2500,0,0,0,A05,개인,F
N,1,2500,0,0,0,0,0,A11,개인,M
N,2,1250,2500,10000,0,0,0,A03,개인,M
N,2,7500,2500,5000,0,0,0,A10,개인사업자,F
N,1,2500,2500,0,0,0,0,A08,개인,M
N,2,1500000,0,10000,0,0,0,A10,개인,M
N,1,7000,0,7000,0,0,0,A06,개인,F
N,1,1400,0,0,0,1400,0,A06,개인,M
N,2,3900,0,0,3900,0,0,A06,개인사업자,M
N,1,2500,0,0,2500,0,0,A06,개인,F
N,1,1400,0,0,0,1400,0,A03,개인,M
N,1,10000,0,10000,0,0,0,A09,개인,M
N,1,5000,0,0,5000,0,0,A08,개인,M
N,1,1400,0,1400,0,0,0,A10,개인,F
N,3,4200,4200,0,0,0,0,A03,개인,F
N,1,7000,0,7000,0,0,0,A06,개인,M
N,3,6400,2500,1400,0,0,0,A10,개인,M
N,4,7800,7800,0,0,0,0,_,개인사업자,F
N,1,2500,0,0,0,2500,0,A02,개인,F
N,1,2500,0,0,0,2500,0,A13,개인사업자,F
N,1,7000,0,7000,0,0,0,A07,개인,F
N,5,9900,0,4900,0,0,0,A06,개인,F
N,3,19500,12500,7000,0,0,0,A08,개인,M
N,1,5000,0,5000,0,0,0,A03,개인,F
N,1,2500,0,0,0,0,0,A03,개인,F
N,1,5000,5000,0,0,0,0,A09,개인,F
N,1,5000,0,5000,0,0,0,A09,개인,M
N,4,10300,5300,5000,0,0,0,A06,개인,M
N,3,12800,0,11400,1400,0,0,A08,개인,M
N,1,2500,2500,0,0,0,0,A07,개인,M
N,1,2500,0,0,2500,0,0,A08,개인,M
N,3,9800,1400,8400,0,0,0,A10,개인사업자,F
N,1,1400,0,1400,0,0,0,A04,개인,M
N,2,11400,0,0,0,0,0,A05,개인,M
N,1,10000,10000,0,0,0,0,_,법인사업자,F
N,4,10300,0,3900,1400,5000,0,A09,개인,F
N,1,1400,0,0,0,0,0,A05,개인,M
N,204,7000,0,7000,0,0,0,A10,개인사업자,F
N,3,16400,16400,0,0,0,0,A09,개인,F
N,1,10000,0,10000,0,0,0,A06,개인,M
Y,5,12100,0,1400,0,0,9300,A10,개인,M
N,1,10000,0,0,10000,0,0,A07,개인,F
N,4,10300,3900,1400,0,5000,0,A12,개인,F
N,4,22800,0,22800,0,0,0,A05,개인,F
N,6,24300,12300,12000,0,0,0,A08,개인,M
N,2,7500,0,2500,0,0,0,A06,개인,M
N,1,1400,0,0,0,0,0,A08,개인,F
N,1,2500,0,0,0,0,0,A02,개인,M
N,2,17000,10000,7000,0,0,0,A07,개인,F
N,1,5000,0,0,5000,0,0,A10,개인사업자,M
N,2,5000,2500,2500,0,0,0,A04,개인,F
N,1,2500,0,2500,0,0,0,A06,개인,F
N,1,10000,0,10000,0,0,0,A08,개인,F
Y,1,5000,0,0,0,0,5000,A06,개인,M
N,1,9900,0,9900,0,0,0,A04,개인,M
N,2,12500,0,10000,0,0,0,A08,개인,F
N,3,12500,0,0,12500,0,0,A06,개인,F
N,1,10000,0,10000,0,0,0,A05,개인,M
N,1,5000,0,0,5000,0,0,A07,개인,M
N,1,14900,0,14900,0,0,0,A08,개인,M
N,3,6400,0,2500,0,0,0,A04,개인,M
N,8,26500,5000,0,0,0,0,A07,개인,M
N,1,2500,0,0,0,2500,0,A07,개인,M
N,1,10000,0,10000,0,0,0,A09,개인,M
N,1,10000,0,10000,0,0,0,A06,개인,M
N,2,5000,0,0,0,0,0,A05,개인,M
N,1,2500,0,0,0,0,0,A12,개인사업자,F
N,5,23400,1400,19500,0,0,0,A06,개인,F
N,4,5600,0,0,5600,0,0,A08,개인,F
N,1,7000,0,7000,0,0,0,A08,개인,M
N,1,1400,0,1400,0,0,0,A08,개인,F
N,1,2500,0,0,0,0,0,A03,개인,M
N,4,6300,2500,2800,0,0,0,A09,개인,M
Y,1,1400,0,0,0,0,1400,A07,개인,M
N,1,1400,1400,0,0,0,0,A05,개인,F
N,1,7000,0,7000,0,0,0,A10,개인,F
N,5,13900,0,0,12500,0,0,A06,개인,M
N,1,1400,0,0,0,0,0,A07,개인,F
N,3,16400,1400,15000,0,0,0,A08,개인,M
N,2,17000,7000,10000,0,0,0,A05,개인,F
N,2,7500,0,5000,0,0,0,A06,개인,M
N,1,2500,2500,0,0,0,0,,개인,F
Y,1,1400,0,0,0,0,1400,,개인,F
Y,1,10000,10000,0,0,0,0,,개인,M
N,1,5000,0,5000,0,0,0,,개인,F
N,3,10900,0,2500,1400,0,0,,개인,M
N,1,10000,0,10000,0,0,0,,개인,F
N,2,2800,0,0,0,1400,0,,개인,F
N,1,1400,0,0,0,1400,0,,개인사업자,M
N,5,8100,5300,0,1400,1400,0,,개인,M
N,1,10000,10000,0,0,0,0,,개인,F
N,1,2500,2500,0,0,0,0,,개인,F
N,2,12500,2500,10000,0,0,0,,개인,F
N,1,2500,0,0,0,0,0,,개인,M
Y,2,2800,0,1400,1400,0,0,,개인,F
N,2,10000,10000,0,0,0,0,,개인,M
N,1,2500,0,2500,0,0,0,,개인사업자,M
N,1,10000,10000,0,0,0,0,,개인,F
N,1,10000,10000,0,0,0,0,,개인,F
N,1,1400,0,0,0,0,0,,개인,F
N,2,5000,2500,0,0,2500,0,,개인,F
N,1,5000,5000,0,0,0,0,A08,개인,M
N,3,4200,1400,0,0,0,0,A04,개인,M
N,1,2500,0,0,2500,0,0,A08,개인,F
N,1,1400,0,1400,0,0,0,A05,개인,F
N,1,5000,0,5000,0,0,0,A05,개인,M
N,2,7500,0,0,0,0,2500,A08,개인,F
N,2,3900,0,1400,2500,0,0,A08,개인,M
N,1,5000,0,0,0,0,0,A07,개인,M
N,1,5000,0,0,0,0,0,A05,개인,F
N,1,2500,0,2500,0,0,0,A07,개인,F
N,1,5000,0,5000,0,0,0,A10,개인,M
N,6,22800,2500,15000,0,0,2500,A08,개인,F
N,7,14200,3900,5000,0,0,0,A06,개인,F
N,1,2500,2500,0,0,0,0,A07,개인,F
N,1,10000,0,10000,0,0,0,A04,개인,M
N,2,8400,0,8400,0,0,0,A05,개인,M
N,1,10000,0,10000,0,0,0,A05,개인,M
N,1,7000,0,7000,0,0,0,A10,개인,M
N,2,17000,10000,7000,0,0,0,A07,개인,F
N,3,19500,10000,7000,0,0,0,A10,개인,M
N,1,2500,0,2500,0,0,0,A06,개인,M
N,1,10000,10000,0,0,0,0,A09,개인,M
N,2,15000,0,15000,0,0,0,A05,개인,F
Y,2,6400,0,0,0,0,6400,A04,개인,F
N,3,10000,0,0,0,0,0,A11,개인,F
N,9,22600,3900,10900,0,2500,0,A08,개인,M
N,1,4500,4500,0,0,0,0,A03,개인,M
N,1,7000,7000,0,0,0,0,A08,개인,M
N,1,7000,0,7000,0,0,0,A09,개인,F
N,1,1400,0,1400,0,0,0,A07,개인,F
N,1,2500,0,0,0,2500,0,A05,개인,M
N,2,11400,0,10000,0,1400,0,A06,개인,F
N,2,3900,1400,0,0,2500,0,A07,개인사업자,F
N,4,12000,7000,5000,0,0,0,A07,개인,M
Y,1,2500,0,0,0,0,2500,_,공공기관,M
N,1,5000,0,5000,0,0,0,A11,개인,F
N,1,7000,0,7000,0,0,0,_,개인사업자,F
N,1,1400,1400,0,0,0,0,_,법인사업자,F
N,1,1400,0,1400,0,0,0,A09,개인,F
N,1,10000,0,10000,0,0,0,A09,개인,M
N,1,1400,0,0,0,1400,0,A10,개인사업자,F
N,1,10000,0,0,0,0,0,A05,개인,F
N,2,12500,2500,10000,0,0,0,A10,개인,M
N,1,6500,0,0,0,0,0,A05,개인,M
N,2,6400,6400,0,0,0,0,A05,개인,M
N,1,5000,0,0,0,0,0,A03,개인,F
N,2,3900,1400,0,0,0,0,A06,개인,M
N,2,3900,3900,0,0,0,0,A07,개인,M
N,1,5000,0,5000,0,0,0,A07,개인,M
N,2,12500,12500,0,0,0,0,A08,개인,F
N,1,2000,0,0,2000,0,0,A08,개인,F
N,1,5000,0,5000,0,0,0,A06,개인,F
N,11,18700,9800,2500,0,3900,0,A05,개인,F
N,1,1400,0,0,1400,0,0,A05,개인,M
N,1,7000,0,0,0,0,0,A07,개인,M
N,1,7000,7000,0,0,0,0,A08,개인,M
N,1,2500,2500,0,0,0,0,A02,개인,F
N,1,6500,0,0,0,0,0,A14,개인,M
Y,11,88500,29500,27000,0,0,32000,A02,개인,F
N,4,17000,0,12000,0,2500,0,A08,개인,M
N,4,22800,0,21400,0,0,1400,A08,개인,M
N,2,12500,0,2500,0,0,0,A05,개인,F
N,4,18500,0,7000,0,0,2500,A04,개인,M
N,4,32000,10000,22000,0,0,0,A07,개인사업자,F
N,6,13900,0,3900,0,5000,2500,A09,개인,M
N,4,17800,10000,1400,0,0,1400,_,개인사업자,F
N,1,10000,0,0,0,0,0,A04,개인,M
N,3,12500,5000,5000,0,0,0,A08,개인,F
N,3,6400,2500,0,0,0,0,A09,개인,M
N,1,10000,10000,0,0,0,0,A07,개인,M
N,1,10000,0,10000,0,0,0,A07,개인,F
N,2,20000,10000,10000,0,0,0,A08,개인사업자,F
N,1,5000,0,5000,0,0,0,A09,개인,F
N,4,7800,1400,1400,0,0,0,A09,개인,M
N,1,10000,0,10000,0,0,0,A05,개인,M
N,3,5300,2800,0,0,0,2500,A03,개인,F
N,1,2500,2500,0,0,0,0,A11,개인,M
N,1,5000,5000,0,0,0,0,A08,개인,M
N,1,7000,0,7000,0,0,0,A07,개인,M
N,1,5000,0,5000,0,0,0,A07,개인,F
N,2,7500,7500,0,0,0,0,A05,개인,F
N,1,5000,0,0,0,0,0,A02,개인,F
N,1,1400,1400,0,0,0,0,A08,개인,M
N,1,5000,0,5000,0,0,0,A06,개인,M
N,1,5000,0,0,0,0,0,A07,개인,F
Y,6,9500,0,5300,0,1400,1400,_,개인,M
N,1,2500,0,2500,0,0,0,A09,개인,M
N,1,10000,0,10000,0,0,0,A08,개인,F
N,4,12500,0,12500,0,0,0,A12,개인,F
N,2,7500,0,5000,0,0,0,A05,개인,F
N,2,21900,21900,0,0,0,0,A11,개인,F
N,1,2500,0,0,0,2500,0,A05,개인,F
N,4,22500,15000,0,0,0,0,A07,개인,F
N,1,9900,9900,0,0,0,0,A09,개인,F
N,1,10000,0,10000,0,0,0,A09,개인,F
N,1,1400,0,1400,0,0,0,A04,개인,M
N,2,19900,10000,9900,0,0,0,A06,개인,M
N,1,1400,0,0,1400,0,0,A08,개인,M
N,1,10000,0,10000,0,0,0,A05,개인,M
N,1,2500,0,0,0,0,0,A11,개인,F
N,1,5000,0,5000,0,0,0,A09,개인,M
N,1,10000,10000,0,0,0,0,A04,개인,F
N,1,2500,0,2500,0,0,0,A03,개인,M
N,1,2500,0,0,0,2500,0,A09,개인,F
N,1,2500,0,0,0,0,0,A05,개인,M
Y,1,1400,0,0,0,0,1400,A07,개인,F
N,2,12000,0,7000,0,0,0,A08,개인,F
N,4,27500,10000,0,0,2500,0,A05,개인,M
N,1,10000,0,10000,0,0,0,A10,개인,M
N,2,7500,2500,5000,0,0,0,A09,개인,M
N,5,13200,0,2500,0,1400,0,A07,개인,M
N,4,25400,0,6500,0,0,0,A05,개인,M
N,1,2500,0,2500,0,0,0,A08,개인,F
N,1,1400,0,1400,0,0,0,_,법인사업자,M
N,1,7000,0,7000,0,0,0,A09,개인사업자,M
N,1,2500,2500,0,0,0,0,A07,개인,F
N,2,2800,0,1400,0,0,0,A08,개인,M
N,1,2500,0,0,2500,0,0,A08,개인,M
N,2,17000,10000,7000,0,0,0,A05,개인,F
N,1,10000,0,10000,0,0,0,A06,개인,M
N,2,10000,0,0,0,0,0,A06,개인,M
N,1,9900,0,0,0,0,0,A08,개인,M
N,2,24900,14900,0,0,0,10000,A06,개인,F
N,2,14000,0,14000,0,0,0,A08,개인,F
N,2,12500,10000,0,0,2500,0,A11,개인,F
N,1,1400,0,1400,0,0,0,A12,개인,F
N,1,6500,0,0,0,0,0,A05,개인,F
N,1,10000,0,10000,0,0,0,A09,개인,F
N,1,2500,0,2500,0,0,0,A08,개인,M
N,1,1400,1400,0,0,0,0,A10,개인,M
N,1,2500,0,0,0,0,0,A06,개인,F
N,1,10000,0,10000,0,0,0,A05,개인,F
N,3,15000,5000,5000,0,0,0,A02,개인,M
N,8,43500,32500,0,5000,0,0,A11,개인,F
Y,2,11400,0,0,0,0,11400,A07,개인,M
N,2,3900,0,0,0,0,1400,A11,개인,F
N,1,5000,5000,0,0,0,0,A09,개인,M
N,1,10000,0,10000,0,0,0,A07,개인,M
N,1,2500,0,0,0,0,0,A09,개인,F
N,8,48900,11400,25000,0,0,10000,A10,개인,M
Y,1,1400,0,0,0,0,1400,A08,개인,F
N,1,10000,0,10000,0,0,0,A11,개인,M
N,1,9900,0,0,0,0,0,A04,개인,M
N,1,1400,0,0,0,1400,0,A10,개인,F
N,2,5000,5000,0,0,0,0,A08,개인,M
N,1,5000,0,0,0,5000,0,A05,개인,F
N,6,52000,30000,17000,0,0,0,A07,개인,F
Y,13,43200,3900,13900,0,0,13900,A03,개인,F
N,2,12500,0,10000,0,0,0,A02,개인,F
N,3,13900,0,12500,0,0,0,A07,개인,M
N,1,10000,10000,0,0,0,0,A07,개인,F
N,4,10000,7500,0,0,2500,0,A07,개인,F
N,1,1400,0,1400,0,0,0,A05,개인,M
N,5,10300,2500,0,0,0,0,A12,개인,F
N,2,2800,0,0,0,0,0,A06,개인,F
N,2,5000,0,0,0,0,0,A10,개인,M
N,3,13900,10000,2500,0,1400,0,A06,개인,M
Y,1,2500,0,0,0,0,2500,_,공공기관,F
N,4,10000,2500,0,0,2500,0,A08,개인,M
N,2,15000,15000,0,0,0,0,A08,개인,F
N,1,2500,2500,0,0,0,0,A04,개인,M
N,5,8100,0,6700,0,1400,0,A09,개인,M
N,1,5000,5000,0,0,0,0,A08,개인,M
N,1,1400,0,0,0,1400,0,A04,개인,F
N,13,27000,7800,14200,0,2500,0,A10,개인,M
N,4,18900,1400,15000,0,0,2500,A07,개인사업자,F
N,3,7800,7800,0,0,0,0,A02,개인,M
N,1,5000,0,0,5000,0,0,A09,개인,F
N,1,6500,0,0,0,0,0,A07,개인,F
N,1,5000,0,5000,0,0,0,A09,개인,F
N,1,10000,0,10000,0,0,0,A06,개인,M
N,1,10000,10000,0,0,0,0,_,법인사업자,M
N,1,10000,0,10000,0,0,0,A05,개인,M
N,11,19800,10900,0,0,0,0,A08,개인,F
N,1,2500,0,0,0,0,0,A05,개인,F
N,10,36700,7500,0,0,0,0,A11,개인,F
N,2,15000,10000,5000,0,0,0,A07,개인,F
N,6,18600,6500,0,0,0,0,A03,개인,M
Y,1,5000,0,0,0,0,0,A05,개인,M
N,1,2500,0,2500,0,0,0,A07,개인,F
N,1,1400,1400,0,0,0,0,A08,개인,F
N,5,29900,0,28500,0,1400,0,A09,개인,M
N,2,12500,0,0,0,0,0,A05,개인,M
Y,1,2500,0,0,0,0,2500,A14,개인사업자,F
N,1,5000,0,0,0,0,0,A09,개인사업자,M
N,1,7000,7000,0,0,0,0,A05,개인,F
N,1,10000,0,0,0,0,0,A05,개인,M
N,2,5000,0,0,0,0,0,A10,개인,F
N,1,2500,2500,0,0,0,0,A08,개인,M
N,1,1400,1400,0,0,0,0,_,법인사업자,F
N,5,8100,0,4200,0,2500,0,A05,개인,M
N,1,1400,0,0,1400,0,0,A07,개인,F
N,1,2500,0,2500,0,0,0,A07,개인,F
N,2,7500,7500,0,0,0,0,A03,개인,M
N,1,2500,0,2500,0,0,0,A04,개인,F
N,1,10000,0,10000,0,0,0,A05,개인,M
N,13,30900,7800,0,19200,0,0,A05,개인,F
N,1,2500,0,0,0,0,0,A14,개인,F
N,8,59700,49700,0,0,0,5000,A05,개인,M
N,1,1400,0,0,0,1400,0,A12,개인,M
N,2,7500,0,0,0,7500,0,A08,개인,M
N,7,21700,5300,13900,0,0,0,A10,개인,M
N,1,10000,0,10000,0,0,0,A09,개인,F
N,1,10000,0,10000,0,0,0,A07,개인,F
N,1,4000,4000,0,0,0,0,A04,개인,F
N,2,5000,2500,0,0,0,0,A08,개인,F
N,1,1400,1400,0,0,0,0,A04,개인,F
N,3,6400,5000,0,1400,0,0,A04,개인,F
N,1,1400,0,1400,0,0,0,A11,개인,M
N,2,9000,6500,0,0,0,0,A06,개인,F
Y,1,5000,0,0,0,0,5000,A07,개인,M
N,1,1400,0,0,0,0,1400,A07,개인,F
N,6,41500,17000,19500,0,0,0,A08,개인,F
N,1,7000,0,7000,0,0,0,A05,개인,F
N,1,10000,0,10000,0,0,0,A03,개인,F
N,1,5000,0,5000,0,0,0,A05,개인,M
N,1,2500,2500,0,0,0,0,A07,개인,M
N,1,5000,0,5000,0,0,0,A08,개인,F
N,1,2500,2500,0,0,0,0,A08,개인,M
N,5,23400,10000,8400,0,0,0,A08,개인,M
N,2,5000,2500,0,0,0,0,A03,개인,F
N,2,5000,0,2500,0,2500,0,A12,개인사업자,M
N,3,4200,0,0,0,0,0,A07,개인,F
N,1,2500,0,0,2500,0,0,A05,개인,F
N,1,1400,0,0,0,1400,0,A04,개인,M
N,1,7000,0,7000,0,0,0,A07,개인,F
N,3,10000,0,7500,0,0,2500,A07,개인,F
N,1,14900,14900,0,0,0,0,A06,개인,M
N,1,1400,1400,0,0,0,0,_,법인사업자,F
N,1,2500,0,2500,0,0,0,A09,개인,M
N,1,1400,0,0,1400,0,0,_,정식단체,F
N,2,6400,0,0,0,0,0,A04,개인,M
N,1,1400,0,0,0,0,0,A06,개인,M
N,1,7000,0,7000,0,0,0,A03,개인,F
N,2,12500,12500,0,0,0,0,A08,개인,M
N,1,2500,2500,0,0,0,0,A07,개인,F
N,6,19900,4600,11400,0,0,0,A04,개인,F
N,3,7500,0,5000,0,0,0,A09,개인,F
N,2,5000,0,2500,0,0,2500,A09,개인,F
N,1,7000,0,7000,0,0,0,A05,개인,M
Y,2,12000,7000,0,0,0,0,A08,개인,F
N,1,10000,0,10000,0,0,0,A03,개인,M
N,1,5000,0,5000,0,0,0,A05,개인,F
N,2,3900,0,0,0,2500,0,A08,개인,M
N,1,9900,0,9900,0,0,0,A08,개인,M
N,1,10000,0,10000,0,0,0,A06,개인,F
N,2,15000,10000,5000,0,0,0,A11,개인사업자,F
N,1,10000,0,10000,0,0,0,A08,개인사업자,F
N,4,25000,25000,0,0,0,0,A12,개인,M
N,3,27400,14900,10000,0,0,0,A05,개인,M
N,4,31400,20000,10000,0,0,0,A07,개인,F
N,1,2500,0,0,2500,0,0,A07,개인,M
N,2,11400,11400,0,0,0,0,A06,개인,F
N,4,11400,3900,0,0,2500,0,A08,개인,M
N,1,10000,0,10000,0,0,0,A03,개인,F
N,2,10000,5000,0,0,0,0,A10,개인,M
N,1,1400,1400,0,0,0,0,A10,개인,M
N,1,7000,0,7000,0,0,0,A10,개인,M
N,1,2500,0,0,2500,0,0,A07,개인,F
N,1,7000,0,7000,0,0,0,A09,개인,M
N,1,2500,2500,0,0,0,0,A05,개인,M
N,1,1400,1400,0,0,0,0,A04,개인,F
N,2,2800,0,0,0,0,0,A11,개인,F
N,1,1400,0,1400,0,0,0,A08,개인,F
N,2,3900,3900,0,0,0,0,A06,개인,M
N,3,10900,7000,0,2500,1400,0,A06,개인,M
N,1,1400,1400,0,0,0,0,A03,개인,F
Y,1,6000,6000,0,0,0,0,A05,개인,F
N,1,6500,0,0,6500,0,0,A07,개인,F
N,2,5000,2500,0,0,0,0,A14,개인,F
N,1,5000,5000,0,0,0,0,A08,개인,F
N,1,5000,0,5000,0,0,0,A09,개인,F
N,1,7000,0,7000,0,0,0,_,법인사업자,F
N,1,10000,10000,0,0,0,0,A06,개인,M
N,3,22000,0,5000,0,0,0,_,법인사업자,F
N,1,10000,0,10000,0,0,0,A07,개인,F
N,1,1400,0,0,0,0,0,A04,개인,M
Y,1,5000,0,0,0,0,5000,A06,개인,F
N,1,10000,0,10000,0,0,0,A05,개인,M
N,1,2500,2500,0,0,0,0,A10,개인,F
N,2,7500,0,5000,0,0,0,A07,개인,M
N,6,32000,10000,7500,12000,0,0,_,법인사업자,F
N,3,19500,17000,0,0,0,2500,A09,개인,F
N,2,5000,2500,0,0,0,0,A09,개인,M
N,1,2500,2500,0,0,0,0,A06,개인,F
N,2,5000,0,2500,2500,0,0,A07,개인,M
N,1,5000,5000,0,0,0,0,A07,개인,F
N,1,2500,0,0,0,0,0,A07,개인,M
N,2,5000,0,2500,0,2500,0,A09,개인,M
N,4,9600,3200,1400,0,0,2500,A08,개인,F
N,1,4500,4500,0,0,0,0,_,법인사업자,M
N,1,7000,0,7000,0,0,0,A07,개인,F
N,2,20000,0,20000,0,0,0,A06,개인,M
N,1,10000,10000,0,0,0,0,A06,개인,F
N,3,4200,1400,1400,0,0,0,A10,개인,M
N,2,10200,3200,7000,0,0,0,A09,개인,F
N,3,5300,5300,0,0,0,0,A07,개인,M
N,4,29500,10000,17000,0,2500,0,A04,개인,F
N,2,14500,4500,10000,0,0,0,A05,개인,M
N,1,2500,0,0,0,0,0,_,법인사업자,F
N,1,2500,0,0,0,2500,0,A07,개인,M
N,2,7500,5000,0,0,2500,0,A08,개인,F
N,3,18400,0,17000,1400,0,0,A06,개인,F
N,1,5000,0,5000,0,0,0,A07,개인,M
N,2,12500,0,10000,0,0,0,A06,개인,F
N,1,2500,0,0,0,0,0,A11,개인,F
N,2,12500,2500,10000,0,0,0,A03,개인사업자,M
N,4,10000,2500,2500,0,0,2500,A06,개인,F
N,2,10000,10000,0,0,0,0,A08,개인,F
N,3,5300,0,0,3900,1400,0,A09,개인,M
N,3,30000,30000,0,0,0,0,A03,개인,F
Y,8,17000,5000,0,0,0,8100,A08,개인,F
N,1,2500,2500,0,0,0,0,A08,개인,F
N,4,14200,0,1400,11400,0,1400,A08,개인,F
N,3,12500,0,0,0,0,5000,A05,개인,F
N,2,3900,2500,0,0,0,0,A08,개인,M
N,5,76400,20000,20000,0,0,0,A06,개인,M
N,1,2500,0,0,0,0,0,A04,개인,M
N,1,6500,0,0,0,0,0,A07,개인,F
N,4,29000,7000,22000,0,0,0,A03,개인,F
N,1,7000,7000,0,0,0,0,A09,개인,M
N,2,7500,0,0,7500,0,0,A09,개인,M
N,3,6400,0,0,0,2500,0,A05,개인,F
N,1,1400,0,0,1400,0,0,A12,개인,F
N,1,2500,0,0,0,0,0,A09,개인,F
N,1,5000,0,0,0,0,0,A11,개인,M
N,1,2500,0,2500,0,0,0,A09,개인,M
N,1,1400,0,0,0,0,0,A05,개인,M
Y,2,6400,0,0,0,0,1400,A02,개인,F
N,2,5000,2500,0,0,0,0,A08,개인,M
N,2,15000,0,10000,0,0,0,A06,개인,M
N,6,35300,32500,2800,0,0,0,A06,개인,M
N,2,10000,5000,0,0,0,0,A08,개인,M
N,1,5000,0,0,0,5000,0,A05,개인,F
N,3,13800,1400,2500,0,0,0,A07,개인,M
N,4,27500,10000,12500,0,0,0,A08,개인,F
N,1,6500,6500,0,0,0,0,A06,개인,M
N,3,25000,25000,0,0,0,0,A07,개인,F
N,1,2500,2500,0,0,0,0,A06,개인,M
N,1,10000,10000,0,0,0,0,A05,개인,M
N,1,7000,0,7000,0,0,0,A08,개인,F
N,2,10000,0,5000,5000,0,0,A13,개인,M
N,2,15000,0,10000,0,0,0,A10,개인,F
N,1,2500,0,0,2500,0,0,A10,개인사업자,M
N,6,66700,31900,34800,0,0,0,A08,개인,F
N,3,7500,2500,2500,0,0,0,A10,개인,M
N,1,2500,0,0,2500,0,0,A07,개인,F
N,1,1400,0,0,0,0,0,A04,개인,M
N,1,2500,0,0,0,0,0,A10,개인,F
N,2,12000,0,7000,0,0,0,A09,개인,F
N,3,5300,1400,3900,0,0,0,A07,개인,M
N,2,20000,0,20000,0,0,0,A05,개인,M
Y,1,1400,0,0,0,0,1400,A06,개인,F
N,2,5000,0,5000,0,0,0,A06,개인,F
N,2,2800,0,2800,0,0,0,A08,개인,F
N,2,7500,0,0,0,0,0,A04,개인,M
N,3,10900,1400,7000,0,0,0,A05,개인,F
N,3,21400,20000,0,1400,0,0,A04,개인,F
N,3,27000,20000,7000,0,0,0,A05,개인,M
N,4,8700,4500,0,0,1400,0,A07,개인,F
N,2,3900,0,1400,0,0,0,A06,개인,F
N,1,5000,5000,0,0,0,0,A07,개인,M
N,1,10000,0,10000,0,0,0,A08,개인,M
N,5,8200,6800,0,0,0,0,A07,개인,F
N,4,9200,0,0,0,0,0,A11,개인,F
N,2,9500,0,7000,2500,0,0,A06,개인,F
N,3,31900,14900,7000,10000,0,0,A08,개인,M
N,1,2500,2500,0,0,0,0,A09,개인,F
N,2,11400,0,0,11400,0,0,A09,개인,F
N,1,5000,0,5000,0,0,0,A06,개인,F
N,1,10000,0,10000,0,0,0,A06,개인,F
N,4,14200,14200,0,0,0,0,A08,개인,F
N,1,1400,1400,0,0,0,0,A09,개인,M
N,1,1400,1400,0,0,0,0,A05,개인,M
N,1,2500,2500,0,0,0,0,A09,개인,M
N,3,6400,0,2500,0,0,3900,_,개인,M
N,2,3900,0,1400,0,0,0,A10,개인,F
N,2,29800,14900,14900,0,0,0,A06,개인,M
N,7,14200,0,8900,3900,1400,0,A07,개인,M
N,1,1400,0,1400,0,0,0,A06,개인,F
N,18,72300,27200,15300,1400,8400,0,A07,개인,M
N,2,2800,0,0,0,0,0,A07,개인,F
N,2,20000,0,20000,0,0,0,A06,개인,F
N,2,10000,0,5000,0,0,0,A09,개인,F
N,2,10000,0,10000,0,0,0,A06,개인,F
N,1,1400,0,0,0,0,0,A07,개인,F
N,4,27500,25000,2500,0,0,0,A12,개인,F
N,1,6500,0,0,0,0,0,A05,개인,F
N,1,9900,9900,0,0,0,0,A05,개인,F
N,4,20000,0,5000,5000,0,0,A07,개인,M
N,12,36000,3200,22800,0,0,0,A07,개인,F
N,1,10000,0,10000,0,0,0,A11,개인,F
N,3,6400,0,2500,2500,0,0,A08,개인,F
N,7,14200,5000,0,0,0,0,A06,개인,F
N,7,42400,28500,0,0,5000,0,A05,개인,M
N,2,7500,2500,0,0,0,0,A04,개인,M
N,1,5000,0,0,0,0,0,A13,개인,M
N,1,10000,0,10000,0,0,0,A02,개인,M
N,2,2800,0,0,0,1400,0,A09,개인,F
N,10,18700,9800,5000,0,0,3900,A05,개인,M
N,1,2500,0,0,0,0,0,A07,개인,F
N,2,20000,0,20000,0,0,0,A06,개인,M
N,3,27000,10000,7000,0,0,0,A07,개인,M
N,2,12500,10000,0,0,0,2500,A12,개인사업자,F
N,1,7000,0,7000,0,0,0,A05,개인,F
N,1,2500,0,0,0,0,0,A09,개인,M
N,1,10000,0,10000,0,0,0,_,공공기관,F
N,1,1400,0,0,1400,0,0,A07,개인,F
N,1,10000,0,10000,0,0,0,A07,개인,F
N,1,5000,0,5000,0,0,0,A08,개인,M
N,2,11400,10000,0,0,0,1400,A07,개인,M
N,1,5000,5000,0,0,0,0,A06,개인,M
N,2,15000,0,15000,0,0,0,A07,개인,F
N,2,10000,0,0,0,0,0,A05,개인,F
N,2,16400,0,0,0,0,0,A06,개인,M
N,2,7500,5000,0,0,0,2500,A06,개인,F
N,1,5000,0,5000,0,0,0,A07,개인,M
N,1,2500,0,0,0,0,0,_,법인사업자,M
N,1,1400,0,0,1400,0,0,A06,개인,M
N,1,2500,0,0,0,0,0,A08,개인,F
N,2,20000,10000,10000,0,0,0,_,개인,F
N,13,81400,41500,15000,0,0,17500,A07,개인,F
N,2,12500,12500,0,0,0,0,A08,개인,M
N,3,17500,0,7500,0,0,10000,A07,개인,F
N,1,1400,1400,0,0,0,0,A03,개인,M
N,1,2500,0,0,0,0,0,A06,개인,M
N,1,5000,0,5000,0,0,0,A09,개인,F
N,3,4200,0,0,2800,1400,0,A05,개인,F
N,1,1400,0,0,0,1400,0,A09,개인,M
N,1,7000,0,7000,0,0,0,A09,개인,F
N,3,8900,0,7500,0,0,0,A08,개인,M
N,1,14900,14900,0,0,0,0,A11,개인,M
N,3,20000,15000,5000,0,0,0,_,법인사업자,M
N,1,10000,10000,0,0,0,0,A07,개인,M
N,2,2800,2800,0,0,0,0,A07,개인,M
N,1,7000,0,7000,0,0,0,A03,개인,M
N,2,2800,2800,0,0,0,0,A08,개인사업자,M
N,2,5000,0,0,5000,0,0,A09,개인,F
N,1,2500,0,2500,0,0,0,A07,개인,M
N,1,2500,0,0,0,2500,0,A06,개인,F
N,1,10000,0,10000,0,0,0,A09,개인,F
N,1,2500,0,0,0,2500,0,A10,개인,F
N,3,3400,0,0,0,0,0,A07,개인,F
N,5,23900,17500,6400,0,0,0,A07,개인,F
N,1,2500,2500,0,0,0,0,A05,개인,M
N,1,1400,0,0,0,0,0,A10,개인,F
N,1,1400,0,0,1400,0,0,A08,개인,M
N,1,10000,10000,0,0,0,0,A07,개인,F
N,1,1400,1400,0,0,0,0,A07,개인,F
N,1,2500,2500,0,0,0,0,A06,개인,F
N,1,10000,0,10000,0,0,0,A07,개인,F
N,1,1400,0,1400,0,0,0,A09,개인,M
N,3,10400,2500,0,0,1400,0,A08,개인,M
N,16,44800,24500,0,0,0,7800,_,공공기관,F
N,2,15000,0,10000,0,0,0,A03,개인,M
N,1,1400,0,0,1400,0,0,A07,개인,M
N,1,10000,0,10000,0,0,0,A08,개인,F
Y,1,2500,0,0,0,0,2500,A06,개인,F
N,2,3900,3900,0,0,0,0,A03,개인,M
N,1,1400,0,0,1400,0,0,A07,개인,M
N,2,12500,0,12500,0,0,0,A08,개인,M
N,2,9500,0,7000,0,2500,0,A14,개인,M
N,7,61800,2500,0,0,2500,0,A04,개인,M
N,1,5000,0,5000,0,0,0,A07,개인사업자,M
N,1,2500,0,0,0,2500,0,A08,개인,M
N,4,10800,0,0,0,0,0,A06,개인,M
N,1,2500,0,2500,0,0,0,A05,개인,M
N,2,3900,0,0,3900,0,0,A09,개인,M
N,1,5000,0,0,0,0,0,A08,개인,M
N,1,2500,0,2500,0,0,0,A07,개인,F
N,3,22500,12500,10000,0,0,0,A03,개인,F
N,6,16200,2500,9800,1400,0,0,A11,개인,F
Y,1,1400,0,0,0,0,1400,A08,개인,F
N,2,3900,0,0,0,2500,0,A10,개인,F
N,9,18100,5300,8900,1400,0,0,A08,개인,M
N,4,8900,0,6400,0,2500,0,A04,개인,M
N,1,5000,0,0,0,5000,0,A08,개인,M
N,1,1400,0,1400,0,0,0,A07,개인사업자,M
N,1,7000,0,7000,0,0,0,A09,개인,F
N,2,2800,1400,1400,0,0,0,A07,개인,M
N,3,40300,0,3900,0,0,0,A15,개인,F
Y,1,5000,0,0,0,0,5000,A07,개인,M
N,1,2500,0,2500,0,0,0,A07,개인,M
N,2,5000,2500,0,0,0,0,A12,개인,F
N,3,7800,2800,0,0,0,5000,A08,개인,F
N,2,7500,0,0,0,0,0,A04,개인,M
N,6,27800,12800,0,0,5000,0,A06,개인,M
N,2,8400,1400,7000,0,0,0,A04,개인,M
N,3,6400,1400,2500,2500,0,0,A13,개인,F
Y,3,26500,16500,10000,0,0,0,A07,개인,M
N,1,1400,1400,0,0,0,0,A06,개인,M
N,2,3900,2500,1400,0,0,0,A06,개인,M
N,1,1000,1000,0,0,0,0,A05,개인,M
N,6,47500,22500,25000,0,0,0,A03,개인,M
N,2,3900,3900,0,0,0,0,A05,개인,M
N,6,47000,37000,0,0,0,0,A10,개인,M
N,1,10000,10000,0,0,0,0,A08,개인,F
N,1,1400,0,0,0,0,0,A11,개인사업자,M
N,1,10000,0,10000,0,0,0,A07,개인,M
N,1,2500,2500,0,0,0,0,A06,개인,M
N,9,22800,0,7500,0,0,0,A09,개인,F
N,2,5000,2500,2500,0,0,0,A06,개인,F
N,9,21400,21400,0,0,0,0,A06,개인,M
N,1,10000,10000,0,0,0,0,A04,개인,M
N,1,7000,0,7000,0,0,0,_,법인사업자,F
N,1,1400,0,0,0,0,0,A05,개인,M
N,7,58900,31900,27000,0,0,0,A03,개인,M
N,4,13900,2500,6400,0,0,5000,A07,개인,F
N,1,2500,0,0,2500,0,0,A10,개인,M
N,2,15000,15000,0,0,0,0,A08,개인,M
N,1,10000,0,10000,0,0,0,A08,개인,F
N,1,2500,0,2500,0,0,0,A10,개인,M
N,2,9000,2500,0,0,0,0,A06,개인,M
N,8,29000,16400,7000,0,0,2800,A08,개인,M
N,1,5000,5000,0,0,0,0,A08,개인,F
N,2,3900,0,0,0,0,0,_,법인사업자,F
N,12,27600,13400,11400,0,0,1400,A11,개인사업자,F
N,1,7000,0,7000,0,0,0,A07,개인,F
N,1,2500,0,0,0,0,0,A05,개인,M
N,1,10000,0,0,0,0,0,A06,개인,F
N,4,7800,0,2500,0,3900,0,A06,개인,M
N,2,15000,10000,5000,0,0,0,A14,개인,F
N,1,2500,0,0,0,2500,0,A03,개인,M
N,11,58000,2800,19900,5000,7500,20000,A08,개인사업자,F
N,3,10000,0,10000,0,0,0,A04,개인,M
N,1,1400,0,0,1400,0,0,A04,개인,M
N,2,2800,1400,1400,0,0,0,A09,개인,F
N,1,1400,1400,0,0,0,0,A07,개인,F
N,6,19200,0,3900,15300,0,0,A08,개인,F
N,4,16400,0,15000,0,0,0,A05,개인,M
N,1,1400,1400,0,0,0,0,A09,개인,F
N,1,14900,14900,0,0,0,0,A07,개인사업자,F
N,3,11400,0,5000,6400,0,0,A07,개인,M
N,1,10000,0,0,10000,0,0,A11,개인,F
N,4,6700,1400,1400,0,0,0,A03,개인,M
N,6,41300,10000,0,8400,0,0,A07,개인,M
N,2,11000,0,11000,0,0,0,A10,개인,F
N,2,3900,1400,0,0,2500,0,A03,개인,M
N,3,5300,0,0,2500,0,0,A09,개인,F
N,4,23900,12500,11400,0,0,0,A07,개인,M
N,2,11400,0,10000,0,0,1400,A08,개인,M
N,3,7500,0,0,0,0,0,A07,개인,M
N,1,1400,1400,0,0,0,0,A07,개인,F
N,2,5000,5000,0,0,0,0,_,법인사업자,M
N,5,8100,2800,0,2500,0,2800,_,공공기관,F
N,5,24800,17800,7000,0,0,0,A08,개인,F
N,2,3900,2500,1400,0,0,0,A10,개인,F
N,4,5600,0,0,0,0,1400,A08,개인,F
N,2,12500,0,0,0,0,0,A06,개인,M
N,2,12500,0,12500,0,0,0,A06,개인,M
N,3,8900,0,0,8900,0,0,A08,개인,M
N,1,2500,0,0,0,0,0,A06,개인,F
N,1,10000,0,10000,0,0,0,A06,개인,F
N,1,1400,0,0,0,0,0,A03,개인,F
N,2,3900,1400,2500,0,0,0,A05,개인사업자,F
N,1,1400,0,0,0,1400,0,A05,개인,F
N,1,2500,0,0,2500,0,0,A07,개인,M
N,2,3900,0,0,2500,0,0,A11,개인,F
N,1,1400,0,0,1400,0,0,A09,개인,M
N,2,10000,0,0,0,0,0,A07,개인,F
N,2,7500,0,2500,0,0,0,A05,개인,F
N,1,10000,0,10000,0,0,0,A10,개인사업자,F
N,1,7000,0,7000,0,0,0,A05,개인,M
Y,6,15700,0,1400,0,2500,9300,_,개인사업자,F
N,1,2500,2500,0,0,0,0,A07,개인,M
N,1,7000,0,7000,0,0,0,A06,개인,M
N,7,22400,3900,5000,5000,2500,0,A09,개인,M
N,2,9500,0,2500,7000,0,0,A09,개인,F
N,2,7500,2500,5000,0,0,0,A08,개인,M
Y,1,2500,0,0,0,0,2500,A05,개인사업자,M
N,3,7800,7800,0,0,0,0,A07,개인,M
N,2,20000,10000,10000,0,0,0,A08,개인,F
N,2,12500,0,10000,0,0,0,A06,개인,F
N,4,14000,2500,9000,2500,0,0,A04,개인,F
N,2,17000,10000,7000,0,0,0,A05,개인,M
N,1,2500,0,2500,0,0,0,A08,개인사업자,F
N,7,16400,6400,2500,0,0,2500,A07,개인,F
N,5,16700,0,11400,2500,0,1400,A03,개인,F
N,2,9000,0,0,0,0,0,A10,개인,F
Y,1,1400,0,0,0,0,1400,A07,개인,F
N,1,7000,0,7000,0,0,0,A07,개인,M
N,1,2500,0,0,0,0,0,A11,개인사업자,M
N,1,5000,0,0,0,0,0,A10,개인,F
N,1,1400,0,1400,0,0,0,A08,개인,F
N,3,31900,17000,14900,0,0,0,A08,개인,F
N,5,15400,9000,0,0,0,0,A09,개인,M
Y,1,2500,0,0,0,0,2500,A07,개인,M
N,2,15000,0,10000,5000,0,0,A07,개인,F
N,1,2500,0,0,0,0,0,A08,개인,M
N,1,2500,0,0,0,0,0,A11,개인,F
N,1,5000,5000,0,0,0,0,A05,개인,F
N,2,5000,2500,0,0,2500,0,A16,개인,F
N,2,20000,10000,10000,0,0,0,A03,개인,M
N,1,5000,0,5000,0,0,0,A09,개인,M
N,1,10000,0,0,0,0,0,A06,개인,F
Y,3,20000,0,10000,0,0,0,A04,개인,F
N,1,7000,0,7000,0,0,0,A06,개인,M
N,4,6700,0,2500,1400,0,0,A10,개인,M
N,2,15000,0,15000,0,0,0,A07,개인,M
N,2,20000,10000,10000,0,0,0,A03,개인,M
N,3,14500,2500,12000,0,0,0,A08,개인,M
N,2,10000,0,5000,0,0,0,A08,개인,M
N,2,6400,0,1400,5000,0,0,A09,개인,M
N,6,19200,3900,0,0,0,0,A06,개인,M
N,1,7000,0,7000,0,0,0,_,법인사업자,M
N,4,40000,20000,20000,0,0,0,A07,개인,M
N,1,5000,0,0,0,0,0,A10,개인,M
N,1,10000,10000,0,0,0,0,A06,개인,M
N,1,2500,0,2500,0,0,0,A11,개인,F
N,1,5000,0,5000,0,0,0,A07,개인,F
N,1,6500,0,0,0,0,0,A08,개인,F
N,2,3900,2500,0,0,1400,0,A08,개인,M
N,1,2500,0,0,0,0,0,A06,개인,F
N,3,10400,2500,6500,1400,0,0,A07,개인,F
N,4,27600,1400,24800,0,1400,0,A09,개인,M
N,1,10000,0,10000,0,0,0,A10,개인,M
N,1,7000,0,7000,0,0,0,A08,개인,M
N,2,3900,2500,0,0,1400,0,A09,개인사업자,F
N,2,17000,0,17000,0,0,0,A08,개인,F
N,1,2500,2500,0,0,0,0,A08,개인,F
N,1,10000,10000,0,0,0,0,A08,개인사업자,M
N,6,11700,0,6400,5300,0,0,A10,개인,M
N,1,6500,0,0,0,0,0,A07,개인,M
N,1,10000,10000,0,0,0,0,A03,개인,M
N,13,43800,0,6400,16400,16800,1400,A09,개인,F
N,2,20000,0,10000,0,0,0,A05,개인,M
N,3,13900,11400,2500,0,0,0,A07,개인,F
N,3,7500,0,5000,0,2500,0,A08,개인,F
N,1,10000,0,10000,0,0,0,A10,개인,F
N,4,10000,0,0,0,0,0,A05,개인,F
N,2,2800,2800,0,0,0,0,A06,개인,M
N,5,12600,1400,8400,0,1400,0,A08,개인사업자,F
N,1,7000,0,7000,0,0,0,_,법인사업자,M
N,1,5000,0,5000,0,0,0,A03,개인,F
N,1,10000,10000,0,0,0,0,A08,개인,F
N,2,2800,2800,0,0,0,0,A14,개인,M
N,1,5000,0,5000,0,0,0,A10,개인,F
N,1,10000,0,10000,0,0,0,A06,개인,F
N,1,1400,0,1400,0,0,0,A06,개인,M
N,1,5000,0,0,0,0,0,A05,개인,M
N,3,22000,10000,7000,0,0,0,A07,개인,M
N,1,2500,2500,0,0,0,0,A09,개인사업자,F
N,2,5000,2500,0,0,2500,0,A07,개인,M
Y,1,10000,0,0,0,0,10000,A06,개인,M
N,5,20300,2500,16400,0,0,0,A09,개인,F
N,8,26400,3900,12500,0,5000,0,A08,개인,M
N,1,7000,0,7000,0,0,0,A07,개인,F
N,4,12500,2500,0,0,0,0,A06,개인,M
N,3,14500,9500,5000,0,0,0,A03,개인,F
N,5,16400,1400,0,1000,0,0,A07,개인,M
N,1,10000,10000,0,0,0,0,A05,개인,M
N,3,14000,2500,0,0,0,0,A05,개인,M
N,1,1400,0,0,0,0,0,A10,개인,F
N,6,27000,10000,12000,0,2500,0,A08,개인,M
N,2,7500,0,0,7500,0,0,A06,개인,F
N,1,7000,0,7000,0,0,0,A08,개인,F
N,1,2500,2500,0,0,0,0,A04,개인,F
N,1,10000,10000,0,0,0,0,A05,개인,M
N,2,7500,0,7500,0,0,0,A08,개인,F
N,2,10000,5000,0,0,0,0,A08,개인,M
N,1,10000,0,10000,0,0,0,A10,개인사업자,F
N,1,2500,0,0,2500,0,0,A02,개인,M
N,2,15000,0,10000,5000,0,0,A10,개인,F
N,2,5000,0,0,2500,0,0,A05,개인,M
N,3,27000,17000,10000,0,0,0,A03,개인,M
N,2,11400,0,0,1400,0,0,_,개인사업자,F
N,2,5700,5700,0,0,0,0,A10,개인,M
N,1,5000,0,5000,0,0,0,A06,개인,M
N,2,2800,1400,1400,0,0,0,A03,개인,F
N,3,19500,0,17000,0,0,0,A09,개인,M
N,2,7900,0,0,1400,0,0,A07,개인,M
N,1,10000,0,10000,0,0,0,A08,개인,F
N,9,15900,4200,8900,0,0,1400,A05,개인,F
Y,1,1400,0,0,0,0,1400,A09,개인,M
N,2,5000,2500,0,0,0,0,A07,개인,M
N,1,10000,10000,0,0,0,0,A06,개인,M
N,2,5000,0,0,0,5000,0,A03,개인,F
N,4,13400,10900,2500,0,0,0,A08,개인,M
N,1,2500,0,2500,0,0,0,A07,개인,F
N,6,15100,8400,2500,0,1400,1400,A08,개인,F
N,1,1400,0,0,1400,0,0,A06,개인,M
N,1,1400,0,1400,0,0,0,A07,개인,M
N,2,2800,0,0,0,2800,0,A04,개인,M
N,1,10000,10000,0,0,0,0,A07,개인,M
N,1,5000,0,5000,0,0,0,A05,개인,M
N,1,2500,0,2500,0,0,0,A05,개인사업자,M
N,2,8400,0,7000,0,1400,0,A06,개인,F
N,1,5000,0,5000,0,0,0,A07,개인,F
N,3,14400,0,6500,0,0,0,A05,개인,F
N,1,5000,0,5000,0,0,0,_,법인사업자,F
N,7,26100,2500,10000,0,0,0,A11,개인,F
N,2,20000,10000,10000,0,0,0,A05,개인,F
N,1,10000,10000,0,0,0,0,A04,개인,F
N,1,2500,0,0,0,0,0,A06,개인,M
N,4,12800,0,7800,0,0,0,A10,개인,M
N,1,10000,0,10000,0,0,0,A09,개인,F
N,2,15000,10000,0,0,0,0,A05,개인,F
N,1,10000,0,10000,0,0,0,A03,개인,F
N,2,15000,0,15000,0,0,0,A05,개인,M
N,1,1400,0,0,1400,0,0,A04,개인,M
N,1,1400,0,0,0,1400,0,A09,개인,F
N,3,17500,15000,0,0,0,0,A08,개인,M
N,1,10000,10000,0,0,0,0,A06,개인,M
N,4,5600,2800,0,1400,0,0,A09,개인,M
N,5,24500,0,5000,0,0,0,A05,개인,F
N,2,11000,11000,0,0,0,0,A06,개인,F
N,3,22500,12500,10000,0,0,0,A04,개인,F
N,1,6500,0,0,0,0,0,A09,개인,F
N,1,10000,0,10000,0,0,0,A05,개인,M
N,3,7500,0,0,0,2500,0,A07,개인,M
N,2,3900,1400,0,0,2500,0,A08,개인,M
N,1,10000,0,10000,0,0,0,A04,개인,M
N,3,17500,0,0,0,0,0,A05,개인,F
N,6,23400,7500,13400,0,0,0,A05,개인,F
N,1,6500,0,0,0,0,0,A05,개인,F
N,2,5000,0,0,0,2500,0,A07,개인,M
N,1,10000,0,10000,0,0,0,A07,개인,M
N,2,7000,4500,2500,0,0,0,A08,개인,F
N,1,10000,10000,0,0,0,0,A05,개인,F
N,1,2500,0,2500,0,0,0,A05,개인,M
N,1,7000,0,7000,0,0,0,A08,개인,F
N,1,2500,0,0,0,2500,0,A09,개인,F
N,3,12700,1400,0,0,0,0,A05,개인,M
N,1,2500,0,0,0,0,0,A10,개인,M
N,1,1400,0,0,0,0,0,A06,개인,M
N,3,10900,2500,8400,0,0,0,A08,개인,F
N,5,21500,6500,12500,0,0,0,A08,개인,F
N,1,10000,10000,0,0,0,0,A04,개인,M
N,3,8900,0,7500,0,0,0,A05,개인,F
N,1,5000,0,5000,0,0,0,A05,개인,F
N,4,54600,14900,39700,0,0,0,A03,개인,F
N,8,15900,9500,5000,0,0,0,A06,개인,M
N,4,9900,3500,6400,0,0,0,A07,개인,F
N,1,1400,0,1400,0,0,0,_,법인사업자,F
N,3,4200,0,0,1400,2800,0,A05,개인,F
N,1,2500,2500,0,0,0,0,A04,개인,M
N,3,7500,0,0,0,5000,0,A11,개인,M
N,2,16400,0,0,0,0,0,A05,개인,M
N,2,12000,5000,7000,0,0,0,A10,개인,M
N,1,10000,10000,0,0,0,0,A07,개인,F
Y,1,1400,0,0,0,0,1400,_,정식단체,F
N,9,82700,10000,0,0,0,0,A04,개인,F
N,4,15000,0,10000,0,0,0,A06,개인,F
N,2,20000,0,20000,0,0,0,A05,개인,M
N,1,2500,0,2500,0,0,0,A08,개인,F
N,1,2500,0,0,0,2500,0,A04,개인,F
N,1,2500,2500,0,0,0,0,A11,개인사업자,M
N,2,16300,14900,0,0,0,1400,A04,개인,M
N,2,7900,0,0,0,0,0,A03,개인,M
N,1,6500,0,0,0,0,0,A05,개인,M
N,2,5000,0,0,0,0,0,A06,개인,F
N,2,12000,5000,7000,0,0,0,A05,개인,F
N,3,29500,0,0,0,0,0,A05,개인,M
N,1,14900,0,14900,0,0,0,A04,개인,F
N,2,2800,2800,0,0,0,0,A05,개인,M
N,1,2500,0,0,0,2500,0,A09,개인,F
N,1,2500,0,2500,0,0,0,A09,개인사업자,F
N,1,1400,1400,0,0,0,0,A08,개인,F
N,2,5000,0,2500,0,0,0,A09,개인,M
N,1,6500,0,0,0,0,0,A06,개인,M
N,1,2500,0,2500,0,0,0,A09,개인,M
N,4,8900,7500,0,0,0,0,A08,개인,M
N,2,7500,0,5000,0,0,0,A05,개인,M
N,2,7900,0,1400,6500,0,0,A10,개인,M
N,13,40100,7800,10000,0,2500,7000,A08,개인,M
N,10,41400,21400,5000,0,0,0,A04,개인,F
N,2,3900,3900,0,0,0,0,A09,개인,F
N,1,2500,2500,0,0,0,0,A07,개인,M
N,1,1400,1400,0,0,0,0,A10,개인,F
N,2,5000,5000,0,0,0,0,A09,개인,F
N,6,17000,14200,1400,0,0,0,A06,개인,F
N,1,10000,10000,0,0,0,0,A08,개인,F
N,2,5000,0,0,0,0,0,A07,개인,F
N,1,1400,0,1400,0,0,0,A05,개인,F
N,1,4000,4000,0,0,0,0,A05,개인,M
N,1,1400,0,0,0,1400,0,A09,개인,M
N,2,12500,0,10000,0,0,0,_,법인사업자,F
N,1,10000,0,10000,0,0,0,A11,개인,F
N,2,15000,10000,0,0,5000,0,A05,개인사업자,F
N,1,2500,0,0,0,0,0,A03,개인,F
N,1,2500,0,0,0,0,0,A08,개인,M
N,1,2500,0,0,0,0,0,A02,개인,M
N,2,3900,3900,0,0,0,0,A10,개인,M
N,1,2500,2500,0,0,0,0,A06,개인사업자,F
N,1,2500,0,0,2500,0,0,A04,개인,F
N,3,10000,0,7500,0,0,0,A06,개인,F
N,1,5000,0,0,5000,0,0,A04,개인,M
N,1,2500,0,2500,0,0,0,A05,개인,F
N,3,6400,0,0,2500,0,0,A07,개인사업자,M
N,2,2400,0,0,0,1000,0,A08,개인,M
N,3,14500,2500,7000,5000,0,0,A06,개인,M
N,2,7500,5000,2500,0,0,0,A06,개인,F
Y,1,2500,0,0,0,0,2500,_,법인사업자,F
N,1,10000,0,10000,0,0,0,A12,개인,F
N,1,10000,0,10000,0,0,0,A06,개인,F
N,2,2800,0,0,0,0,0,A05,개인,M
N,8,22000,3900,10000,0,3900,1400,A07,개인,M
N,4,24900,0,0,0,0,0,A06,개인,M
N,2,11400,10000,0,0,1400,0,A05,개인,M
N,1,10000,0,10000,0,0,0,A04,개인,M
N,4,35000,0,35000,0,0,0,A07,개인,M
N,2,12000,0,7000,0,0,0,_,개인,F
N,1,10000,0,10000,0,0,0,A08,개인,F
N,1,1400,0,0,0,1400,0,A08,개인,F
N,1,10000,0,10000,0,0,0,A07,개인,M
N,3,13500,13500,0,0,0,0,A06,개인,F
N,1,5000,0,0,0,0,0,A06,개인,M
N,1,5000,5000,0,0,0,0,A08,개인,M
N,3,17500,0,15000,0,0,0,A05,개인,F
N,2,7500,5000,2500,0,0,0,A09,개인,F
N,1,1400,0,0,0,0,0,A08,개인,M
N,1,10000,0,10000,0,0,0,A09,개인,M
N,1,5000,0,5000,0,0,0,A09,개인,M
N,2,12500,0,10000,0,2500,0,A06,개인,F
N,2,20000,10000,10000,0,0,0,A07,개인,F
N,1,1400,1400,0,0,0,0,A08,개인,F
Y,1,2500,0,0,0,0,2500,A08,개인,F
N,1,1400,0,1400,0,0,0,A07,개인,F
N,1,2500,0,0,0,0,0,A05,개인,F
N,2,12500,0,0,0,0,0,A10,개인,F
N,2,5000,5000,0,0,0,0,A07,개인,M
N,1,10000,10000,0,0,0,0,A03,개인,F
N,1,1400,0,1400,0,0,0,A08,개인,F
N,1,2500,0,0,0,0,0,A06,개인,M
Y,3,5300,0,0,0,0,5300,A03,개인,F
N,2,15000,0,15000,0,0,0,A09,개인,F
N,1,1400,0,1400,0,0,0,A06,개인사업자,M
N,4,20400,0,0,20400,0,0,A07,개인,M
N,1,2500,2500,0,0,0,0,A07,개인,M
N,2,3900,0,0,3900,0,0,A10,개인사업자,M
N,1,10000,0,10000,0,0,0,A10,개인,F
N,2,2800,1400,0,1400,0,0,A04,개인,F
N,2,17000,10000,7000,0,0,0,A08,개인,F
N,5,21400,11400,5000,2500,2500,0,A04,개인,M
N,1,10000,0,10000,0,0,0,A04,개인,F
N,1,2500,0,0,0,0,0,A10,개인사업자,F
N,1,2500,0,0,0,0,0,A02,개인,M
N,1,2500,0,0,0,2500,0,A06,개인,F
N,1,2500,0,0,0,0,0,A04,개인,M
N,3,11000,5000,6000,0,0,0,A07,개인,F
N,3,15000,5000,10000,0,0,0,A07,개인,F
N,1,2500,0,0,0,0,0,A08,개인,M
N,2,12500,0,0,0,0,0,A06,개인,F
N,3,13800,0,1400,0,0,0,A07,개인,F
N,1,2000,0,2000,0,0,0,A07,개인,M
N,1,7000,0,7000,0,0,0,A02,개인,M
N,1,5000,0,0,0,5000,0,A05,개인,M
N,1,2500,2500,0,0,0,0,A06,개인,F
N,2,21400,14900,0,0,6500,0,A03,개인,F
N,1,5000,0,5000,0,0,0,A08,개인,M
N,1,10000,10000,0,0,0,0,A04,개인,M
N,1,5000,0,0,0,0,0,A12,개인,M
N,1,6500,0,0,0,0,0,A07,개인,F
N,5,10600,5600,5000,0,0,0,A07,개인,M
N,1,10000,0,10000,0,0,0,A08,개인,M
N,2,12500,10000,0,0,2500,0,A13,개인,F
N,1,10000,0,10000,0,0,0,A07,개인사업자,F
N,1,10000,10000,0,0,0,0,A07,개인사업자,M
N,3,12800,1400,10000,0,1400,0,A10,개인,M
N,1,2500,0,0,0,0,0,A08,개인,F
N,11,25700,11200,12000,0,0,2500,A07,개인,F
N,1,10000,0,10000,0,0,0,A04,개인,M
N,2,10000,0,10000,0,0,0,A07,개인,M
N,2,7500,0,7500,0,0,0,A10,개인,F
N,1,5000,0,5000,0,0,0,A09,개인,F
N,2,3900,3900,0,0,0,0,A08,개인,M
N,6,11700,10300,0,0,0,0,A07,개인,M
Y,1,2500,0,0,0,0,2500,A05,개인,F
N,4,24000,0,19000,0,0,0,A09,개인,F
N,1,5000,0,5000,0,0,0,A04,개인,F
N,1,2500,0,0,0,2500,0,A08,개인,M
N,1,2500,0,0,0,0,0,A10,개인,F
N,1,5000,0,0,0,0,0,A09,개인,F
N,4,30000,20000,10000,0,0,0,A07,개인,M
N,2,13500,0,13500,0,0,0,A10,개인,M
N,1,10000,10000,0,0,0,0,A09,개인,M
N,2,3900,2500,0,0,0,0,A09,개인,M
N,1,2500,2500,0,0,0,0,A05,개인,F
N,2,7500,0,0,5000,0,2500,A08,개인,M
N,1,2500,0,0,0,0,0,A08,개인,M
N,6,20800,2500,1400,0,0,0,A06,개인,M
N,1,2500,0,0,2500,0,0,A08,개인,F
N,2,14900,0,0,0,0,0,A05,개인,M
N,5,28400,10000,12000,0,0,1400,A07,개인,M
N,1,1400,0,0,0,0,1400,_,법인사업자,F
N,3,22500,12500,10000,0,0,0,A06,개인,F
N,4,18900,10000,2500,0,0,0,A06,개인,M
Y,7,26400,0,10000,0,0,16400,A07,개인,F
N,1,2500,0,0,0,0,0,A08,개인,F
N,1,5000,0,5000,0,0,0,_,개인사업자,F
N,1,2500,0,0,0,0,0,A08,개인,F
N,1,5000,0,5000,0,0,0,A10,개인,M
N,2,17000,10000,7000,0,0,0,A06,개인,M
N,1,2500,2500,0,0,0,0,A09,개인,M
N,2,2800,1400,1400,0,0,0,A06,개인,F
N,9,22500,7500,2500,0,5000,0,A09,개인,M
N,1,1400,0,0,0,0,0,A05,개인,M
N,1,10000,10000,0,0,0,0,A10,개인,F
N,2,12500,0,12500,0,0,0,A04,개인,M
N,1,5000,0,5000,0,0,0,A07,개인사업자,M
N,1,2500,0,0,0,0,0,A02,개인,M
N,1,2500,0,0,2500,0,0,A05,개인,M
N,2,12500,10000,0,0,0,0,A08,개인,F
N,2,16400,0,0,0,0,0,A05,개인,M
N,1,2500,0,0,0,0,0,A07,개인,M
N,3,12800,1400,11400,0,0,0,A06,개인,F
N,4,24500,12500,7000,0,0,5000,A08,개인,F
N,2,12000,7000,0,5000,0,0,A08,개인,F
Y,1,6500,0,0,0,0,0,A07,개인,F
Y,1,2500,0,0,0,0,2500,A06,개인,F
N,3,6400,3900,0,0,2500,0,A07,개인,M
N,1,5000,0,5000,0,0,0,A04,개인,F
N,3,14900,0,0,0,0,0,A06,개인,F
N,2,20000,0,0,0,0,0,A05,개인,F
N,3,10000,2500,5000,0,2500,0,A07,개인,M
N,2,20000,20000,0,0,0,0,A05,개인,M
N,3,16400,5000,10000,0,0,0,A05,개인,F
N,1,10000,10000,0,0,0,0,A09,개인,F
N,4,40000,10000,30000,0,0,0,A08,개인,M
N,2,7900,6500,0,0,1400,0,A08,개인,F
N,2,8400,0,8400,0,0,0,A07,개인,M
N,2,20000,10000,10000,0,0,0,A05,개인,F
N,2,7500,0,0,0,0,2500,A08,개인,F
N,2,11400,10000,0,0,1400,0,A08,개인,M
N,2,5000,2500,0,0,2500,0,A05,개인,F
N,2,11000,1000,0,10000,0,0,A09,개인,F
N,1,1400,0,0,1400,0,0,A04,개인,M
N,1,10000,10000,0,0,0,0,A08,개인,M
N,2,7900,0,1400,0,0,0,A06,개인,F
N,1,2500,0,2500,0,0,0,A06,개인,M
N,3,23000,13000,10000,0,0,0,A04,개인,M
N,1,7500,7500,0,0,0,0,A07,개인,F
N,1,5000,0,0,0,0,0,A10,개인,M
N,3,7500,2500,0,0,0,0,A07,개인,M
N,4,31300,26300,0,0,0,0,_,법인사업자,F
N,1,10000,0,10000,0,0,0,A05,개인,M
N,2,3900,0,2500,0,0,0,A09,개인,F
Y,1,2500,0,0,0,0,2500,A08,개인,M
N,1,1400,0,0,1400,0,0,A07,개인,F
N,1,2500,2500,0,0,0,0,A09,개인,F
N,1,2500,2500,0,0,0,0,A05,개인,M
N,1,10000,10000,0,0,0,0,A05,개인,F
N,5,12800,2500,5300,0,0,0,A07,개인사업자,F
N,1,2500,0,0,0,2500,0,A03,개인,M
N,1,1400,1400,0,0,0,0,A04,개인,M
N,1,5000,0,0,0,5000,0,A07,개인,F
N,4,21400,10000,5000,1400,0,0,A09,개인,F
N,2,12500,10000,0,0,2500,0,A07,개인,M
N,2,13000,0,0,0,0,0,A06,개인,M
N,5,25300,11400,12500,0,0,1400,A07,개인,F
N,6,10600,6400,1400,0,0,1400,A06,개인,M
N,3,34900,14900,20000,0,0,0,_,법인사업자,F
N,8,33500,5000,16000,0,0,0,A07,개인,F
N,1,5000,5000,0,0,0,0,A07,개인사업자,F
N,1,1400,1400,0,0,0,0,A06,개인,F
N,1,6500,0,0,0,0,6500,A06,개인,M
N,2,2800,1400,0,0,0,0,A04,개인,M
N,2,10000,5000,5000,0,0,0,A06,개인,F
N,1,1400,0,0,0,1400,0,A03,개인,F
N,1,10000,0,10000,0,0,0,A07,개인,M
N,1,10000,10000,0,0,0,0,A08,개인,F
N,17,29300,11200,1400,0,0,0,A07,개인사업자,M
N,2,8550,7500,0,0,0,1050,A08,개인,F
N,1,2500,0,0,0,2500,0,A08,개인,F
N,6,22000,9500,5000,0,0,0,A09,개인,F
N,1,6500,6500,0,0,0,0,A04,개인,M
N,1,2500,0,2500,0,0,0,A05,개인,F
N,1,10000,0,10000,0,0,0,A07,개인,F
N,1,14900,0,14900,0,0,0,A05,개인,F
N,1,9900,0,9900,0,0,0,A11,개인,M
N,3,15000,2500,10000,0,0,0,A07,개인,F
N,1,10000,10000,0,0,0,0,A08,개인,M
N,6,44900,15000,27400,0,0,0,A09,개인,F
N,1,7000,0,7000,0,0,0,_,법인사업자,M
N,2,5000,0,0,0,0,0,A08,개인,F
N,1,6500,0,0,0,0,0,A06,개인,M
N,4,11400,2500,0,2500,0,0,_,공공기관,M
N,1,10000,0,10000,0,0,0,A09,개인,M
N,2,24900,14900,10000,0,0,0,A05,개인,F
N,2,6400,0,1400,0,0,0,A06,개인,M
N,1,7000,0,7000,0,0,0,A08,개인,M
N,3,13400,0,13400,0,0,0,A09,개인,F
N,2,12500,10000,0,0,0,2500,A08,개인,F
N,1,6500,0,0,0,0,0,A04,개인,M
N,7,37000,12500,17000,0,0,2500,A06,개인,F
N,1,10000,10000,0,0,0,0,A07,개인,F
N,1,1400,1400,0,0,0,0,A04,개인,F
N,5,42000,27000,15000,0,0,0,A06,개인,M
N,1,7000,0,7000,0,0,0,A08,개인,M
N,4,7800,1400,5000,0,0,0,A09,개인,M
N,1,1400,0,0,0,0,0,A05,개인,F
N,1,5000,0,0,0,0,0,A08,개인,M
N,1,4500,4500,0,0,0,0,A08,개인,M
N,1,2500,0,0,2500,0,0,A14,개인,M
N,1,2500,0,2500,0,0,0,A04,개인,M
N,1,1400,1400,0,0,0,0,A08,개인,F
N,1,10000,0,0,0,0,0,A05,개인,M
N,2,20000,10000,10000,0,0,0,_,개인,M
N,1,2500,0,0,0,0,0,A04,개인,F
N,1,5000,5000,0,0,0,0,A10,개인,F
N,1,10000,10000,0,0,0,0,A09,개인,F
N,3,4200,1400,0,0,0,1400,A04,개인,F
N,3,16400,0,15000,1400,0,0,A10,개인,F
N,1,2500,0,0,0,0,0,A07,개인,M
N,1,6500,0,0,0,0,0,A10,개인,F
N,1,2500,0,2500,0,0,0,A08,개인,M
N,2,20000,0,20000,0,0,0,A07,개인,M
N,2,12000,0,5000,0,0,0,A07,개인,M
N,4,35000,25000,10000,0,0,0,A08,개인,F
N,1,2500,2500,0,0,0,0,A07,개인,F
N,3,10000,0,5000,0,5000,0,A05,개인,M
N,1,1400,1400,0,0,0,0,A10,개인,F
N,1,10000,0,10000,0,0,0,A05,개인,M
Y,2,9000,0,0,0,6500,2500,A07,개인,M
N,1,1400,0,0,1400,0,0,A07,개인,F
N,1,14900,0,14900,0,0,0,A12,개인,M
N,1,1400,0,0,0,1400,0,A06,개인,M
N,1,1400,1400,0,0,0,0,A06,개인,F
N,1,5000,0,0,0,0,0,A05,개인,F
N,1,10000,0,10000,0,0,0,A08,개인,F
Y,2,9500,0,7000,0,0,2500,A08,개인,M
Y,2,2800,0,0,0,0,1400,A06,개인,M
N,1,1400,0,1400,0,0,0,A07,개인,F
N,3,30000,10000,20000,0,0,0,A09,개인,M
N,1,5000,0,0,0,0,0,A05,개인,M
N,2,5000,0,0,0,0,0,A04,개인,M
N,4,35000,25000,10000,0,0,0,_,법인사업자,M
N,4,7800,0,2500,5300,0,0,A10,개인,F
N,1,5000,0,0,0,0,0,A07,개인,M
N,2,15000,0,10000,0,0,0,A07,개인,M
N,1,1400,1400,0,0,0,0,A13,개인사업자,F
N,1,10000,10000,0,0,0,0,A09,개인,M
N,3,7500,2500,5000,0,0,0,A08,개인,M
N,1,5000,0,5000,0,0,0,A05,개인,M
N,3,13400,1400,7000,0,0,5000,A09,개인,M
N,7,47800,15000,20000,0,0,10000,A07,개인,F
N,1,5000,0,0,0,0,0,A09,개인,F
N,1,1400,0,0,0,1400,0,A08,개인,F
N,12,19000,0,5300,0,13700,0,A11,개인,F
N,6,22200,8200,6500,0,2500,0,A12,개인,F
N,1,1400,0,0,0,1400,0,A05,개인,F
N,1,10000,10000,0,0,0,0,A09,개인,M
N,1,5000,0,5000,0,0,0,A04,개인,M
N,1,2500,0,0,0,0,0,_,개인사업자,M
N,4,15300,1400,10000,0,0,0,A06,개인,M
N,5,17500,2500,0,0,0,1000,A07,개인,F
N,2,3900,1400,2500,0,0,0,A06,개인,M
N,5,11400,0,0,0,0,0,A05,개인,M
N,2,3900,0,0,3900,0,0,A10,개인,M
N,2,2800,0,2800,0,0,0,A10,개인,M
N,1,1400,0,0,0,0,0,A10,개인,F
N,1,2500,0,0,0,0,0,A04,개인,F
N,1,10000,0,10000,0,0,0,A12,개인,M
Y,1,2500,0,0,0,0,2500,A08,개인,F
N,1,1400,0,0,0,0,0,A07,개인,M
N,1,10000,10000,0,0,0,0,A07,개인,M
N,1,1400,0,0,0,0,0,A08,개인,F
N,2,12500,12500,0,0,0,0,A07,개인,M
N,1,5000,0,0,0,5000,0,A09,개인,M
N,3,10900,3900,7000,0,0,0,A05,개인,M
N,1,10000,10000,0,0,0,0,A06,개인,M
N,1,10000,0,10000,0,0,0,A09,개인,M
N,1,10000,10000,0,0,0,0,A06,개인,M
N,1,2500,0,0,0,0,0,A03,개인,M
N,1,10000,0,10000,0,0,0,A03,개인,M
N,4,25000,12500,12500,0,0,0,A08,개인,F
N,1,1400,0,0,1400,0,0,A10,개인,M
N,3,27400,24900,0,0,0,0,A06,개인,M
N,2,13000,0,0,0,0,0,A04,개인,F
N,1,10000,0,10000,0,0,0,A03,개인,M
N,4,11400,2500,7500,0,0,0,A09,개인,F
N,2,9000,9000,0,0,0,0,A07,개인,M
N,5,12800,2800,10000,0,0,0,A11,개인,M
N,3,22000,0,22000,0,0,0,A04,개인,F
N,1,2500,0,0,0,0,0,A06,개인,F
N,1,10000,0,10000,0,0,0,A07,개인,F
N,4,27500,15000,12500,0,0,0,A06,개인,M
N,1,13600,0,0,0,0,0,A10,개인사업자,M
N,2,15000,10000,5000,0,0,0,A08,개인,M
N,1,10000,0,10000,0,0,0,A10,개인,F
N,1,5000,5000,0,0,0,0,A08,개인,F
N,6,11700,2500,1400,0,0,3900,A05,개인,F
N,4,40000,20000,20000,0,0,0,A08,개인,F
N,2,5000,0,2500,2500,0,0,A04,개인,M
N,7,16700,6400,1400,0,0,0,A09,개인,F
N,1,2500,0,0,0,0,0,A03,개인,F
N,1,10000,10000,0,0,0,0,A02,개인,M
N,1,2500,2500,0,0,0,0,A07,개인,F
N,1,10000,10000,0,0,0,0,A06,개인,F
Y,4,15400,0,0,0,5000,1400,A08,개인,M
N,2,9000,0,2500,0,0,0,A04,개인,F
N,1,10000,0,10000,0,0,0,A08,개인,F
N,1,5000,5000,0,0,0,0,A10,개인,F
N,5,26400,0,21400,0,0,0,A06,개인,F
N,1,1400,0,1400,0,0,0,A07,개인,M
N,1,10000,10000,0,0,0,0,A10,개인,F
N,4,7800,2500,1400,0,0,0,A03,개인,M
N,1,2500,0,0,0,0,0,A10,개인,M
N,7,41400,6500,24900,0,0,0,A04,개인,M
N,2,14000,14000,0,0,0,0,_,법인사업자,F
N,1,10000,10000,0,0,0,0,A06,개인,M
N,3,18400,0,17000,0,1400,0,A06,개인,M
N,1,10000,10000,0,0,0,0,A07,개인,F
N,2,7500,0,7500,0,0,0,A07,개인,F
N,1,1400,0,1400,0,0,0,A08,개인,F
N,1,2500,0,0,0,0,0,A02,개인,F
N,1,2500,0,0,0,0,0,A07,개인,M
N,1,9900,9900,0,0,0,0,A07,개인,M
N,1,10000,0,0,0,10000,0,A12,개인,M
N,1,2500,2500,0,0,0,0,A03,개인,F
N,1,14900,14900,0,0,0,0,A08,개인,M
N,3,5300,0,3900,1400,0,0,A05,개인,M
N,2,5000,0,0,0,0,0,A06,개인,M
N,3,19000,0,19000,0,0,0,A06,개인,F
N,1,2500,0,2500,0,0,0,A06,개인,F
N,5,29900,12900,17000,0,0,0,A07,개인,F
N,1,2500,0,0,0,0,0,A10,개인,M
N,4,11200,1400,7000,0,0,1400,A07,개인,M
N,4,17500,2500,0,0,0,0,A11,개인,F
N,1,5000,5000,0,0,0,0,A09,개인,M
N,3,5300,0,0,0,1400,1400,_,법인사업자,M
N,1,1400,0,0,0,0,0,A08,개인,M
N,1,2500,2500,0,0,0,0,A10,개인,M
N,2,12500,0,10000,0,0,0,A05,개인,F
N,1,5000,0,0,0,0,0,A09,개인,F
N,2,12500,0,10000,0,0,0,A10,개인,F
N,1,2500,0,2500,0,0,0,A04,개인,M
N,1,5000,0,0,0,0,0,A11,개인,M
N,4,7800,6400,0,0,0,0,A10,개인,M
N,1,1400,0,0,0,0,0,A07,개인,F
N,1,5000,5000,0,0,0,0,A05,개인,M
N,1,10000,0,10000,0,0,0,A08,개인,F
N,1,2500,0,0,0,0,0,A04,개인,F
N,3,5300,0,1400,1400,2500,0,A07,개인,M
N,1,1400,0,0,1400,0,0,A09,개인,M
N,1,2500,2500,0,0,0,0,A09,개인,M
N,1,1400,0,0,0,1400,0,A09,개인,F
N,2,12500,0,10000,2500,0,0,A03,개인,M
N,1,1400,0,1400,0,0,0,A11,개인,F
N,1,6500,0,0,0,0,0,A05,개인,M
N,3,15000,5000,10000,0,0,0,A03,개인,F
N,1,1400,0,0,1400,0,0,A04,개인사업자,F
N,1,1400,0,0,0,0,0,A04,개인사업자,F
N,4,37000,7000,30000,0,0,0,A08,개인,F
N,2,16500,0,0,10000,6500,0,A08,개인,M
N,1,1400,0,1400,0,0,0,A08,개인,M
N,4,8900,5000,0,0,0,0,A04,개인,F
N,1,1400,0,0,0,0,0,A06,개인,M
N,1,2500,2500,0,0,0,0,A12,개인,F
N,1,1400,0,0,0,1400,0,A06,개인,M
N,1,10000,10000,0,0,0,0,_,법인사업자,F
N,5,17800,10000,0,0,0,0,A06,개인,F
N,3,18400,0,17000,0,0,0,A11,개인,F
N,1,1400,1400,0,0,0,0,A05,개인,F
N,1,2500,0,2500,0,0,0,A06,개인,M
N,4,10300,0,3900,6400,0,0,A10,개인,M
N,3,14500,0,14500,0,0,0,A09,개인,F
N,22,37300,12000,11500,0,0,0,A08,개인,M
N,1,10000,0,10000,0,0,0,A04,개인,F
N,1,1400,0,0,0,1400,0,A11,개인,M
N,3,13400,0,0,0,0,1400,A06,개인,F
N,1,1400,0,0,1400,0,0,A06,개인,M
N,1,5000,5000,0,0,0,0,A07,개인,F
N,1,5000,0,0,0,0,0,A07,개인,M
N,5,7000,7000,0,0,0,0,A04,개인사업자,F
N,1,6500,0,0,0,0,0,A10,개인,M
N,2,7500,5000,2500,0,0,0,A08,개인,F
N,1,6500,0,0,0,0,0,A05,개인,M
N,2,10000,0,10000,0,0,0,A09,개인,M
N,2,5000,0,2500,0,0,0,A05,개인,M
N,4,6700,0,0,0,2500,0,A08,개인,M
N,14,28400,0,8100,15300,0,0,A07,개인사업자,M
N,1,10000,10000,0,0,0,0,A06,개인,F
N,1,1400,1400,0,0,0,0,A07,개인,F
N,6,36800,10000,24000,2800,0,0,A07,개인,F
Y,1,5000,0,0,0,0,5000,A04,개인,M
N,1,2500,0,0,0,0,0,A04,개인,M
N,4,7800,3900,0,0,2500,0,A06,개인,F
N,1,10000,10000,0,0,0,0,A08,개인,M
N,2,11400,10000,1400,0,0,0,A05,개인,F
N,2,11400,0,10000,0,1400,0,A12,개인사업자,M
N,1,5000,0,0,0,0,0,A03,개인,F
N,3,25000,10000,10000,0,0,0,A07,개인,M
N,2,12000,0,0,0,0,0,A04,개인,M
N,1,2500,0,0,2500,0,0,A07,개인,F
N,3,12500,0,10000,0,0,0,_,법인사업자,M
N,6,36400,10000,10000,0,5000,0,A09,개인,M
N,1,2500,0,2500,0,0,0,A06,개인,M
N,1,1400,0,0,0,0,0,A07,개인,F
N,1,10000,10000,0,0,0,0,A04,개인,F
N,1,5000,0,5000,0,0,0,A07,개인,F
Y,2,17000,7000,0,0,0,10000,A10,개인,M
N,1,10000,0,0,0,0,0,A04,개인,M
N,3,15000,0,0,0,0,0,A07,개인,F
N,1,1400,0,0,0,0,0,A08,개인,F
N,2,16500,0,0,0,0,0,A05,개인,M
N,1,10000,0,0,0,10000,0,_,개인,M
N,1,2500,0,0,0,0,2500,A04,개인,F
N,1,6500,0,0,0,0,0,A05,개인,M
N,2,2800,0,2800,0,0,0,A13,개인사업자,M
N,3,20000,5000,10000,5000,0,0,A08,개인사업자,M
N,2,9500,0,7000,0,0,0,A10,개인,F
N,1,2500,0,2500,0,0,0,A04,개인,M
N,1,10000,10000,0,0,0,0,A03,개인,F
N,1,5000,0,5000,0,0,0,A02,개인,M
N,2,17000,10000,7000,0,0,0,A03,개인,M
N,3,17000,17000,0,0,0,0,A07,개인,M
N,2,7500,2500,5000,0,0,0,A06,개인,M
N,3,22500,20000,0,0,0,0,A08,개인,F
N,1,10000,10000,0,0,0,0,A04,개인,F
N,2,7500,0,0,0,0,0,A07,개인,M
N,2,11400,0,10000,0,1400,0,A08,개인,F
N,2,17000,0,7000,0,0,0,A05,개인,F
N,1,10000,0,10000,0,0,0,A08,개인,M
N,2,3900,1400,0,0,0,0,A04,개인,M
N,2,12500,2500,0,0,0,0,A06,개인,F
N,7,42000,35000,7000,0,0,0,A09,개인,F
N,3,4900,0,1000,3900,0,0,A09,개인,F
N,1,1400,0,0,1400,0,0,A07,개인,F
N,2,2800,0,0,0,0,0,A04,개인,F
N,3,4200,0,0,0,0,1400,_,법인사업자,M
N,2,12500,2500,10000,0,0,0,A10,개인사업자,M
N,2,3900,0,0,0,1400,0,A08,개인,M
N,1,2500,0,0,0,2500,0,A07,개인,M
N,2,5000,0,5000,0,0,0,A08,개인,M
N,1,7000,0,7000,0,0,0,A04,개인,M
N,4,25000,12500,10000,0,0,0,A08,개인,F
N,2,20000,10000,10000,0,0,0,A05,개인,F
N,2,5000,0,2500,0,0,0,A03,개인,M
N,4,20000,0,5000,0,0,0,A07,개인,M
N,1,10000,0,0,0,0,0,A05,개인,F
N,1,9900,0,9900,0,0,0,A04,개인,M
N,7,19300,0,0,0,2500,0,A03,개인,F
N,1,10000,10000,0,0,0,0,A07,개인사업자,F
N,1,10000,10000,0,0,0,0,A06,개인,M
N,2,5000,0,2500,0,0,0,A05,개인,F
N,1,1400,0,1400,0,0,0,A10,개인,F
N,9,26700,5000,10000,0,0,0,A07,개인,F
N,1,1400,0,1400,0,0,0,A09,개인,M
N,5,12800,1400,6400,0,0,0,A09,개인,M
N,3,40300,0,2500,1400,0,0,A06,개인,F
N,1,1400,0,0,1400,0,0,A07,개인,M
N,5,29500,0,22000,0,0,2500,A09,개인,F
N,1,2500,0,0,0,0,0,A04,개인,M
Y,1,2500,0,2500,0,0,0,A07,개인,F
N,1,5000,0,5000,0,0,0,A07,개인,M
N,1,6500,6500,0,0,0,0,A07,개인,F
N,2,5000,2500,2500,0,0,0,_,법인사업자,F
N,2,4600,0,3200,0,0,0,A08,개인,M
N,1,7000,7000,0,0,0,0,A06,개인,F
N,2,12500,12500,0,0,0,0,A06,개인,F
N,7,26400,21400,5000,0,0,0,A08,개인,F
N,1,2500,0,0,0,0,0,A08,개인,F
N,4,29500,10000,17000,0,0,0,A08,개인,M
N,1,2500,2500,0,0,0,0,A10,개인사업자,M
N,4,16400,10000,3900,0,0,0,A09,개인,F
N,1,5000,0,0,0,0,0,A05,개인,F
N,1,2500,0,0,0,0,0,A04,개인,M
N,1,1400,0,0,0,0,0,A05,개인,F
N,5,12800,0,7500,1400,0,0,A03,개인,F
N,3,8900,0,6400,0,0,0,A06,개인,M
N,2,7500,0,0,0,2500,0,A05,개인,M
N,3,6400,0,6400,0,0,0,A06,개인,F
N,5,18900,10000,0,5000,0,0,A08,개인,M
N,1,2500,2500,0,0,0,0,A07,개인,F
N,1,5000,5000,0,0,0,0,A10,개인,F
N,2,10000,5000,5000,0,0,0,A13,개인,M
N,3,19500,10000,7000,0,0,0,A08,개인,M
N,1,7000,0,7000,0,0,0,A05,개인,F
N,1,1400,0,0,0,1400,0,A05,개인,F
N,1,5000,5000,0,0,0,0,A07,개인,M
N,1,5000,0,0,0,5000,0,A08,개인,F
N,1,10000,10000,0,0,0,0,A08,개인,M
N,1,5000,0,0,0,0,0,A08,개인,M
N,3,30000,10000,20000,0,0,0,A05,개인,F
N,1,10000,10000,0,0,0,0,A09,개인,M
N,4,22000,2500,7000,0,0,2500,A07,개인,M
N,2,3900,2500,0,0,0,0,A06,개인사업자,M
N,1,2500,2500,0,0,0,0,A09,개인,F
N,9,18100,12800,1400,0,0,1400,A08,개인,M
N,1,2500,2500,0,0,0,0,A10,개인,F
N,1,2500,0,2500,0,0,0,A07,개인,F
N,1,1400,0,1400,0,0,0,A09,개인,M
N,1,10000,0,10000,0,0,0,A03,개인,M
N,4,20000,2500,10000,0,0,2500,A10,개인,F
N,2,2800,0,0,0,0,0,A10,개인,F
N,2,6400,0,6400,0,0,0,A06,개인,F
N,2,3900,0,0,0,0,0,A04,개인,F
Y,1,2500,0,0,0,0,2500,A05,개인,M
N,1,10000,0,10000,0,0,0,A08,개인,F
N,1,7000,7000,0,0,0,0,A05,개인,M
N,1,2500,0,2500,0,0,0,A10,개인,M
N,2,10000,5000,0,0,0,0,A07,개인,F
N,1,10000,0,10000,0,0,0,A03,개인,M
N,2,6400,1400,0,0,0,0,A08,개인,M
Y,20,45700,11700,5600,1400,2500,16700,A09,개인,M
N,2,3900,3900,0,0,0,0,A10,개인,M
N,7,33900,17500,0,0,0,0,A05,개인,F
N,7,39500,17000,12500,0,0,0,A05,개인,M
N,3,21400,11400,10000,0,0,0,_,법인사업자,F
N,1,1400,0,1400,0,0,0,A05,개인,M
N,1,2500,0,2500,0,0,0,A08,개인,F
N,1,10000,0,10000,0,0,0,A03,개인,M
N,1,7000,0,7000,0,0,0,A04,개인,F
N,2,11400,0,0,0,1400,0,A06,개인,F
N,2,10000,0,0,0,0,0,A08,개인,F
N,7,36000,2500,21000,0,2500,0,A08,개인,M
N,2,12500,10000,0,0,0,2500,A05,개인,M
N,1,6500,0,0,0,0,0,A05,개인,M
N,3,17000,14500,0,0,0,0,A04,개인,M
N,2,15000,0,0,0,0,0,A09,개인사업자,F
N,2,15000,0,10000,0,5000,0,A06,개인,M
N,1,3200,3200,0,0,0,0,A08,개인,F
N,1,10000,0,10000,0,0,0,A09,개인,M
N,1,7000,0,7000,0,0,0,A07,개인,F
N,1,5000,0,5000,0,0,0,A08,개인,M
N,1,2500,0,0,0,2500,0,A12,개인사업자,M
N,1,2500,0,2500,0,0,0,A10,개인,F
N,4,20400,10000,0,0,3900,0,A05,개인,M
N,4,16400,1400,0,12500,2500,0,A08,개인,F
N,6,31400,0,13900,10000,2500,0,A14,개인,M
N,2,6400,0,5000,0,0,0,A08,개인,F
N,6,16400,1400,15000,0,0,0,A10,개인,M
N,2,11400,10000,0,0,0,0,A05,개인,F
N,2,13000,0,0,0,0,0,A03,개인,M
N,2,12500,0,12500,0,0,0,A05,개인,F
N,3,16400,16400,0,0,0,0,A05,개인,F
N,1,2500,2500,0,0,0,0,A04,개인,F
N,1,5000,0,0,0,0,0,A03,개인,F
N,3,13400,7000,6400,0,0,0,A07,개인,F
N,2,11400,10000,0,0,1400,0,A07,개인,M
N,2,20000,0,20000,0,0,0,A08,개인,M
N,3,12800,10000,1400,0,0,0,A07,개인,M
N,4,22500,15000,5000,0,0,0,A10,개인,M
N,1,2500,0,0,0,0,2500,A09,개인,M
N,1,1400,1400,0,0,0,0,A07,개인,M
N,2,9500,0,7000,0,0,0,A06,개인,M
N,1,1400,1400,0,0,0,0,A08,개인,F
N,8,40400,11400,15000,0,9000,0,A07,개인,F
N,2,3900,0,0,0,0,0,A06,개인,F
N,1,10000,0,10000,0,0,0,_,법인사업자,F
N,1,5000,5000,0,0,0,0,A08,개인,F
N,4,17500,7500,0,0,0,0,A08,개인,F
N,1,10000,0,10000,0,0,0,A03,개인,M
N,1,10000,0,10000,0,0,0,A05,개인,F
N,2,7500,5000,0,0,0,0,A03,개인,M
N,1,2500,0,0,0,0,0,A16,개인,M
N,7,21700,10000,0,0,0,2800,A03,개인,F
N,1,7000,0,7000,0,0,0,A09,개인,F
N,2,12500,2500,0,0,0,0,A05,개인,M
N,1,1400,0,0,1400,0,0,A09,개인,M
N,2,5000,2500,0,0,0,0,A07,개인,M
Y,1,10000,10000,0,0,0,0,A06,개인,F
N,3,15000,0,12500,0,0,2500,A02,개인,F
N,3,15000,10000,2500,0,2500,0,A04,개인,F
N,2,12500,0,10000,0,0,0,A04,개인,M
N,4,19800,11400,7000,0,1400,0,A08,개인,M
N,1,10000,0,10000,0,0,0,A05,개인,F
N,1,10000,0,10000,0,0,0,A04,개인,M
N,1,7000,0,7000,0,0,0,A08,개인,M
N,1,10000,0,10000,0,0,0,A11,개인,F
N,6,8400,8400,0,0,0,0,A08,개인,F
N,1,2500,0,0,0,0,0,A04,개인,M
N,1,2500,0,0,0,2500,0,A04,개인,F
N,1,7000,0,7000,0,0,0,A10,개인,F
N,2,7500,0,0,0,0,0,A08,개인,F
N,1,6500,0,0,0,0,0,A06,개인,F
N,1,6500,0,0,0,0,0,A07,개인,F
N,1,5000,0,5000,0,0,0,A04,개인,M
N,1,6500,0,0,0,0,0,A08,개인,F
N,1,7000,0,7000,0,0,0,A06,개인,F
N,2,12500,10000,0,0,0,0,A06,개인,M
N,2,5000,2500,2500,0,0,0,A08,개인,F
N,1,10000,10000,0,0,0,0,A09,개인,F
N,1,7000,0,7000,0,0,0,A06,개인,F
N,1,1400,1400,0,0,0,0,A05,개인,M
N,1,1400,1400,0,0,0,0,A09,개인,F
N,2,15000,5000,10000,0,0,0,A11,개인사업자,M
N,1,10000,0,10000,0,0,0,A10,개인,F
N,1,1400,0,1400,0,0,0,A12,개인,F
N,1,1400,0,0,1400,0,0,A09,개인,M
N,1,2500,0,0,0,2500,0,A05,개인,F
N,1,10000,10000,0,0,0,0,_,개인사업자,M
N,1,2500,2500,0,0,0,0,A07,개인,F
N,2,16500,0,10000,0,0,0,A06,개인,M
N,1,10000,0,0,0,0,0,A07,개인,F
N,1,10000,0,0,0,0,0,A06,개인,M
N,1,6500,0,0,0,0,0,A05,개인,M
N,2,9500,2500,7000,0,0,0,A08,개인,F
N,2,5000,2500,0,0,0,0,A08,개인,M
N,1,1400,0,0,1400,0,0,A07,개인,M
N,2,17000,10000,7000,0,0,0,A07,개인,M
N,7,38400,19500,12500,5000,1400,0,A08,개인,M
N,1,5000,5000,0,0,0,0,A07,개인,F
N,1,9900,0,9900,0,0,0,A05,개인,F
N,2,17000,0,17000,0,0,0,A05,개인,M
N,2,5000,0,0,2500,0,0,A05,개인,M
N,1,1400,0,1400,0,0,0,_,법인사업자,M
N,3,7800,0,0,0,0,1400,A08,개인,F
N,1,1400,0,1400,0,0,0,A04,개인,M
N,1,2500,0,0,0,0,0,A10,개인사업자,F
Y,1,2500,0,0,0,0,2500,A08,개인사업자,F
N,1,10000,10000,0,0,0,0,A02,개인,F
N,1,2500,0,0,0,2500,0,A07,개인,M
N,1,1400,1400,0,0,0,0,A05,개인,M
N,2,15000,15000,0,0,0,0,A05,개인,F
N,1,2500,0,0,0,2500,0,A07,개인,F
N,1,7000,0,7000,0,0,0,A05,개인,F
N,1,7000,0,7000,0,0,0,A08,개인,F
N,2,2800,0,0,0,1400,0,A06,개인,F
N,1,2500,0,2500,0,0,0,A06,개인,F
N,3,11400,1400,0,0,0,10000,A09,개인,F
N,1,2500,0,0,0,0,2500,A06,개인,F
N,4,15300,2500,12800,0,0,0,A02,개인,F
N,7,31400,0,18900,0,5000,0,A06,개인,M
N,1,2500,0,2500,0,0,0,A07,개인,M
N,1,2500,0,0,0,0,0,A10,개인,M
N,2,20000,10000,0,0,10000,0,A06,개인,M
N,1,1400,0,1400,0,0,0,A09,개인,M
N,1,7000,7000,0,0,0,0,A04,개인,M
N,1,5000,0,5000,0,0,0,A08,개인,F
N,3,7500,2500,0,0,0,0,A11,개인,F
N,3,13400,0,7000,0,1400,0,A07,개인,F
N,1,10000,0,10000,0,0,0,A08,개인,F
N,3,16400,15000,0,0,0,0,A08,개인,F
N,1,10000,10000,0,0,0,0,A09,개인,F
N,3,10400,0,0,0,6500,0,A05,개인,F
N,3,22500,12500,10000,0,0,0,A06,개인,M
N,1,1400,0,0,0,0,0,A08,개인,F
N,1,5000,0,5000,0,0,0,A07,개인,F
N,1,7000,7000,0,0,0,0,A08,개인,F
N,3,14500,0,14500,0,0,0,A04,개인,F
N,1,2500,0,0,0,0,0,A05,개인,M
N,4,10300,1400,7500,0,0,0,A05,개인,M
N,2,3900,2500,0,0,0,0,A03,개인,F
N,2,2800,0,0,1400,0,1400,A10,개인,F
N,3,12800,10000,0,0,0,0,A05,개인,F
N,1,1400,1400,0,0,0,0,A04,개인,F
N,1,5000,5000,0,0,0,0,A09,개인,M
N,2,6400,0,0,0,1400,0,A04,개인,F
N,1,1400,0,0,0,1400,0,A07,개인,F
N,2,9500,2500,7000,0,0,0,A08,개인,F
Y,1,1400,0,0,0,0,1400,A04,개인,F
N,4,19000,16500,0,0,0,0,A08,개인,F
N,7,46000,22000,24000,0,0,0,A08,개인,F
N,1,10000,0,10000,0,0,0,A04,개인,F
N,2,3900,0,0,0,0,0,A05,개인,M
N,1,2500,0,2500,0,0,0,A03,개인,M
N,1,1400,0,0,1400,0,0,A08,개인,F
N,1,10000,0,10000,0,0,0,A04,개인,F
N,4,5600,0,1400,1400,1400,0,A03,개인,F
N,3,6400,1400,2500,0,0,0,A04,개인,M
N,2,8400,0,7000,0,0,1400,A10,개인,F
N,2,3900,0,0,0,0,0,A04,개인,F
N,7,50000,25000,20000,0,0,0,A08,개인,F
N,1,10000,0,10000,0,0,0,A08,개인,F
N,3,26500,16500,10000,0,0,0,A05,개인,M
N,9,14800,3900,4200,1400,0,0,A09,개인,M
N,1,1400,0,0,0,0,0,A07,개인,M
N,2,2800,0,2800,0,0,0,A08,개인,M
N,1,10000,0,0,0,0,0,A06,개인,M
N,6,8400,1400,2800,1400,0,0,A06,개인사업자,F
N,2,3500,2500,0,1000,0,0,A11,개인,F
N,1,1400,0,1400,0,0,0,A08,개인,F
N,2,7500,0,0,0,0,0,A06,개인,M
N,5,28300,0,23300,0,0,0,A07,개인,M
N,6,14200,0,7500,0,0,0,A05,개인,F
N,1,10000,0,10000,0,0,0,A06,개인,F
N,1,10000,0,10000,0,0,0,A05,개인,F
N,2,2800,0,0,0,0,1400,A07,개인,M
N,2,7500,2500,0,0,0,0,A07,개인,F
N,2,5000,0,0,0,2500,0,A06,개인,M
N,5,20500,6000,7000,5000,0,0,A05,개인,M
N,1,1400,0,1400,0,0,0,A05,개인,M
N,1,2500,0,2500,0,0,0,A07,개인,M
N,1,1400,0,1400,0,0,0,A06,개인,M
N,7,16700,16700,0,0,0,0,A06,개인,F
N,1,2500,2500,0,0,0,0,A06,개인,M
N,1,5000,0,0,0,0,0,A06,개인,M
N,1,2500,2500,0,0,0,0,A07,개인,F
N,1,1400,0,0,0,1400,0,A08,개인,F
N,4,29500,3000,0,0,0,0,A06,개인,M
N,1,10000,0,10000,0,0,0,A09,개인,M
N,3,9300,0,1400,1400,6500,0,A04,개인,M
N,17,42800,0,1400,41400,0,0,A10,개인,F
N,1,10000,10000,0,0,0,0,A05,개인,F
N,1,7000,0,7000,0,0,0,A03,개인,M
N,2,2800,0,0,2800,0,0,_,개인,F
N,5,8100,5600,2500,0,0,0,A10,개인,F
N,1,2500,2500,0,0,0,0,A10,개인,F
N,2,2100,0,0,0,0,0,A05,개인,F
N,1,1000,0,1000,0,0,0,A07,개인,M
N,2,7500,0,7500,0,0,0,A04,개인,F
N,2,17000,0,17000,0,0,0,A13,개인,F
N,2,17000,10000,7000,0,0,0,A08,개인,M
N,7,37300,0,27000,0,1400,7500,A07,개인,M
N,1,10000,0,10000,0,0,0,A06,개인,F
N,1,10000,0,10000,0,0,0,A08,개인,M
N,7,35300,12500,20000,0,0,0,A09,개인,M
N,2,2800,1400,1400,0,0,0,A08,개인,M
N,1,1400,0,1400,0,0,0,A08,개인,M
N,3,6400,1400,0,0,2500,0,A11,개인,F
N,20,1350,117500,10000,2500,0,0,A08,개인,M
N,3,15000,2500,10000,0,2500,0,A05,개인,F
N,5,27500,12500,10000,0,0,0,A06,개인,M
N,1,10000,0,10000,0,0,0,A05,개인,M
N,1,10000,0,10000,0,0,0,A03,개인,F
N,1,10000,10000,0,0,0,0,A11,개인,M
N,1,1400,0,0,0,0,0,A06,개인,F
N,1,2500,2500,0,0,0,0,A09,개인,M
N,1,2500,0,0,0,0,0,A06,개인,F
N,2,15000,15000,0,0,0,0,A07,개인,M
N,2,12500,0,0,0,0,0,A05,개인,M
N,1,2500,0,0,0,2500,0,A07,개인,M
N,2,3900,3900,0,0,0,0,A13,개인사업자,F
N,1,2500,0,0,0,0,0,A05,개인,M
N,1,5000,0,0,5000,0,0,A09,개인,F
N,1,1400,0,0,0,1400,0,A12,개인,F
N,2,11000,4500,0,0,0,0,A06,개인,M
N,1,1400,0,0,0,0,0,A05,개인,M
N,1,10000,0,10000,0,0,0,A05,개인,M
N,3,15500,0,0,0,0,0,A06,개인,M
N,1,10000,10000,0,0,0,0,A04,개인,M
N,1,1400,0,0,1400,0,0,A03,개인,M
N,1,1400,0,0,0,0,1400,A07,개인,F
N,1,2500,0,0,0,0,0,A05,개인,F
N,2,5000,2500,0,0,2500,0,A14,개인사업자,M
N,1,10000,0,0,0,0,0,A06,개인,F
N,3,8900,0,0,3900,0,0,A06,개인,M
N,1,10000,0,10000,0,0,0,A08,개인,F
N,2,7500,5000,0,2500,0,0,A05,개인,F
N,1,7000,0,7000,0,0,0,A05,개인,M
N,2,9500,9500,0,0,0,0,A05,개인,F
N,3,13900,0,12500,0,0,1400,A05,개인,F
N,1,2500,2500,0,0,0,0,A09,개인,M
N,1,10000,0,10000,0,0,0,A09,개인사업자,M
N,2,3900,0,1400,0,0,0,A06,개인,F
N,2,15000,0,10000,5000,0,0,A06,개인,M
N,1,10000,0,10000,0,0,0,A07,개인,M
N,1,1400,0,1400,0,0,0,A11,개인,M
N,2,7500,0,0,0,0,0,A03,개인사업자,M
N,1,2500,2500,0,0,0,0,A08,개인,F
N,1,10000,0,10000,0,0,0,A03,개인,F
N,2,7500,0,0,0,5000,0,_,법인사업자,M
N,2,11400,0,11400,0,0,0,A08,개인,M
N,1,7000,7000,0,0,0,0,A09,개인,M
N,2,2800,2800,0,0,0,0,A07,개인사업자,F
N,1,1400,0,1400,0,0,0,A11,개인사업자,F
N,2,12500,0,0,0,0,0,A05,개인,M
N,2,9000,2500,0,0,0,0,A06,개인,M
N,4,40000,30000,10000,0,0,0,A08,개인,M
N,3,5300,0,1400,1400,0,0,A08,개인,F
N,1,5000,0,5000,0,0,0,A08,개인,F
N,6,25900,0,18400,0,5000,0,A09,개인,M
N,2,15000,0,15000,0,0,0,A06,개인,M
N,1,7000,0,7000,0,0,0,A06,개인사업자,M
N,1,5000,0,5000,0,0,0,A08,개인,F
N,1,7000,7000,0,0,0,0,A07,개인,M
N,1,10000,10000,0,0,0,0,A08,개인,M
N,1,10000,0,10000,0,0,0,_,법인사업자,F
N,2,5000,2500,0,0,0,2500,A05,개인,F
N,1,10000,0,10000,0,0,0,A05,개인,M
N,2,9000,9000,0,0,0,0,_,법인사업자,F
N,16,25700,14500,5600,2800,0,0,A08,개인,F
N,4,41900,14900,27000,0,0,0,A05,개인,M
N,2,12500,0,12500,0,0,0,A06,개인,F
N,1,10000,10000,0,0,0,0,A07,개인,M
N,1,5000,5000,0,0,0,0,A04,개인,M
N,3,5300,2500,0,2800,0,0,A11,개인사업자,F
N,2,12500,2500,10000,0,0,0,A04,개인,F
N,4,25000,10000,10000,0,0,0,A05,개인,M
N,1,10000,10000,0,0,0,0,A05,개인,M
N,2,3900,3900,0,0,0,0,A08,개인,F
N,1,10000,0,10000,0,0,0,A09,개인,F
N,1,10000,0,10000,0,0,0,A07,개인,F
N,3,12800,0,10000,0,1400,0,A06,개인,M
N,1,5000,0,0,0,0,0,A09,개인,F
N,2,15000,10000,5000,0,0,0,A14,개인,F
N,2,15000,10000,5000,0,0,0,A06,개인,M
N,1,1400,0,0,0,0,0,A05,개인,F
N,3,5300,1400,0,0,3900,0,A07,개인,F
N,1,1400,0,0,0,0,0,A09,개인,M
N,2,5000,0,0,0,2500,0,A05,개인사업자,F
N,2,3900,0,0,1400,0,2500,A02,개인,F
N,2,8400,0,7000,0,1400,0,A08,개인,M
N,1,5000,0,5000,0,0,0,A09,개인,M
N,3,19000,0,16500,0,0,2500,A04,개인,F
N,5,42400,29900,0,0,0,12500,A05,개인,F
N,1,10000,0,10000,0,0,0,A07,개인,F
N,3,8900,0,1400,0,7500,0,A09,개인,M
N,1,5000,0,0,0,0,0,A05,개인,M
N,2,10000,10000,0,0,0,0,A09,개인,M
N,1,7000,7000,0,0,0,0,A09,개인,F
N,10,87000,50000,22000,0,0,10000,A07,개인,F
N,1,1400,1400,0,0,0,0,A08,개인사업자,M
N,1,6500,0,6500,0,0,0,A08,개인,F
N,2,3900,0,3900,0,0,0,A06,개인,M
N,2,2800,0,1400,1400,0,0,A06,개인,M
N,4,10300,0,5000,1400,1400,0,A01,개인,F
N,1,1400,0,1400,0,0,0,A10,개인,F
N,1,1400,0,0,0,1400,0,A05,개인,M
Y,2,2800,0,0,0,0,2800,A09,개인,F
N,3,44700,14900,29800,0,0,0,A08,개인,M
N,3,17400,0,0,0,0,0,A06,개인,M
N,1,5000,0,0,0,0,0,A09,개인,M
N,1,7000,0,7000,0,0,0,A09,개인,M
N,1,5000,5000,0,0,0,0,A07,개인,M
N,1,7000,7000,0,0,0,0,A07,개인,M
N,1,2500,0,0,0,0,0,A06,개인,F
N,1,10000,0,10000,0,0,0,A09,개인,M
N,4,7800,2800,0,0,0,0,A09,개인,F
N,6,8400,8400,0,0,0,0,A09,개인,M
N,1,5000,5000,0,0,0,0,A08,개인,M
N,21,33800,1400,14500,9800,1400,0,A11,개인,F
N,3,19500,10000,7000,0,2500,0,A06,개인,M
N,5,18300,0,1400,0,0,0,A06,개인,M
N,1,10000,10000,0,0,0,0,A07,개인,F
N,2,2800,0,0,1400,1400,0,A08,개인,M
N,2,10000,0,5000,0,0,0,A07,개인,M
N,1,1400,0,0,0,1400,0,A10,개인,F
N,1,2500,2500,0,0,0,0,A08,개인,M
N,2,10000,0,10000,0,0,0,A08,개인,F
N,2,3900,0,3900,0,0,0,A07,개인,M
N,3,4200,4200,0,0,0,0,A03,개인,M
N,2,6400,0,0,1400,5000,0,_,법인사업자,M
N,2,2800,0,0,0,0,0,A06,개인,M
N,1,2500,0,0,0,0,0,A06,개인,F
N,10,28900,0,0,28900,0,0,A08,개인,M
N,3,6400,0,2500,0,1400,0,A06,개인,M
N,1,6500,0,0,0,0,0,A06,개인,F
N,1,2500,0,0,0,0,0,A06,개인,M
N,1,1400,1400,0,0,0,0,A08,개인,F
N,1,2500,0,0,0,0,0,A05,개인,F
N,9,36300,10900,5000,1400,0,10000,_,공공기관,F
N,1,1400,0,1400,0,0,0,A06,개인,F
N,1,10000,0,10000,0,0,0,A15,개인,M
N,4,6700,0,6700,0,0,0,A10,개인,F
N,4,15400,5000,9000,1400,0,0,A11,개인,F
N,1,1400,0,0,1400,0,0,A03,개인,M
N,1,6500,0,0,0,0,0,A07,개인,M
N,1,1400,1400,0,0,0,0,A04,개인,F
N,1,1400,0,0,0,0,0,A05,개인,F
Y,1,2500,0,0,0,0,2500,A08,개인,M
N,2,6400,6400,0,0,0,0,A07,개인,F
N,2,10000,0,0,10000,0,0,A10,개인,M
N,1,2500,2500,0,0,0,0,A08,개인,F
N,1,2500,0,2500,0,0,0,A04,개인,F
N,1,2500,0,0,0,0,0,A06,개인,M
N,3,18800,2500,14900,0,1400,0,A08,개인,M
N,2,11500,0,5000,0,6500,0,A09,개인,F
N,2,5000,2500,0,0,0,0,A06,개인,F
N,1,2500,2500,0,0,0,0,A06,개인,M
N,1,5000,0,5000,0,0,0,A07,개인,F
Y,2,6400,0,0,1400,0,5000,_,법인사업자,M
N,1,10000,10000,0,0,0,0,A11,개인사업자,M
N,2,2800,0,1400,0,1400,0,A13,개인,M
N,1,2500,2500,0,0,0,0,A09,개인,F
N,1,10000,10000,0,0,0,0,A09,개인,M
N,1,2500,0,2500,0,0,0,A09,개인,M
N,2,14000,0,14000,0,0,0,A05,개인,F
N,3,27000,10000,17000,0,0,0,A09,개인,F
N,1,7000,0,7000,0,0,0,A08,개인,F
N,1,10000,0,10000,0,0,0,A07,개인,M
N,2,2800,2800,0,0,0,0,A07,개인,F
N,4,17000,7000,5000,5000,0,0,A07,개인,M
N,3,5300,3900,0,0,0,0,A08,개인,F
N,1,10000,0,10000,0,0,0,A06,개인,F
N,6,41400,30000,11400,0,0,0,A04,개인,F
N,3,25900,0,0,0,0,0,A06,개인,F
N,2,7900,0,0,0,7900,0,A10,개인,F
N,1,10000,0,10000,0,0,0,A06,개인,M
N,7,29200,18900,5000,0,0,1400,A04,개인,M
N,3,10900,2500,7000,1400,0,0,A14,개인사업자,M
N,4,30000,10000,0,15000,0,0,A09,개인,F
N,2,7500,0,7500,0,0,0,A06,개인,M
N,2,5000,0,5000,0,0,0,A07,개인,F
N,2,2800,0,0,0,0,0,A06,개인,M
N,1,7000,0,7000,0,0,0,A04,개인,F
N,1,1400,0,1400,0,0,0,A10,개인,F
N,2,3900,1400,2500,0,0,0,A09,개인,F
N,6,54000,27000,17000,0,10000,0,A07,개인,M
N,2,38900,0,0,0,0,0,A06,개인,F
N,2,7500,0,5000,0,2500,0,A05,개인,M
N,2,9000,0,2500,0,6500,0,A10,개인,F
N,1,5000,0,0,0,0,0,A08,개인,F
N,1,6000,6000,0,0,0,0,A03,개인,M
N,1,2500,0,0,0,0,0,A10,개인,M
N,4,17500,0,2500,0,0,0,A06,개인,M
N,1,10000,0,10000,0,0,0,A09,개인사업자,F
N,1,5000,0,5000,0,0,0,A11,개인,M
N,1,2500,0,0,0,0,0,A08,개인,M
N,4,35000,35000,0,0,0,0,A07,개인,M
N,4,17500,5000,12500,0,0,0,A03,개인,F
N,1,6500,6500,0,0,0,0,A05,개인,M
N,1,10000,0,10000,0,0,0,A07,개인,M
N,1,2500,0,2500,0,0,0,A08,개인,M
N,1,1400,0,0,0,1400,0,A10,개인,F
N,3,21000,0,17000,0,0,0,A04,개인,M
N,1,2500,0,0,0,2500,0,A03,개인,F
N,1,2500,0,0,0,0,0,A09,개인사업자,M
N,6,30000,5000,22500,0,2500,0,A06,개인,M
N,3,22000,0,7000,0,0,0,A06,개인,F
N,2,15000,15000,0,0,0,0,A10,개인,F
N,1,5000,5000,0,0,0,0,A06,개인,F
N,3,12000,9500,0,0,2500,0,A07,개인,F
N,1,2500,0,0,0,0,0,A05,개인,F
N,3,12000,0,9500,0,2500,0,A05,개인,M
N,1,5000,0,0,0,0,0,A06,개인,M
N,1,10000,10000,0,0,0,0,A05,개인,M
N,3,4200,0,0,0,0,0,A11,개인,M
N,1,7000,0,7000,0,0,0,A07,개인,M
N,1,2500,0,0,2500,0,0,A04,개인,F
N,1,2500,0,0,0,0,0,A05,개인,M
N,3,15000,0,10000,0,0,0,A08,개인사업자,F
N,2,5000,2500,0,0,0,0,A06,개인,M
N,3,14500,2000,10000,0,0,0,A05,개인,F
N,1,2500,0,2500,0,0,0,A04,개인,F
N,6,40000,25000,10000,0,0,0,A09,개인,F
N,2,12500,0,10000,0,0,0,A08,개인,M
N,1,1400,0,1400,0,0,0,A08,개인,F
N,1,10000,0,10000,0,0,0,A07,개인,F
N,1,1400,0,0,0,1400,0,A07,개인,M
N,1,4500,4500,0,0,0,0,A09,개인,F
N,2,12000,0,7000,0,0,0,A06,개인,F
N,9,66500,15000,36500,0,10000,0,A05,개인,F
N,1,10000,10000,0,0,0,0,A03,개인,M
N,1,10000,10000,0,0,0,0,A05,개인,M
N,1,5000,5000,0,0,0,0,A08,개인,F
N,6,31400,13900,10000,2500,0,0,_,법인사업자,F
N,3,8900,0,3900,5000,0,0,A09,개인,M
N,1,1400,0,0,0,1400,0,A08,개인,M
N,1,5000,0,0,0,0,0,A05,개인,F
N,2,5000,0,5000,0,0,0,A06,개인,F
Y,1,1400,0,0,0,0,1400,A13,개인,M
N,4,14800,1400,13400,0,0,0,A09,개인,F
N,1,1400,0,1400,0,0,0,A06,개인,M
N,1,10000,0,10000,0,0,0,A08,개인사업자,F
N,1,2500,0,0,0,0,0,A05,개인,M
N,3,25000,10000,15000,0,0,0,A09,개인,F
N,1,2500,2500,0,0,0,0,A05,개인,F
N,1,6500,0,0,0,0,0,A05,개인,M
N,1,1400,0,0,0,1400,0,A09,개인,F
N,1,7000,7000,0,0,0,0,A03,개인,F
N,2,7900,0,7900,0,0,0,A05,개인,F
N,1,2500,0,0,0,0,0,A10,개인,F
N,1,2500,0,2500,0,0,0,A10,개인,M
N,2,5000,0,0,0,0,0,A10,개인,F
N,1,10000,0,10000,0,0,0,A05,개인,F
N,4,6700,0,2800,0,0,0,A06,개인,F
N,1,10000,10000,0,0,0,0,A06,개인,F
N,4,7800,0,3900,1400,2500,0,A08,개인,F
N,1,2500,0,0,2500,0,0,A08,개인사업자,F
N,4,10300,5300,0,0,0,0,A04,개인,F
Y,2,3900,1400,0,0,0,2500,A10,개인,F
N,1,2500,2500,0,0,0,0,A07,개인,M
N,1,9900,0,0,0,0,0,A07,개인,M
N,1,10000,0,10000,0,0,0,_,법인사업자,F
N,4,16900,0,0,0,0,0,A06,개인,F
N,5,16700,1400,10000,5300,0,0,A08,개인,M
N,1,1400,0,0,0,0,0,A06,개인,F
N,3,17500,0,10000,0,2500,0,A03,개인,F
N,2,7500,0,0,0,0,0,A09,개인,F
N,2,12400,12400,0,0,0,0,A07,개인,M
N,2,2800,2800,0,0,0,0,A10,개인,F
N,3,7500,0,5000,0,0,0,A10,개인,M
N,1,1400,0,0,0,0,0,_,법인사업자,M
N,1,1400,1400,0,0,0,0,A09,개인,F
N,3,17500,0,2500,15000,0,0,A06,개인,M
N,1,10000,0,10000,0,0,0,A10,개인,F
N,1,2500,0,0,2500,0,0,A06,개인,M
N,2,5000,0,0,2500,0,2500,A08,개인,F
Y,10,31200,0,9500,5000,0,14200,A09,개인,F
N,1,2500,0,2500,0,0,0,A10,개인,F
N,1,2500,0,0,0,2500,0,A11,개인,F
N,5,8100,0,3900,4200,0,0,A07,개인,F
N,1,5000,0,0,0,0,0,A07,개인,F
Y,1,2500,0,0,0,0,2500,A14,개인사업자,M
N,1,2500,0,2500,0,0,0,A14,개인,M
N,1,2500,2500,0,0,0,0,A04,개인,M
N,1,1400,1400,0,0,0,0,A07,개인,F
N,1,1400,0,0,1400,0,0,A05,개인,F
N,1,10000,0,0,0,0,0,A09,개인,M
N,1,2500,2500,0,0,0,0,A14,개인,F
N,1,10000,0,10000,0,0,0,A03,개인,F
N,1,6500,0,6500,0,0,0,A04,개인,F
N,6,27500,5000,10000,0,2500,2500,_,공공기관,M
N,2,20000,10000,10000,0,0,0,A04,개인,M
N,1,1400,0,1400,0,0,0,A11,개인,M
N,1,5000,0,5000,0,0,0,A07,개인,F
N,1,5000,0,0,0,5000,0,A05,개인,F
N,2,9000,2500,0,0,6500,0,A07,개인,M
N,11,53200,30400,2500,0,18900,1400,_,공공기관,M
N,1,1400,1400,0,0,0,0,A07,개인,M
N,1,1400,0,0,0,1400,0,A07,개인,F
N,4,36900,21900,10000,0,0,0,A01,개인,F
N,10,25900,2800,15300,0,7800,0,A07,개인,M
N,4,15400,1400,5000,0,9000,0,A12,개인,M
N,1,2500,0,0,0,2500,0,A09,개인,M
N,2,12500,0,12500,0,0,0,A07,개인,M
N,1,5000,0,0,0,0,0,A06,개인,M
N,1,10000,0,10000,0,0,0,A09,개인,M
Y,2,3900,0,1400,0,0,2500,A06,개인,M
N,1,7000,0,7000,0,0,0,A03,개인,F
N,1,2500,0,2500,0,0,0,A11,개인사업자,F
N,2,17000,0,17000,0,0,0,A08,개인,F
N,2,5000,0,2500,0,2500,0,A07,개인,F
N,2,6400,0,5000,0,1400,0,A06,개인,M
N,1,10000,0,0,0,10000,0,A04,개인,F
N,1,2500,2500,0,0,0,0,A05,개인,F
N,1,2500,0,0,0,0,0,A12,개인사업자,F
N,1,7000,0,7000,0,0,0,A06,개인,F
N,1,10000,0,10000,0,0,0,A08,개인,M
N,1,10000,0,10000,0,0,0,A08,개인,M
N,6,28300,0,11400,10400,0,0,A07,개인,M
N,5,23900,2500,11400,5000,5000,0,A09,개인,M
N,1,7000,0,7000,0,0,0,A09,개인,M
N,1,1400,0,0,1400,0,0,A04,개인,M
N,2,5000,0,5000,0,0,0,A03,개인,M
N,2,5000,2500,2500,0,0,0,A09,개인사업자,F
N,1,10000,10000,0,0,0,0,_,법인사업자,M
N,1,2500,2500,0,0,0,0,A07,개인,M
N,2,20000,10000,10000,0,0,0,A09,개인,M
N,1,6500,0,0,0,6500,0,A07,개인,M
N,1,2500,0,0,0,2500,0,A02,개인,M
N,2,15000,10000,5000,0,0,0,A07,개인,M
N,3,27000,10000,17000,0,0,0,A08,개인,F
N,2,9500,0,2500,0,0,0,A06,개인,M
N,1,10000,0,10000,0,0,0,A05,개인,M
N,1,5000,0,0,5000,0,0,A04,개인,F
N,1,6500,0,0,0,0,0,A08,개인,F
N,2,1900,0,1400,0,0,0,A06,개인,F
N,1,5000,0,0,0,0,0,A07,개인,F
N,2,7500,0,0,0,0,0,A05,개인,M
N,2,10000,0,0,0,0,0,A02,개인,M
N,1,2500,0,0,0,0,0,A09,개인,M
N,1,10000,10000,0,0,0,0,A06,개인,M
N,1,2500,2500,0,0,0,0,A09,개인,M
N,1,2500,0,2500,0,0,0,A09,개인,F
N,5,12500,5000,0,0,7500,0,A07,개인,M
N,2,46400,0,10000,0,0,0,A08,개인,F
N,1,1400,0,0,0,0,1400,A07,개인,M
N,1,7000,0,7000,0,0,0,A07,개인,F
N,3,25000,10000,10000,0,0,0,A06,개인,M
N,3,6400,2500,2500,0,0,0,A09,개인,M
N,1,5000,0,0,0,0,0,A05,개인,F
N,4,8900,0,0,0,0,0,A04,개인,M
N,1,5000,0,5000,0,0,0,A06,개인,M
N,7,20300,10300,2500,5000,0,0,A08,개인,M
N,8,44000,20000,5000,12500,6500,0,A07,개인,M
N,3,5300,0,2500,1400,0,0,A08,개인,M
N,8,50000,42500,0,0,2500,0,A04,개인,F
N,1,2500,2500,0,0,0,0,A04,개인,M
N,4,10000,2500,7500,0,0,0,A08,개인,F
N,2,3900,0,0,0,0,0,A04,개인,F
N,2,2800,0,0,1400,0,0,_,법인사업자,M
N,1,10000,0,0,0,0,0,A12,개인,F
N,3,30000,10000,10000,0,0,0,A04,개인,M
N,1,6500,0,6500,0,0,0,A01,개인,F
N,4,5600,5600,0,0,0,0,A06,개인,M
N,1,2500,0,0,0,0,0,A08,개인,M
N,1,10000,10000,0,0,0,0,A03,개인,F
N,1,5000,0,5000,0,0,0,A09,개인,M
N,1,14900,0,14900,0,0,0,A05,개인,M
N,1,10000,10000,0,0,0,0,A05,개인,F
N,1,10000,0,10000,0,0,0,A11,개인,F
N,1,2500,2500,0,0,0,0,A04,개인,F
N,3,5300,3900,1400,0,0,0,A09,개인,F
N,1,1400,1400,0,0,0,0,_,법인사업자,F
N,2,2800,0,1400,0,0,0,A09,개인사업자,M
N,1,1400,1400,0,0,0,0,A09,개인,F
N,6,15700,0,0,0,0,0,A10,개인,F
N,3,15000,0,10000,0,0,0,A07,개인,F
N,2,16500,6500,10000,0,0,0,A03,개인,M
N,1,2500,2500,0,0,0,0,A03,개인,F
N,16,37100,1400,27600,1400,1400,0,A06,개인,F
N,2,12500,2500,10000,0,0,0,A03,개인,M
N,1,2500,0,2500,0,0,0,A07,개인,M
N,1,1400,0,0,0,0,0,A08,개인,M
N,3,47700,0,1400,0,0,0,A06,개인,F
N,2,12500,0,10000,0,2500,0,A10,개인,F
N,1,10000,10000,0,0,0,0,A06,개인,F
N,5,20000,7500,5000,0,0,2500,A11,개인,F
N,1,6500,0,0,0,6500,0,A04,개인,M
N,1,5000,0,5000,0,0,0,A08,개인사업자,M
N,1,5000,0,5000,0,0,0,A07,개인,M
N,3,8900,0,0,0,0,0,A05,개인,F
N,1,10000,10000,0,0,0,0,A07,개인,F
N,7,20400,0,13900,0,6500,0,A09,개인,M
N,1,2500,0,0,0,0,0,A06,개인,M
N,2,3900,0,0,0,0,0,A07,개인,M
N,3,7500,5000,0,0,0,0,A05,개인,F
N,1,1400,1400,0,0,0,0,A07,개인사업자,M
N,1,1400,1400,0,0,0,0,A06,개인,M
N,3,9500,0,4500,0,5000,0,A05,개인,M
N,1,7000,0,7000,0,0,0,A02,개인,F
N,8,42400,33400,0,0,9000,0,A05,개인,F
N,1,2500,0,0,0,0,0,A05,개인,F
N,1,1400,1400,0,0,0,0,A06,개인,M
N,1,2500,2500,0,0,0,0,A14,개인,M
N,2,5000,0,0,0,0,0,A05,개인,F
Y,1,1400,0,0,0,0,1400,A08,개인사업자,M
N,3,6400,0,0,0,0,0,A06,개인,F
N,1,5000,0,0,0,0,0,A05,개인,M
N,1,2500,2500,0,0,0,0,A09,개인,M
N,3,17500,17500,0,0,0,0,_,법인사업자,M
N,2,2800,0,0,0,1400,1400,A08,개인사업자,F
N,3,29900,15000,14900,0,0,0,A08,개인,F
N,2,17400,14900,0,0,0,0,A05,개인,F
N,1,10000,10000,0,0,0,0,A09,개인,M
N,38,86300,45900,4200,0,1400,6700,A09,개인,F
N,1,1400,0,0,0,0,0,A07,개인,F
N,10,38400,10000,14500,5000,2500,0,A08,개인,F
N,5,12500,5000,0,0,2500,0,A08,개인,F
N,1,6500,0,0,0,0,0,A02,개인,F
N,2,9500,0,7000,0,2500,0,A07,개인,F
N,1,1400,0,0,1400,0,0,A07,개인,F
N,4,15000,2500,10000,0,0,2500,A07,개인사업자,F
N,1,5000,0,0,5000,0,0,A10,개인,M
N,1,10000,10000,0,0,0,0,A04,개인,F
N,2,10000,0,10000,0,0,0,A11,개인,M
N,2,2800,2800,0,0,0,0,A07,개인,F
N,1,10000,0,10000,0,0,0,A06,개인,M
N,1,5000,0,0,0,0,0,A06,개인,M
N,2,38900,0,2500,0,0,0,A06,개인,M
N,7,16400,0,6400,2500,2500,0,A07,개인,M
N,2,7500,7500,0,0,0,0,A10,개인,M
Y,1,1400,0,0,0,0,1400,A01,개인,M
N,3,8900,6400,0,0,0,0,A05,개인,M
N,1,2500,0,0,0,2500,0,A04,개인,F
N,2,15000,5000,10000,0,0,0,A09,개인,F
N,3,7800,2800,0,0,0,0,A08,개인,F
N,2,6400,0,0,0,0,0,A06,개인,F
N,1,1400,0,1400,0,0,0,A10,개인,M
N,10,33200,15300,0,0,5000,0,A09,개인,M
N,3,8900,1400,0,0,0,0,A05,개인,F
Y,1,5000,0,5000,0,0,0,A06,개인,F
N,3,5300,2500,2800,0,0,0,A04,개인,M
N,3,5300,3900,1400,0,0,0,A04,개인,M
N,1,1400,0,0,0,1400,0,A06,개인,F
N,2,5000,2500,2500,0,0,0,A09,개인,M
N,6,10600,5300,0,0,0,2500,A02,개인,M
N,1,2500,0,0,0,0,0,A08,개인사업자,F
N,1,10000,10000,0,0,0,0,A05,개인,F
N,3,17500,15000,2500,0,0,0,A06,개인,M
N,8,21400,2500,5000,0,0,7500,A08,개인,F
N,2,20000,10000,10000,0,0,0,A03,개인,M
N,3,17500,0,10000,5000,0,0,A07,개인,F
N,1,2500,0,0,0,0,0,A13,개인,M
N,3,10000,0,7500,0,0,0,A08,개인,M
N,1,2500,0,2500,0,0,0,A08,개인,F
N,1,2500,0,0,0,0,2500,A09,개인사업자,F
N,3,27000,20000,7000,0,0,0,A08,개인,F
N,4,29000,10000,16500,0,2500,0,A11,개인,M
N,1,10000,10000,0,0,0,0,A03,개인,F
N,2,9500,0,7000,0,2500,0,A05,개인,F
N,2,6400,0,0,0,0,0,A05,개인,M
N,1,10000,0,10000,0,0,0,A05,개인,M
N,1,7000,0,7000,0,0,0,A13,개인,M
N,4,14200,0,10000,0,4200,0,A08,개인,M
N,6,28900,12500,10000,0,0,2500,A04,개인,F
N,3,12500,5000,7500,0,0,0,A05,개인,M
N,1,5000,0,5000,0,0,0,A05,개인,F
N,2,5000,0,0,0,0,0,A06,개인,F
N,11,28500,0,25700,2800,0,0,A07,개인,F
N,2,5400,0,0,0,0,0,A06,개인,F
N,1,10000,0,10000,0,0,0,A08,개인,F
N,2,2800,1400,0,0,1400,0,A09,개인,F
N,2,5000,0,5000,0,0,0,A07,개인,F
N,1,5000,0,5000,0,0,0,A10,개인사업자,M
Y,3,5300,0,0,0,0,5300,A07,개인,F
N,1,2500,2500,0,0,0,0,A08,개인,F
N,1,10000,0,10000,0,0,0,A07,개인,F
N,2,3900,0,0,0,0,2500,A06,개인,F
N,4,15300,10000,2800,0,0,0,A11,개인,F
N,1,1400,0,0,0,0,0,A07,개인,M
N,2,17000,10000,7000,0,0,0,A07,개인사업자,F
N,1,14900,0,14900,0,0,0,A08,개인,F
N,1,10000,10000,0,0,0,0,A07,개인,F
N,1,2500,0,0,0,0,0,A04,개인,M
N,1,10000,0,10000,0,0,0,A07,개인,F
N,1,2500,0,2500,0,0,0,_,법인사업자,M
N,1,2500,0,0,0,0,0,A05,개인,F
N,2,11400,0,10000,0,1400,0,A05,개인,M
N,1,2500,0,2500,0,0,0,A05,개인,F
N,3,4200,0,1400,0,2800,0,A06,개인,M
N,1,1400,0,0,1400,0,0,A06,개인,F
N,1,6500,0,0,0,0,0,A05,개인,M
N,4,26400,0,6400,0,0,0,A13,개인,F
N,1,2500,0,0,0,0,0,A07,개인,F
N,2,2800,2800,0,0,0,0,A08,개인,F
N,1,1400,1400,0,0,0,0,A10,개인,M
N,2,12500,0,10000,0,0,0,A05,개인,M
N,1,10000,10000,0,0,0,0,A06,개인,F
N,1,2500,0,0,0,0,0,A05,개인,F
N,2,11400,11400,0,0,0,0,A14,개인,M
N,1,1400,0,0,0,1400,0,A07,개인,F
N,1,1400,1400,0,0,0,0,A06,개인,M
N,1,2500,0,0,0,0,0,A07,개인,F
N,1,1400,0,1400,0,0,0,A05,개인,F
N,1,10000,0,10000,0,0,0,A07,개인,M
N,2,12500,0,10000,0,0,0,A07,개인,M
N,4,21400,10000,11400,0,0,0,A06,개인,F
N,3,8900,0,5000,0,0,0,A08,개인사업자,M
Y,1,1400,0,0,0,0,1400,_,법인사업자,M
N,1,2500,0,2500,0,0,0,A07,개인사업자,M
N,1,2500,0,2500,0,0,0,A03,개인,M
N,3,12500,7500,5000,0,0,0,A11,개인,M
N,2,2800,0,0,0,0,0,A06,개인,M
N,1,10000,0,10000,0,0,0,A09,개인,M
N,2,2800,0,1400,0,1400,0,A05,개인,F
N,2,9500,0,7000,0,0,0,A10,개인,F
N,2,3900,1400,2500,0,0,0,A07,개인,F
N,1,9900,0,0,0,0,0,A04,개인,M
N,3,27000,10000,17000,0,0,0,A04,개인,F
N,1,7000,7000,0,0,0,0,A06,개인,M
N,3,13500,13500,0,0,0,0,A04,개인,M
N,2,10000,0,10000,0,0,0,A08,개인,F
N,1,2500,0,0,0,0,0,A08,개인,F
N,2,5000,2500,0,0,2500,0,A07,개인,F
N,1,10000,10000,0,0,0,0,A08,개인,M
N,2,5000,5000,0,0,0,0,A12,개인,M
N,2,3900,0,0,1400,0,0,A05,개인,M
N,3,15000,5000,5000,0,0,0,_,정식단체,F
N,1,7000,7000,0,0,0,0,A07,개인사업자,M
N,6,14200,7500,1400,1400,0,0,A02,개인,M
N,3,22000,0,22000,0,0,0,_,법인사업자,M
N,2,2800,2800,0,0,0,0,A07,개인,M
N,8,27800,15000,0,2500,0,3900,_,공공기관,M
Y,4,15400,0,0,0,6500,5000,A07,개인,M
N,1,1400,1400,0,0,0,0,A04,개인,F
N,2,3900,0,0,1400,0,0,_,법인사업자,F
N,6,25000,18000,0,0,0,0,A04,개인,M
N,2,5000,2500,0,0,0,0,A04,개인,M
N,3,7500,2500,2500,0,2500,0,A12,개인,M
N,2,20000,10000,0,0,10000,0,A07,개인,F
N,1,1400,0,0,0,0,0,A04,개인,M
N,1,10000,0,10000,0,0,0,A05,개인,M
Y,1,10000,0,10000,0,0,0,A15,개인사업자,M
N,5,39000,19000,10000,0,0,0,A06,개인,F
N,3,7500,2500,2500,0,2500,0,A04,개인,M
N,1,10000,0,10000,0,0,0,A09,개인,F
N,1,10000,10000,0,0,0,0,A06,개인,F
N,1,36400,0,0,0,0,0,A10,개인,F
N,1,1400,0,1400,0,0,0,A08,개인,M
N,1,10000,0,10000,0,0,0,A06,개인,M
N,1,9900,0,0,0,0,0,A04,개인,F
N,1,10000,10000,0,0,0,0,A05,개인,F
N,1,10000,0,10000,0,0,0,A06,개인,F
N,1,2500,0,0,0,0,0,A06,개인,F
N,1,7000,0,7000,0,0,0,A05,개인,F
N,1,5000,0,0,0,0,0,A04,개인,M
N,3,13900,10000,0,0,0,0,A08,개인,F
N,2,2800,0,0,0,0,0,A04,개인,M
N,3,7800,2800,0,0,0,0,_,법인사업자,F
N,5,42500,20000,10000,0,0,10000,A08,개인,M
N,1,2500,0,2500,0,0,0,A09,개인,M
N,2,9000,0,2500,0,6500,0,A10,개인,M
N,1,1400,0,1400,0,0,0,A10,개인,M
N,2,3900,0,0,3900,0,0,A07,개인,F
N,4,7800,2500,0,0,0,0,A08,개인,F
N,2,13000,0,0,6500,6500,0,A12,개인,F
N,1,10000,10000,0,0,0,0,A06,개인,M
N,1,10000,0,10000,0,0,0,A07,개인,M
N,3,21500,10000,5000,0,6500,0,A03,개인,M
N,5,35000,0,0,25000,0,0,A06,개인,F
N,6,20300,1400,16400,0,0,0,A09,개인,M
N,6,31000,26000,2500,0,0,2500,A04,개인,M
N,1,7000,0,7000,0,0,0,A09,개인,F
N,1,7000,7000,0,0,0,0,A06,개인,M
N,5,24200,10000,10000,0,0,0,A06,개인사업자,M
N,3,25000,10000,15000,0,0,0,A04,개인,M
N,2,3900,0,0,0,3900,0,A06,개인,F
N,3,15000,0,12500,0,0,0,A07,개인,F
N,1,1400,0,0,0,0,0,A07,개인,M
N,2,6400,5000,0,0,0,0,A08,개인,M
N,3,25000,10000,10000,0,0,0,A06,개인,F
N,1,6500,0,0,0,0,0,A06,개인,F
N,7,22300,2500,10900,0,0,2500,A03,개인,F
N,2,5000,2500,2500,0,0,0,_,법인사업자,F
N,2,11500,0,0,0,0,0,A05,개인,M
N,1,10000,0,0,0,0,0,A08,개인,F
N,1,10000,10000,0,0,0,0,A05,개인,M
N,1,7000,7000,0,0,0,0,A04,개인,M
N,1,7000,0,7000,0,0,0,A08,개인,M
N,1,5000,0,5000,0,0,0,A07,개인,M
N,1,1400,0,1400,0,0,0,A07,개인,F
N,1,5000,0,5000,0,0,0,A03,개인,M
N,4,15000,0,15000,0,0,0,A05,개인,M
N,2,3900,2500,0,0,1400,0,A08,개인,F
N,1,1400,1400,0,0,0,0,_,법인사업자,M
N,1,2500,0,0,0,0,0,A07,개인,M
N,2,11400,11400,0,0,0,0,A07,개인,F
N,5,13900,6400,5000,0,0,0,A09,개인,F
N,1,2500,0,2500,0,0,0,A10,개인,M
N,3,7500,5000,2500,0,0,0,A08,개인사업자,F
N,5,11400,3900,2500,5000,0,0,A07,개인,F
N,1,1400,0,0,0,0,0,A10,개인,F
N,4,5600,5600,0,0,0,0,_,법인사업자,M
N,1,2500,0,2500,0,0,0,A09,개인,M
N,2,3900,0,2500,0,1400,0,A08,개인,M
N,1,10000,0,10000,0,0,0,A09,개인,M
N,3,16000,6500,9500,0,0,0,A09,개인,M
N,1,5000,0,5000,0,0,0,A10,개인,M
N,1,10000,0,10000,0,0,0,A05,개인,M
N,1,1400,0,1400,0,0,0,A05,개인,M
N,1,2500,0,0,0,2500,0,A08,개인,M
N,1,10000,0,0,10000,0,0,A09,개인,M
N,2,5000,0,0,0,0,0,A05,개인,F
N,3,13900,0,0,13900,0,0,A09,개인,F
N,2,20000,10000,10000,0,0,0,A07,개인,M
N,1,1400,0,0,0,0,0,A05,개인,M
N,1,5000,0,5000,0,0,0,A06,개인,F
N,1,1400,0,0,1400,0,0,A07,개인,F
N,2,3900,3900,0,0,0,0,A06,개인사업자,F
N,1,5000,0,5000,0,0,0,A09,개인,M
N,4,20900,20900,0,0,0,0,A07,개인,F
N,1,2500,0,0,0,0,0,A05,개인,M
N,1,5000,0,5000,0,0,0,A06,개인,F
N,1,10400,10400,0,0,0,0,A08,개인,M
N,1,2500,2500,0,0,0,0,A04,개인,F
Y,1,1400,0,0,0,0,1400,A05,개인,F
Y,1,2500,0,0,0,0,2500,A11,개인,F
N,1,5000,0,5000,0,0,0,A07,개인,F
N,1,5000,0,0,0,0,0,_,공공기관,F
N,3,13900,12500,0,0,0,0,A07,개인,F
N,6,20300,2500,12500,1400,0,0,A03,개인,F
N,4,17500,5000,10000,0,0,0,A09,개인,F
N,3,20000,10000,5000,0,0,0,A06,개인,F
N,2,11400,0,11400,0,0,0,A05,개인,M
N,1,5000,0,5000,0,0,0,A07,개인,M
N,1,1400,0,0,0,1400,0,A05,개인,F
N,2,5000,0,0,0,0,0,A14,개인,M
N,1,7000,0,7000,0,0,0,A06,개인,M
N,2,12000,0,12000,0,0,0,A10,개인,F
N,1,1400,1400,0,0,0,0,_,공공기관,M
N,1,5000,0,5000,0,0,0,A07,개인,F
N,1,2500,0,0,0,0,0,A08,개인,F
N,1,10000,0,10000,0,0,0,A09,개인,M
N,2,7500,0,5000,0,0,0,A07,개인,F
N,4,27000,10000,17000,0,0,0,A07,개인,M
N,4,29000,29000,0,0,0,0,A04,개인,M
N,14,45400,23400,12500,0,9500,0,A08,개인,M
N,2,20000,0,20000,0,0,0,A03,개인,F
N,3,17000,0,12000,0,0,0,A06,개인,F
N,3,12900,1400,5000,0,0,0,A06,개인,F
N,1,10000,0,10000,0,0,0,A13,개인,M
N,1,1400,0,1400,0,0,0,A06,개인,M
N,3,13900,1400,10000,0,0,0,A07,개인,M
N,3,22000,10000,7000,0,0,5000,A05,개인,F
N,2,5000,0,0,0,0,0,A09,개인,M
N,1,7000,0,7000,0,0,0,A08,개인,F
N,1,5000,0,5000,0,0,0,A12,개인,F
N,1,7000,0,7000,0,0,0,A08,개인,F
N,7,65000,25000,20000,0,0,0,A05,개인,M
N,1,7000,0,7000,0,0,0,A08,개인,F
Y,1,1400,0,0,0,0,1400,A06,개인,M
N,2,10000,0,5000,0,0,0,A08,개인,F
N,3,11500,0,0,0,0,0,A06,개인,M
N,3,6400,0,0,1400,0,0,A03,개인,M
N,1,6500,0,6500,0,0,0,A05,개인,M
N,1,5000,0,0,0,0,0,A09,개인,F
N,2,5000,2500,0,0,2500,0,A09,개인,M
N,1,1400,0,0,0,1400,0,A08,개인,F
N,1,1400,1400,0,0,0,0,A09,개인,F
N,1,5000,0,0,0,5000,0,A07,개인,F
N,2,2800,0,1400,1400,0,0,A07,개인사업자,F
N,1,1400,0,0,1400,0,0,A07,개인,M
N,6,36500,10000,19000,0,5000,0,A08,개인,M
N,1,2500,0,0,0,0,0,A06,개인,M
N,1,7000,0,7000,0,0,0,A08,개인,F
N,1,1400,0,0,0,1400,0,A11,개인,F
N,1,10000,0,0,10000,0,0,A06,개인,M
N,6,25800,0,19800,0,6000,0,A09,개인,M
N,2,7900,6500,1400,0,0,0,A07,개인,M
N,4,12500,5000,0,0,0,0,A06,개인,F
N,1,1400,0,0,1400,0,0,A08,개인,M
N,2,19900,14900,5000,0,0,0,A10,개인,F
N,2,12500,2500,0,0,0,0,A10,개인,M
N,1,2500,0,0,0,2500,0,A06,개인,F
N,1,2500,2500,0,0,0,0,A08,개인,F
N,1,10000,0,10000,0,0,0,A05,개인,F
N,4,34900,10000,24900,0,0,0,A06,개인,F
N,3,14500,0,12000,0,2500,0,A09,개인,M
N,1,14900,0,14900,0,0,0,A08,개인,F
N,2,20000,20000,0,0,0,0,A09,개인,F
N,2,20000,10000,10000,0,0,0,A03,개인,M
N,2,12500,10000,0,0,0,2500,A10,개인,M
N,1,2500,0,2500,0,0,0,A08,개인,F
N,1,5000,0,0,0,0,0,A05,개인,M
N,2,3900,2500,0,0,0,1400,_,법인사업자,M
N,3,8900,0,0,0,0,1400,_,공공기관,M
N,2,11500,0,0,0,0,0,A06,개인,M
N,1,1400,0,0,0,0,0,A09,개인,F
N,3,10000,0,0,10000,0,0,A08,개인사업자,F
N,1,1400,0,0,0,0,0,A10,개인,F
N,5,22700,0,14900,2500,0,0,A09,개인,F
N,1,2500,0,0,0,0,0,A07,개인,M
N,1,10000,0,10000,0,0,0,A04,개인,M
N,2,12500,2500,10000,0,0,0,A03,개인,F
N,1,10000,0,10000,0,0,0,A04,개인,M
N,1,2500,0,0,0,0,0,A04,개인,M
N,1,1400,0,1400,0,0,0,A09,개인사업자,M
N,1,5000,0,0,0,0,0,A07,개인,F
N,1,2500,2500,0,0,0,0,A04,개인,M
N,1,1400,0,0,0,0,0,A09,개인사업자,M
N,5,21500,9000,0,0,0,0,A08,개인,M
N,2,11400,1400,10000,0,0,0,A07,개인,F
N,2,7500,0,7500,0,0,0,A10,개인,F
N,3,3150,0,1050,0,0,1050,A07,개인,F
N,2,7500,0,2500,0,0,0,A06,개인,M
N,1,2500,2500,0,0,0,0,A08,개인,F
N,1,1400,1400,0,0,0,0,A06,개인,M
N,1,10000,0,10000,0,0,0,A06,개인,M
N,2,14000,7000,7000,0,0,0,A07,개인,F
N,1,7000,0,7000,0,0,0,A09,개인사업자,F
N,1,5000,5000,0,0,0,0,A07,개인,M
N,2,11400,0,11400,0,0,0,_,법인사업자,F
N,1,10000,10000,0,0,0,0,A07,개인,F
N,1,10000,10000,0,0,0,0,A08,개인,M
N,1,5000,0,5000,0,0,0,A07,개인,M
N,1,1400,0,0,0,0,0,A07,개인,F
N,1,1400,0,0,0,0,0,A08,개인,F
N,1,2500,0,0,0,0,0,A06,개인,M
N,1,5000,5000,0,0,0,0,A08,개인,M
N,1,10000,10000,0,0,0,0,A08,개인,M
N,1,1400,0,0,0,0,0,A06,개인사업자,M
N,1,1400,1400,0,0,0,0,A08,개인사업자,M
N,1,10000,0,10000,0,0,0,A03,개인,M
N,1,10000,0,10000,0,0,0,A03,개인,M
N,5,39500,20000,17000,0,0,0,A07,개인,M
N,17,37500,21000,10000,0,0,0,A07,개인사업자,F
N,2,3900,0,0,3900,0,0,A04,개인,M
N,2,11300,0,0,0,0,0,A08,개인,F
N,3,27000,17000,10000,0,0,0,A07,개인,F
N,3,5300,1400,1400,0,0,0,A07,개인,M
N,1,2500,0,0,0,2500,0,A04,개인,M
N,1,10000,10000,0,0,0,0,A06,개인,F
N,2,2800,0,1400,1400,0,0,A10,개인,M
N,1,6500,0,0,0,0,0,A14,개인,F
N,15,33400,13900,6000,0,3500,5000,A10,개인,M
N,1,2500,0,0,0,0,0,A06,개인,F
N,3,21400,0,20000,0,0,0,A05,개인,M
N,3,6400,0,0,5000,0,0,A07,개인,F
N,3,25000,10000,15000,0,0,0,A06,개인,F
N,1,1400,0,0,0,0,0,A08,개인,M
N,2,9500,2500,7000,0,0,0,_,법인사업자,F
N,1,9900,0,0,0,0,0,A08,개인,F
N,2,5000,5000,0,0,0,0,A07,개인,F
N,5,28500,0,17000,0,0,0,A05,개인,M
N,2,15000,10000,5000,0,0,0,A13,개인,F
N,1,7000,7000,0,0,0,0,A04,개인,F
N,1,1400,0,1400,0,0,0,A06,개인,M
N,1,1400,0,0,1400,0,0,A08,개인,M
N,3,10000,2500,7500,0,0,0,A06,개인,F
N,4,10000,2500,5000,0,0,0,A11,개인,F
N,5,15300,3900,10000,0,1400,0,A07,개인,M
N,2,2800,0,1400,1400,0,0,A04,개인,M
N,1,1400,0,0,0,0,0,A10,개인,M
N,2,2800,1400,1400,0,0,0,A08,개인,M
N,1,2500,2500,0,0,0,0,A06,개인,M
N,3,4200,0,0,0,0,0,A05,개인,F
N,3,27000,0,10000,7000,0,0,A07,개인,M
N,1,2500,0,2500,0,0,0,A05,개인,M
N,1,1400,0,1400,0,0,0,A07,개인,M
N,1,7000,0,7000,0,0,0,A05,개인,F
N,1,2500,0,0,0,0,0,A08,개인,M
N,1,10000,0,10000,0,0,0,A14,개인,M
N,5,12500,2500,7500,0,0,0,A07,개인,F
N,1,1400,1400,0,0,0,0,A07,개인,M
N,3,25000,5000,10000,10000,0,0,A04,개인,F
N,2,2800,0,1400,0,0,0,A02,개인,M
Y,3,15000,0,10000,0,0,2500,A10,개인,M
N,2,15000,0,0,0,0,0,A07,개인,M
N,1,2500,0,0,0,0,0,A09,개인,F
N,1,10000,0,10000,0,0,0,A10,개인,M
Y,1,1400,0,0,0,0,1400,A05,개인,M
N,1,10000,0,10000,0,0,0,A10,개인,F
N,4,15300,0,0,0,0,0,A07,개인,F
N,6,20300,2500,10000,0,1400,0,A03,개인,F
N,2,12000,0,12000,0,0,0,A08,개인,F
N,3,5300,0,1400,2500,0,0,A07,개인,F
Y,1,10000,10000,0,0,0,0,A05,개인,M
N,1,1400,1400,0,0,0,0,A10,개인,M
N,6,20300,0,16400,3900,0,0,A06,개인,F
N,1,2500,0,0,0,0,0,A10,개인,F
N,2,15000,10000,0,0,0,0,A06,개인,M
N,2,17400,14900,0,0,2500,0,A05,개인,F
N,2,9000,6500,2500,0,0,0,A08,개인,F
N,1,6500,0,0,0,0,0,A07,개인,M
N,1,10000,10000,0,0,0,0,A10,개인,M
Y,1,5000,0,0,0,0,5000,A07,개인,M
N,1,2500,0,2500,0,0,0,A03,개인,M
N,3,20000,0,10000,0,0,0,A10,개인,M
N,1,2500,0,2500,0,0,0,A09,개인,F
N,1,2500,0,0,0,2500,0,A09,개인사업자,F
N,2,7500,2500,0,0,0,0,A08,개인,F
N,1,10000,0,0,0,0,0,A10,개인,F
N,1,10000,10000,0,0,0,0,A06,개인,F
N,1,2500,0,0,0,0,0,A13,개인,M
N,3,13900,0,12500,0,0,0,A08,개인,F
N,1,2500,0,0,0,0,0,A04,개인,M
N,5,18900,1400,10000,0,2500,0,A05,개인,M
N,3,6400,1400,0,0,2500,2500,A05,개인,F
Y,5,21200,11400,7000,0,0,2800,A06,개인,F
N,2,11400,0,10000,1400,0,0,A05,개인사업자,F
N,2,12000,0,0,7000,0,0,A08,개인,F
N,2,17000,17000,0,0,0,0,A06,개인,M
N,1,14900,14900,0,0,0,0,A06,개인,M
N,4,12500,10000,0,2500,0,0,A09,개인,F
N,1,10000,10000,0,0,0,0,A08,개인,F
N,1,2500,0,2500,0,0,0,A10,개인사업자,M
N,2,12500,2500,10000,0,0,0,A07,개인,F
N,1,6500,0,6500,0,0,0,A05,개인,M
N,2,3900,3900,0,0,0,0,A06,개인,F
N,2,5000,0,0,0,5000,0,A03,개인,F
N,3,14500,0,9500,0,0,0,A09,개인,F
N,1,5000,0,0,0,0,0,A03,개인,M
N,2,17000,0,17000,0,0,0,A13,개인,F
N,2,12500,0,12500,0,0,0,A08,개인,M
N,1,1400,0,0,0,0,0,A11,개인,F
N,1,1400,0,0,0,1400,0,A05,개인,F
N,1,5000,0,5000,0,0,0,A06,개인,F
N,1,1400,0,0,0,0,0,A05,개인,F
N,1,5000,0,0,5000,0,0,A10,개인,M
Y,1,1400,0,0,0,0,1400,A05,개인,M
N,8,40400,0,25400,5000,0,0,_,공공기관,M
N,3,6400,0,3900,0,0,0,A08,개인,F
N,5,15600,0,11400,0,0,0,A05,개인,F
N,1,14900,0,14900,0,0,0,A03,개인,F
N,1,2500,0,0,0,2500,0,_,법인사업자,F
N,1,5000,0,0,0,0,0,A09,개인,F
N,1,27300,27300,0,0,0,0,A12,개인,M
N,1,2500,2500,0,0,0,0,A09,개인,F
N,3,7500,0,5000,0,0,0,A05,개인,M
N,2,12500,0,12500,0,0,0,A07,개인,F
N,1,10000,0,10000,0,0,0,A08,개인,M
N,1,1400,0,0,0,0,0,A08,개인,F
N,1,10000,0,10000,0,0,0,A09,개인,M
N,3,30000,10000,20000,0,0,0,A06,개인,F
N,2,15000,5000,0,0,0,10000,A07,개인,F
Y,4,33900,14900,10000,0,0,9000,A05,개인,F
N,1,2500,0,2500,0,0,0,A04,개인,M
N,3,4200,2800,0,0,0,1400,_,법인사업자,F
N,1,1400,1400,0,0,0,0,_,정식단체,F
N,1,2500,0,2500,0,0,0,A08,개인사업자,M
N,1,10000,0,10000,0,0,0,A07,개인,F
N,2,12500,0,10000,0,0,0,A07,개인,F
N,2,3900,1400,0,0,2500,0,A08,개인,M
N,2,7500,2500,5000,0,0,0,A10,개인,F
N,7,12000,5300,3900,0,0,0,A07,개인,F
N,1,2500,2500,0,0,0,0,A09,개인,F
N,1,2500,0,0,0,0,0,A11,개인,M
N,4,71500,1400,2500,0,0,0,A08,개인,F
N,2,3900,0,0,0,0,0,A07,개인,F
N,3,7500,7500,0,0,0,0,A06,개인,M
N,2,17000,0,17000,0,0,0,A04,개인,M
N,2,12500,0,12500,0,0,0,A07,개인,F
N,13,21500,8900,0,0,0,0,A04,개인,F
Y,1,1400,0,0,0,0,1400,A10,개인사업자,M
N,2,12000,5000,7000,0,0,0,A08,개인,F
N,5,19000,1500,0,0,0,0,A05,개인,F
N,1,2500,2500,0,0,0,0,A02,개인,F
N,1,10000,10000,0,0,0,0,A05,개인,M
N,1,5000,5000,0,0,0,0,A12,개인사업자,M
N,4,7800,3900,2500,0,0,1400,A05,개인,F
N,10,60400,11400,27000,0,0,0,A01,개인,F
N,1,10000,10000,0,0,0,0,A05,개인,M
N,2,7900,0,0,6500,0,0,A10,개인,M
N,1,7000,7000,0,0,0,0,A06,개인,M
N,6,12100,4000,3900,2800,1400,0,A04,개인,M
N,6,25600,0,10000,15600,0,0,A10,개인,M
N,2,5000,5000,0,0,0,0,A14,개인사업자,M
N,7,15300,0,10300,0,5000,0,A08,개인,M
N,1,10000,0,10000,0,0,0,A05,개인,F
N,1,2500,0,0,0,0,0,A05,개인,F
N,1,6500,0,0,0,0,0,A05,개인,M
N,1,10000,0,10000,0,0,0,A08,개인,M
N,3,16500,0,0,0,0,0,A09,개인,M
Y,1,2500,0,0,0,0,2500,A03,개인,F
N,2,7500,0,0,0,0,0,A04,개인,F
N,2,9500,2500,7000,0,0,0,A04,개인,M
N,1,5000,0,0,0,0,0,A09,개인,F
N,2,2800,0,0,2800,0,0,A09,개인,F
N,1,1400,1400,0,0,0,0,A05,개인,M
N,1,10000,10000,0,0,0,0,A04,개인,M
N,1,10000,10000,0,0,0,0,A07,개인,M
N,4,29000,0,29000,0,0,0,A07,개인,F
N,2,14900,0,5000,0,0,0,A14,개인,M
N,3,4200,1400,1400,0,1400,0,A09,개인,M
N,1,2500,2500,0,0,0,0,A08,개인,M
N,2,7500,2500,0,0,0,0,A06,개인,F
N,1,10000,10000,0,0,0,0,A05,개인,F
N,1,2500,2500,0,0,0,0,_,법인사업자,M
N,1,2500,0,0,0,0,0,A06,개인,F
N,1,2500,0,0,0,2500,0,A07,개인,M
N,1,14900,0,14900,0,0,0,A04,개인,M
N,1,10000,10000,0,0,0,0,A04,개인,M
N,2,10000,5000,5000,0,0,0,A08,개인,F
N,1,1400,0,0,1400,0,0,A11,개인,M
N,1,1400,0,0,1400,0,0,A06,개인,M
N,1,9900,0,0,0,0,0,A05,개인,M
N,2,3900,1400,0,0,0,2500,A07,개인,M
N,2,20000,10000,10000,0,0,0,A09,개인,M
N,3,20000,10000,10000,0,0,0,A07,개인,M
N,4,10300,0,6400,0,0,0,A05,개인,F
N,3,27000,10000,17000,0,0,0,A07,개인,F
N,10,30400,2500,18400,0,1400,2800,A09,개인,M
N,1,7000,0,7000,0,0,0,A10,개인사업자,F
N,1,1400,0,0,0,0,0,A06,개인,F
N,6,29000,0,15000,0,0,0,A04,개인,F
N,1,7000,0,7000,0,0,0,A06,개인,F
N,2,20000,10000,10000,0,0,0,A05,개인,M
N,4,5600,2800,0,0,1400,0,A04,개인,F
N,6,30900,17000,10000,0,0,3900,A08,개인,F
N,2,3900,2500,0,0,0,1400,A05,개인,F
Y,1,1400,0,0,0,0,1400,A07,개인,F
N,1,7000,0,7000,0,0,0,A05,개인,F
N,3,17500,0,15000,0,0,2500,_,개인사업자,F
N,3,9800,1400,7000,0,0,0,A05,개인,F
N,2,15000,10000,0,0,0,0,A03,개인,F
N,3,17000,7000,5000,0,0,0,A07,개인,M
N,1,2500,2500,0,0,0,0,A06,개인,M
N,3,4200,2800,0,1400,0,0,A08,개인,M
N,1,10000,0,10000,0,0,0,A04,개인,F
N,2,6400,6400,0,0,0,0,A06,개인사업자,M
N,3,16500,7000,9500,0,0,0,A06,개인,F
N,2,6400,0,0,5000,0,0,A12,개인,M
N,1,1400,0,0,0,0,0,A05,개인사업자,M
N,12,38100,13100,15000,0,2500,0,A03,개인,F
N,5,30000,10000,12500,0,0,0,A08,개인,M
N,2,12500,0,10000,0,2500,0,A06,개인,F
N,1,2500,0,0,0,0,0,A07,개인사업자,M
N,2,5000,2500,0,0,0,2500,A06,개인,M
N,3,9800,1400,8400,0,0,0,A07,개인,F
N,2,2800,1400,0,0,0,0,A07,개인,M
N,1,2500,0,0,0,2500,0,A05,개인,F
N,1,2500,0,0,0,0,0,A05,개인,M
N,1,10000,10000,0,0,0,0,A08,개인,F
N,1,2500,2500,0,0,0,0,A08,개인,M
N,1,2500,0,2500,0,0,0,A08,개인,M
N,1,10000,0,10000,0,0,0,A10,개인,M
N,1,10000,0,0,0,0,0,A05,개인,M
N,2,5000,0,5000,0,0,0,A09,개인,M
N,1,2500,2500,0,0,0,0,A08,개인,M
N,3,13900,0,10000,0,2500,1400,A07,개인,M
N,1,2500,0,0,0,2500,0,A08,개인,F
N,1,1400,0,0,1400,0,0,A02,개인,F
N,2,3500,0,2500,0,0,1000,A09,개인사업자,F
N,1,1400,0,0,0,0,0,A08,개인,M
N,1,7000,0,7000,0,0,0,A04,개인,F
N,1,6500,0,0,0,0,0,A07,개인,F
N,2,1000,0,0,0,0,0,A07,개인,F
N,1,2500,2500,0,0,0,0,A08,개인사업자,F
N,9,47800,21400,15000,1400,0,0,A09,개인사업자,F
N,2,5000,0,5000,0,0,0,A07,개인,F
N,3,13900,3900,10000,0,0,0,A05,개인,M
N,1,10000,10000,0,0,0,0,A06,개인,M
N,1,2500,0,2500,0,0,0,A06,개인,F
N,1,2500,2500,0,0,0,0,A05,개인,F
N,4,23900,13900,10000,0,0,0,A08,개인,M
N,13,27300,0,2500,0,0,0,A04,개인,F
N,1,1400,0,1400,0,0,0,A04,개인,M
N,1,5000,0,0,0,0,0,A10,개인,F
N,1,1400,1400,0,0,0,0,A10,개인,F
N,3,21400,10000,11400,0,0,0,A08,개인,M
N,10,41200,0,11400,0,1400,0,A05,개인,M
N,2,12500,2500,10000,0,0,0,A05,개인,M
N,2,12750,12750,0,0,0,0,A08,개인,F
N,1,5000,0,0,0,0,0,A05,개인,M
N,1,2500,0,0,0,0,0,A08,개인,F
N,4,15000,2500,7500,0,0,0,A03,개인,F
N,2,12500,0,12500,0,0,0,A10,개인,F
N,1,10000,0,10000,0,0,0,A03,개인,M
N,1,10000,10000,0,0,0,0,A08,개인,F
N,1,2500,0,0,0,0,0,A05,개인,F
N,1,6500,0,0,0,0,0,A09,개인,M
N,9,29200,1400,25300,0,2500,0,A09,개인,F
N,4,27500,10000,0,0,0,0,A05,개인,F
N,2,12500,10000,2500,0,0,0,A01,개인,F
N,7,35200,14900,1400,0,0,6400,A10,개인,M
N,1,7000,0,7000,0,0,0,A08,개인,M
N,3,30000,20000,10000,0,0,0,_,법인사업자,M
N,1,1400,1400,0,0,0,0,_,법인사업자,M
N,4,10000,2500,5000,0,2500,0,A08,개인,F
N,1,1400,0,0,0,0,0,A06,개인,M
N,2,20000,0,20000,0,0,0,A05,개인,F
N,1,5000,0,0,0,0,0,A04,개인사업자,F
N,1,6500,0,6500,0,0,0,A10,개인,F
N,7,47000,27000,20000,0,0,0,A08,개인,F
N,3,10000,5000,0,0,0,0,A08,개인,M
N,2,12500,10000,0,0,0,2500,A03,개인,M
N,1,10000,10000,0,0,0,0,A10,개인,M
N,1,5000,0,0,0,5000,0,A08,개인,F
N,3,12900,0,6400,0,0,0,A09,개인,F
N,4,10300,1400,2500,0,0,1400,_,공공기관,F
N,3,12700,0,0,0,1400,0,A05,개인,F
N,1,1400,0,1400,0,0,0,A08,개인,F
N,2,6400,0,6400,0,0,0,A10,개인,F
N,1,10000,0,10000,0,0,0,A02,개인,M
N,1,10000,0,10000,0,0,0,A04,개인,M
N,3,4200,0,0,0,0,0,_,개인,M
N,7,47400,0,14000,5000,0,0,A05,개인,M
N,1,1400,0,0,0,1400,0,A07,개인,F
N,1,2500,0,0,0,0,0,A11,개인,F
N,1,7000,0,7000,0,0,0,A05,개인,M
N,2,15000,5000,10000,0,0,0,A10,개인,M
N,1,2500,0,2500,0,0,0,A03,개인,M
N,1,7000,0,7000,0,0,0,A04,개인,F
N,1,1400,1400,0,0,0,0,A08,개인,F
N,1,10000,0,10000,0,0,0,A04,개인,M
N,1,2500,0,2500,0,0,0,A10,개인,M
N,1,1400,1400,0,0,0,0,A09,개인,M
N,1,1400,0,1400,0,0,0,A07,개인,F
N,1,2500,0,2500,0,0,0,A03,개인,M
N,2,2800,0,0,0,0,0,A10,개인,M
N,1,2500,0,0,0,0,0,A10,개인,F
N,4,32500,22500,10000,0,0,0,A07,개인,M
N,3,16400,0,16400,0,0,0,A10,개인,F
N,1,1400,0,0,1400,0,0,A07,개인,M
N,1,1400,0,0,0,0,0,A06,개인,M
N,1,2500,0,0,0,0,0,A04,개인,F
N,2,10000,0,5000,0,0,0,A11,개인,M
N,2,13000,6500,0,0,0,0,A06,개인,M
N,2,5000,0,2500,0,2500,0,A05,개인,F
N,1,10000,10000,0,0,0,0,A06,개인,M
N,2,5000,2500,0,0,2500,0,_,법인사업자,F
N,1,6500,0,0,0,0,0,A09,개인,M
N,3,27000,10000,17000,0,0,0,A06,개인,M
N,1,10000,0,10000,0,0,0,_,개인,F
N,3,6400,2500,0,0,0,1400,_,개인사업자,F
N,2,3900,3900,0,0,0,0,A05,개인,M
N,3,13500,13500,0,0,0,0,A05,개인,F
N,2,3900,2500,1400,0,0,0,A06,개인,M
N,2,9500,2500,0,0,0,0,A05,개인,F
N,1,1400,1400,0,0,0,0,A06,개인,M
N,1,10000,0,10000,0,0,0,A04,개인,M
N,1,1400,0,0,0,0,0,A05,개인사업자,M
N,1,10000,0,10000,0,0,0,A09,개인,M
N,1,10000,0,10000,0,0,0,A04,개인,M
N,1,5000,5000,0,0,0,0,A10,개인,F
N,2,15000,10000,5000,0,0,0,A07,개인,M
N,1,3200,3200,0,0,0,0,A08,개인,F
N,8,22300,0,13900,8400,0,0,A08,개인,M
N,1,10000,0,10000,0,0,0,_,공공기관,M
N,1,2500,0,0,0,2500,0,A09,개인,M
N,1,5000,5000,0,0,0,0,A09,개인,F
N,1,5000,0,0,0,0,0,A07,개인,M
N,1,2500,0,0,2500,0,0,A10,개인사업자,F
N,2,7500,5000,0,0,2500,0,A08,개인,F
N,1,10000,0,10000,0,0,0,A03,개인사업자,M
N,2,17000,7000,10000,0,0,0,A11,개인사업자,F
N,2,5000,0,2500,0,0,0,A07,개인,F
N,4,22400,0,0,0,0,0,A05,개인,F
N,1,5000,5000,0,0,0,0,A08,개인,M
N,4,17500,0,0,17500,0,0,A08,개인,F
N,2,3900,0,0,0,0,0,A09,개인,F
N,1,2500,2500,0,0,0,0,A08,개인,F
Y,2,3900,0,0,0,0,3900,A01,개인,M
N,3,22500,0,12500,0,0,0,A07,개인,M
N,10,36500,17500,0,0,2500,11500,A07,개인,F
N,2,16500,6500,10000,0,0,0,A10,개인사업자,F
N,2,12500,0,0,0,0,0,A05,개인,F
N,1,5000,0,5000,0,0,0,A10,개인,M
N,1,10000,0,10000,0,0,0,A08,개인,F
N,4,27500,10000,10000,0,0,0,A08,개인,F
N,3,4200,1400,0,0,1400,1400,A09,개인,M
N,1,2500,0,0,0,0,0,A10,개인,M
N,1,5000,0,5000,0,0,0,A03,개인,F
N,7,16700,0,1400,15300,0,0,A10,개인,M
N,1,5000,0,0,0,0,0,A07,개인,F
N,2,6500,0,6500,0,0,0,A05,개인,F
N,1,1400,1400,0,0,0,0,A08,개인,M
N,1,2500,0,2500,0,0,0,A05,개인,M
N,2,17400,0,14900,2500,0,0,_,법인사업자,M
N,2,6400,0,0,6400,0,0,A08,개인,M
N,1,10000,10000,0,0,0,0,A05,개인,F
N,2,3900,0,0,0,0,0,A05,개인,F
N,3,17800,0,9900,0,0,1400,A06,개인,F
N,1,2500,0,0,0,2500,0,A05,개인,F
N,4,6700,0,1400,5300,0,0,A10,개인,M
N,1,10000,0,0,0,0,0,A08,개인,M
N,1,7000,0,7000,0,0,0,A09,개인,M
N,1,10000,0,10000,0,0,0,A05,개인,F
N,1,10000,0,10000,0,0,0,A09,개인,M
N,2,7500,0,0,0,0,0,A06,개인,M
N,1,2500,0,0,0,2500,0,A08,개인,F
N,2,7500,2500,0,0,0,5000,A04,개인,M
N,1,6500,0,0,0,0,0,A05,개인,M
N,2,20000,10000,10000,0,0,0,A09,개인,F
N,2,19400,19400,0,0,0,0,A03,개인,F
N,4,8900,0,0,0,6400,2500,A05,개인,M
N,1,9900,0,0,0,0,0,A12,개인,F
N,1,2500,0,2500,0,0,0,A09,개인,M
N,1,5000,0,0,0,0,0,A09,개인,M
N,1,2500,0,0,0,0,0,A06,개인,M
N,1,1400,0,1400,0,0,0,A09,개인사업자,M
N,1,5000,0,5000,0,0,0,A08,개인,F
N,1,2500,0,0,0,2500,0,A02,개인,F
N,1,2500,0,0,0,0,0,A05,개인,F
N,1,7000,0,7000,0,0,0,A08,개인,F
N,14,41800,1400,23400,0,3900,0,A08,개인,F
N,2,20000,0,20000,0,0,0,A02,개인,M
N,1,5000,0,0,5000,0,0,A09,개인,F
N,1,2500,2500,0,0,0,0,_,법인사업자,F
N,1,10000,10000,0,0,0,0,A05,개인,F
N,2,5000,0,0,0,2500,0,A08,개인,M
N,1,1400,0,0,1400,0,0,A10,개인,M
N,2,2800,0,1400,0,0,0,A02,개인,M
N,1,9900,0,9900,0,0,0,A08,개인,F
N,2,5000,0,5000,0,0,0,A09,개인,F
N,1,2500,0,0,0,0,0,A07,개인사업자,M
N,2,12400,0,0,0,0,0,A03,개인,M
N,1,10000,0,10000,0,0,0,A08,개인,F
N,2,5000,0,2500,0,2500,0,_,정식단체,F
N,3,13900,0,10000,1400,0,2500,A06,개인,F
N,1,5000,0,0,0,0,0,A06,개인,M
N,2,5000,2500,2500,0,0,0,A10,개인,M
N,1,5000,5000,0,0,0,0,A03,개인,F
N,2,15000,5000,10000,0,0,0,A04,개인,M
N,1,2500,0,0,0,0,0,A04,개인,M
N,1,5000,5000,0,0,0,0,A09,개인,M
N,2,9500,2500,7000,0,0,0,A08,개인,M
N,2,12500,0,10000,0,2500,0,A07,개인,M
N,2,9000,9000,0,0,0,0,A10,개인,F
N,1,5000,0,0,0,0,0,A03,개인,M
N,1,10000,10000,0,0,0,0,A06,개인,M
N,8,29800,4500,0,0,0,0,A04,개인,F
N,1,5000,0,0,0,0,0,A06,개인,F
N,7,21700,7800,0,0,5000,6400,A07,개인,M
N,2,5000,0,2500,0,0,0,A04,개인,F
N,1,1400,1400,0,0,0,0,A03,개인,F
N,2,11400,0,10000,1400,0,0,_,법인사업자,M
N,1,5000,5000,0,0,0,0,A06,개인,F
N,2,11400,0,11400,0,0,0,A07,개인,M
N,3,22000,10000,7000,0,5000,0,A06,개인,M
N,4,17500,10000,2500,0,0,0,A06,개인,M
N,1,2500,0,0,0,0,0,A03,개인,F
N,1,10000,10000,0,0,0,0,A08,개인,F
N,1,5000,0,5000,0,0,0,A03,개인,F
N,15,31200,0,19200,6700,3900,1400,A13,개인,F
N,1,1400,1400,0,0,0,0,A07,개인,M
N,2,5000,0,0,0,0,0,A03,개인,M
N,2,7500,2500,5000,0,0,0,A07,개인,F
N,4,13400,0,12000,0,0,0,A05,개인,M
N,1,2500,0,2500,0,0,0,A09,개인,M
N,2,5000,0,5000,0,0,0,A05,개인,F
N,3,6400,0,6400,0,0,0,A05,개인,M
N,1,2500,0,0,0,0,0,A05,개인,M
N,1,10000,10000,0,0,0,0,A04,개인,F
N,16,50600,20000,12800,1400,0,0,A10,개인,M
N,1,5000,0,5000,0,0,0,A08,개인,M
N,2,3900,0,0,0,0,0,A08,개인,M
N,1,1400,0,1400,0,0,0,A03,개인,F
N,1,2500,0,0,0,0,0,A05,개인,M
N,4,32900,0,0,0,0,0,A04,개인,F
N,4,22500,10000,5000,7500,0,0,A07,개인사업자,F
N,1,5000,5000,0,0,0,0,A08,개인,M
N,3,7500,0,0,0,0,0,A08,개인,F
N,1,10000,10000,0,0,0,0,A08,개인,M
N,2,20000,10000,10000,0,0,0,A03,개인,F
N,1,2500,0,0,0,0,0,A10,개인,M
N,1,1400,0,0,0,0,0,A13,개인사업자,M
N,6,17800,17800,0,0,0,0,A04,개인,F
N,2,20000,10000,10000,0,0,0,A05,개인,F
N,1,10000,10000,0,0,0,0,A08,개인,F
Y,1,2500,0,0,0,0,2500,A05,개인,F
N,4,8000,5000,3000,0,0,0,A06,개인,M
N,6,38900,12500,20000,0,0,0,A10,개인,F
N,2,15000,5000,10000,0,0,0,_,개인사업자,F
N,2,12000,0,7000,0,0,0,A08,개인사업자,F
N,1,1400,0,0,1400,0,0,A07,개인,M
N,2,2800,0,1400,0,1400,0,A06,개인,F
N,3,17500,0,0,0,2500,0,A06,개인,F
N,2,6400,6400,0,0,0,0,A08,개인,M
N,1,2500,0,0,0,0,0,_,법인사업자,M
N,4,10000,5000,2500,0,0,0,A06,개인,M
N,1,2500,0,0,0,0,0,A06,개인,M
N,4,18900,0,11400,0,0,0,_,법인사업자,F
N,2,7500,0,2500,5000,0,0,A07,개인,F
N,2,2800,0,0,0,0,0,A11,개인,M
N,4,41900,41900,0,0,0,0,A07,개인,M
N,2,5000,2500,2500,0,0,0,A07,개인,F
N,1,2500,0,0,0,0,0,A08,개인,M
N,1,1400,0,0,0,0,0,A02,개인,M
N,1,1400,0,0,0,1400,0,A10,개인,M
N,1,10000,0,10000,0,0,0,A07,개인,M
N,2,17000,0,17000,0,0,0,A08,개인,F
Y,13,39200,0,5000,5000,0,17800,A06,개인,F
N,1,2500,0,0,0,0,0,A03,개인,M
N,1,2500,0,2500,0,0,0,A08,개인,M
N,1,10000,10000,0,0,0,0,A07,개인,M
N,3,9300,7900,1400,0,0,0,A04,개인,F
N,2,5000,0,0,0,0,0,A10,개인,F
N,1,1400,0,1400,0,0,0,A07,개인,F
N,1,1400,0,1400,0,0,0,A04,개인,F
N,6,41400,16400,20000,0,0,0,A05,개인,M
N,5,17800,0,15000,0,0,1400,A10,개인사업자,F
N,3,12500,0,5000,0,2500,0,A08,개인,M
N,2,10000,5000,5000,0,0,0,A07,개인,F
N,8,42500,28500,11500,0,0,0,A09,개인,M
N,6,34300,29300,0,0,0,0,_,공공기관,M
N,1,5000,0,0,5000,0,0,A08,개인,F
N,1,5000,5000,0,0,0,0,A03,개인,F
N,3,6400,1400,2500,0,0,2500,A06,개인,M
N,2,10000,0,5000,0,0,0,A02,개인,M
N,2,5000,0,0,0,0,0,A08,개인,M
N,5,36500,24000,10000,0,0,0,A07,개인,F
N,2,6400,0,5000,1400,0,0,A10,개인,F
N,5,41900,15000,21900,0,0,0,A07,개인,M
N,2,10000,5000,5000,0,0,0,A08,개인,F
N,1,3200,3200,0,0,0,0,A04,개인,M
N,4,14200,2800,0,0,0,0,A05,개인,M
N,1,5000,0,5000,0,0,0,A06,개인,M
N,1,7000,0,7000,0,0,0,A09,개인,M
N,1,10000,0,10000,0,0,0,A08,개인사업자,M
N,2,5000,2500,0,0,0,0,A08,개인,M
N,4,16400,2500,2500,10000,0,0,A03,개인,M
N,7,21000,7500,3500,0,2500,0,A11,개인,M
N,2,7500,0,0,0,5000,0,A09,개인,M
N,3,15000,0,10000,0,0,0,A10,개인,F
N,2,5000,0,0,0,5000,0,A10,개인사업자,F
N,1,10000,0,10000,0,0,0,A03,개인,F
N,1,2500,0,0,0,0,0,A09,개인,M
N,4,7800,3900,0,0,0,3900,_,법인사업자,F
N,2,7500,0,5000,0,2500,0,A07,개인,M
N,2,3900,0,0,0,3900,0,A08,개인,F
N,1,2500,0,0,0,0,0,A08,개인,F
N,1,5000,0,0,0,0,0,A07,개인,M
N,1,10000,0,10000,0,0,0,A08,개인,F
N,15,178,116300,17000,0,0,5000,A08,개인,M
N,6,22000,0,0,0,1400,0,A08,개인,M
N,1,7000,0,7000,0,0,0,A07,개인사업자,F
N,1,2500,0,0,0,0,0,_,법인사업자,F
N,1,7500,0,7500,0,0,0,A04,개인,M
N,6,37400,11400,19500,0,6500,0,A09,개인,M
N,1,2500,0,0,0,0,0,_,법인사업자,M
Y,6,36400,0,1400,0,0,30000,A09,개인,F
N,1,7000,0,7000,0,0,0,A06,개인,M
Y,4,11200,0,7000,0,0,4200,A07,개인,M
N,3,7500,5000,2500,0,0,0,A11,개인,F
N,1,2500,0,2500,0,0,0,A03,개인,M
N,2,6400,0,5000,0,0,0,A09,개인,F
N,1,1400,0,0,0,0,0,A09,개인,M
N,1,2500,2500,0,0,0,0,A03,개인,M
N,2,12500,0,10000,0,0,0,A05,개인,M
N,4,10000,7500,2500,0,0,0,A10,개인,F
N,1,5000,0,0,0,0,0,A05,개인,M
N,3,7500,0,0,0,0,0,A04,개인,F
N,3,30000,20000,10000,0,0,0,A07,개인,M
N,1,10000,0,10000,0,0,0,A05,개인,F
N,2,5000,2500,0,0,0,0,A05,개인,M
N,2,3900,0,2500,1400,0,0,A14,개인,M
N,1,2500,0,0,0,0,0,A08,개인,M
N,3,7500,5000,0,0,2500,0,A07,개인,M
N,1,10000,0,0,0,0,0,A08,개인사업자,F
N,1,10000,0,10000,0,0,0,A07,개인,M
N,1,10000,10000,0,0,0,0,A12,개인,M
N,3,22500,2500,20000,0,0,0,A03,개인,M
N,8,18100,0,15600,0,2500,0,_,법인사업자,F
N,1,10000,0,10000,0,0,0,A06,개인,M
N,2,3900,2500,0,1400,0,0,A07,개인,M
N,5,31400,11400,10000,0,0,0,A06,개인,M
Y,5,12800,1400,2500,1400,0,2500,A08,개인,F
N,9,42300,27000,10000,0,0,0,A08,개인,F
N,1,7000,0,7000,0,0,0,A07,개인,M
N,1,1400,0,1400,0,0,0,_,법인사업자,M
N,4,16400,11400,0,0,0,2500,_,공공기관,F
N,1,5000,5000,0,0,0,0,A04,개인,F
N,1,1400,0,1400,0,0,0,A09,개인,F
N,2,12500,12500,0,0,0,0,A01,개인,M
N,10,20900,15600,3900,0,1400,0,A09,개인,F
N,2,9000,0,0,0,0,0,A06,개인,M
N,3,5300,5300,0,0,0,0,A06,개인,F
N,1,7000,0,7000,0,0,0,A09,개인,M
N,1,1400,0,1400,0,0,0,A03,개인,M
N,2,3900,0,2500,0,0,0,A06,개인사업자,M
N,1,1400,0,0,0,0,0,A10,개인,F
N,3,24000,17000,7000,0,0,0,A02,개인,M
N,5,21900,10000,9500,0,0,1000,A12,개인,M
N,1,1400,0,0,0,1400,0,A06,개인,M
N,25,134500,122000,5000,0,0,0,A08,개인,F
N,1,2500,0,2500,0,0,0,A07,개인,F
N,1,7000,0,7000,0,0,0,A04,개인,F
N,1,10000,10000,0,0,0,0,A03,개인,F
N,1,2500,0,2500,0,0,0,A10,개인,M
Y,2,3900,0,0,0,0,1400,A05,개인,M
N,1,10000,0,10000,0,0,0,A06,개인,M
N,1,10000,0,0,0,0,0,A10,개인,M
N,1,7000,7000,0,0,0,0,A08,개인,F
N,1,2500,0,0,0,0,0,A07,개인,F
N,3,7800,1400,0,1400,0,0,A03,개인,M
N,1,10000,0,10000,0,0,0,A07,개인,F
N,4,27000,5000,17000,0,0,0,A08,개인,M
N,1,1400,0,1400,0,0,0,A06,개인,M
N,1,2500,0,0,0,0,0,A05,개인,M
N,3,5300,0,0,0,0,0,A05,개인,F
N,1,1400,1400,0,0,0,0,A05,개인,F
N,1,1400,0,0,1400,0,0,A10,개인,F
N,1,10000,10000,0,0,0,0,A08,개인사업자,F
N,1,2500,0,0,0,0,0,A05,개인,M
N,2,20000,20000,0,0,0,0,A07,개인,M
N,1,5000,0,5000,0,0,0,A05,개인사업자,F
N,4,7800,2500,2800,0,0,0,A11,개인,M
N,1,10000,0,10000,0,0,0,A04,개인,F
N,2,16500,6500,0,0,0,0,A05,개인,F
N,3,5300,1400,1400,0,0,0,A04,개인,M
N,1,7000,0,7000,0,0,0,A06,개인,M
N,1,2500,2500,0,0,0,0,A08,개인,M
N,1,1400,0,0,0,0,0,A08,개인,M
N,2,9500,0,9500,0,0,0,A07,개인,M
N,2,10000,5000,0,5000,0,0,A04,개인,M
N,18,53400,3900,0,46700,0,0,A09,개인,M
N,2,12500,2500,10000,0,0,0,A05,개인,M
N,10,42100,5000,16700,0,6500,0,A07,개인,F
N,2,14000,0,14000,0,0,0,A09,개인,F
N,1,10000,0,0,0,0,0,A07,개인,F
N,3,8900,0,5000,0,3900,0,A06,개인,M
N,1,2500,2500,0,0,0,0,_,법인사업자,M
N,1,10000,0,10000,0,0,0,A03,개인,F
N,1,10000,10000,0,0,0,0,A05,개인,F
N,1,2500,0,2500,0,0,0,A10,개인,F
N,6,25000,25000,0,0,0,0,A08,개인,M
N,1,1400,0,0,1400,0,0,A05,개인,M
N,3,27000,0,27000,0,0,0,A07,개인,F
N,1,2500,0,2500,0,0,0,A08,개인,M
N,1,2500,0,0,2500,0,0,A04,개인,F
N,7,32300,23400,3900,0,0,0,A09,개인,M
N,1,2500,0,2500,0,0,0,A09,개인,M
N,1,5000,0,0,0,0,0,A04,개인,M
N,3,19500,17000,0,0,2500,0,A03,개인,M
N,7,12000,2500,0,0,0,0,A06,개인,F
N,2,6400,5000,0,1400,0,0,A08,개인,M
N,1,7000,0,7000,0,0,0,A05,개인,F
N,3,7500,0,0,7500,0,0,A05,개인,F
N,1,1400,1400,0,0,0,0,A08,개인,F
N,2,3900,1400,0,0,0,0,A09,개인,F
N,4,16400,10000,1400,0,5000,0,A06,개인,F
N,1,1400,0,0,0,1400,0,A11,개인,M
N,4,7800,5000,1400,0,0,0,A10,개인,M
N,1,5000,0,0,5000,0,0,A06,개인,F
N,1,2500,2500,0,0,0,0,A07,개인,M
N,2,12500,0,12500,0,0,0,A05,개인,M
N,1,5000,0,0,0,0,0,_,법인사업자,M
N,3,12800,1400,10000,0,1400,0,_,정식단체,M
N,4,16400,1400,5000,0,0,0,A08,개인,M
N,1,2500,0,0,2500,0,0,A10,개인,F
N,8,11200,11200,0,0,0,0,A08,개인,F
N,2,16400,0,0,0,0,0,A04,개인,M
N,1,10000,0,10000,0,0,0,A03,개인,F
N,1,10000,0,10000,0,0,0,A04,개인,F
N,3,10500,8000,0,0,2500,0,A05,개인,M
N,1,1400,0,0,0,0,0,A06,개인,F
Y,1,1400,0,0,0,0,1400,A09,개인,M
N,2,15000,0,10000,0,0,0,A07,개인,M
N,1,2500,2500,0,0,0,0,A06,개인,F
N,2,3900,0,3900,0,0,0,A08,개인,M
Y,4,29400,14900,12000,0,0,2500,A07,개인,M
N,1,2500,0,0,0,0,0,A08,개인,F
N,1,10000,10000,0,0,0,0,A06,개인,F
N,1,10000,0,10000,0,0,0,A12,개인,M
N,1,10000,10000,0,0,0,0,A06,개인,M
N,1,2500,0,0,0,0,0,_,법인사업자,M
N,1,10000,0,0,0,0,0,A08,개인,M
N,1,7000,0,7000,0,0,0,A03,개인,M
N,3,5300,2800,0,0,0,0,A10,개인,F
N,8,20300,3900,5000,0,0,7500,A04,개인,F
N,3,8900,0,7500,0,1400,0,A07,개인,M
N,2,10000,0,5000,0,0,0,A09,개인,M
N,1,7000,7000,0,0,0,0,A07,개인,F
N,1,5000,0,5000,0,0,0,A06,개인,F
N,1,10000,0,10000,0,0,0,A04,개인,F
N,4,8900,0,6400,0,0,0,_,법인사업자,F
N,1,2500,0,2500,0,0,0,A09,개인사업자,F
N,1,10000,0,10000,0,0,0,A06,개인,M
N,1,2500,2500,0,0,0,0,A06,개인,M
N,1,1400,0,0,0,0,0,A11,개인사업자,M
N,2,8400,0,8400,0,0,0,A04,개인,F
N,2,12400,0,2500,0,0,0,A06,개인,F
N,2,12500,2500,10000,0,0,0,A07,개인,F
N,1,2500,0,0,0,2500,0,A07,개인,M
N,1,7000,0,7000,0,0,0,A05,개인,M
N,5,10600,5600,0,0,0,0,A09,개인,M
Y,2,9000,0,0,0,0,6500,A09,개인,F
N,2,20000,10000,10000,0,0,0,A07,개인,M
N,3,25000,10000,15000,0,0,0,_,법인사업자,M
N,1,2500,0,0,0,0,0,A08,개인,M
N,2,5000,2500,0,2500,0,0,A10,개인,M
N,2,11500,0,0,0,0,0,A06,개인,M
N,2,21400,0,0,0,2500,0,A05,개인,F
N,4,15000,5000,2500,0,0,2500,A02,개인,F
N,6,45000,15000,20000,10000,0,0,A08,개인,F
N,1,7000,0,0,0,0,0,A03,개인,F
N,1,1400,0,0,0,0,0,_,법인사업자,M
N,1,1400,1400,0,0,0,0,A07,개인,M
N,1,2500,0,0,0,2500,0,A07,개인,F
N,2,2800,0,0,2800,0,0,A07,개인,M
N,1,5000,0,0,0,0,0,A08,개인,F
N,1,2500,0,2500,0,0,0,A05,개인,M
N,4,27000,10000,12000,5000,0,0,A07,개인,M
N,1,10000,10000,0,0,0,0,A05,개인,F
N,1,1400,0,1400,0,0,0,A10,개인사업자,M
N,1,6500,0,0,0,0,0,A07,개인,F
N,3,30000,10000,20000,0,0,0,A08,개인,M
N,1,10000,0,10000,0,0,0,A08,개인,M
N,3,20000,10000,10000,0,0,0,A08,개인,M
N,3,18000,10000,7000,0,0,1000,A06,개인,M
N,3,7800,0,0,0,0,0,A07,개인,F
N,2,17000,0,17000,0,0,0,A07,개인,F
N,1,10000,0,10000,0,0,0,A06,개인,F
N,5,12800,1400,2500,0,7500,0,A07,개인,F
N,1,2500,2500,0,0,0,0,A08,개인,F
N,3,5300,2500,0,2800,0,0,A07,개인,F
N,1,5000,0,0,0,0,0,A05,개인,F
N,1,1400,0,0,0,0,0,A07,개인,F
N,1,5000,0,0,0,0,0,A04,개인,F
N,1,2500,0,2500,0,0,0,A08,개인,M
N,13,25100,20900,0,1400,1400,0,A02,개인,M
N,2,5000,0,2500,0,0,0,A04,개인,F
N,1,7000,0,7000,0,0,0,A03,개인,F
N,1,2500,2500,0,0,0,0,A09,개인사업자,M
N,2,9000,0,0,0,9000,0,A03,개인,F
N,1,5000,0,5000,0,0,0,A05,개인,F
N,1,2500,2500,0,0,0,0,A09,개인,F
N,2,5000,0,5000,0,0,0,A08,개인,M
N,1,2500,0,0,0,0,0,A05,개인,M
N,1,10000,10000,0,0,0,0,A05,개인,M
N,1,4500,4500,0,0,0,0,A08,개인,F
N,2,20000,20000,0,0,0,0,A04,개인,F
N,1,7000,0,7000,0,0,0,A06,개인,M
Y,1,2500,0,0,0,0,2500,A03,개인,M
N,4,16400,2500,2500,0,1400,0,A06,개인,F
N,3,25000,10000,5000,0,0,0,A03,개인,F
N,1,5000,0,0,0,0,0,_,법인사업자,M
N,3,21400,10000,10000,0,0,1400,A07,개인,M
N,2,11500,5000,0,0,6500,0,A06,개인,M
N,1,2500,2500,0,0,0,0,A03,개인사업자,F
N,4,5600,5600,0,0,0,0,A07,개인,F
N,1,10000,0,10000,0,0,0,A06,개인,F
N,1,10000,0,0,0,0,0,A07,개인,F
N,2,3900,3900,0,0,0,0,A05,개인,M
N,4,21500,5000,5000,0,0,5000,A06,개인,M
N,1,1400,0,1400,0,0,0,A04,개인,F
N,1,10000,0,10000,0,0,0,A08,개인,M
N,1,2500,0,0,2500,0,0,A06,개인,M
N,5,10300,0,8900,0,1400,0,A10,개인,F
N,2,20000,0,10000,0,0,0,A05,개인,M
N,2,5000,0,2500,0,0,0,A04,개인,M
N,1,5000,0,5000,0,0,0,A06,개인사업자,M
N,1,1400,0,0,0,0,0,A03,개인,M
N,6,40900,20000,17000,0,1400,0,A01,개인,F
N,1,2500,2500,0,0,0,0,A07,개인,F
N,4,21400,10000,5000,0,0,0,A05,개인,M
N,1,10000,0,10000,0,0,0,A03,개인,M
N,1,10000,10000,0,0,0,0,A10,개인사업자,M
N,1,2500,0,0,0,2500,0,A09,개인,F
N,2,3900,3900,0,0,0,0,A10,개인,M
Y,1,1400,0,0,0,0,1400,A07,개인,F
N,1,2500,0,2500,0,0,0,A08,개인,M
N,7,49000,36500,10000,0,0,0,A06,개인,F
N,1,6500,0,0,0,0,0,A06,개인,F
N,2,21400,0,14900,0,0,0,A05,개인,M
N,4,26400,0,20000,0,0,0,A07,개인,F
N,1,4500,4500,0,0,0,0,A05,개인,F
N,2,15000,0,15000,0,0,0,A06,개인,F
Y,6,27500,0,12500,0,0,10000,A08,개인,F
Y,1,2500,0,0,0,0,2500,A07,개인,F
N,3,5300,1400,1400,0,2500,0,A04,개인,F
N,1,10000,10000,0,0,0,0,A05,개인,F
N,3,10000,10000,0,0,0,0,A02,개인,M
N,2,16500,10000,0,0,0,0,A09,개인,F
N,1,2500,2500,0,0,0,0,A08,개인,M
N,1,1400,0,0,0,1400,0,A12,개인사업자,M
N,3,15000,10000,0,0,0,0,A04,개인,M
N,2,5000,0,2500,0,2500,0,A02,개인,M
N,1,10000,10000,0,0,0,0,A08,개인,F
N,2,6400,0,5000,0,0,0,A06,개인사업자,M
Y,2,14100,5000,0,0,0,9100,A08,개인,M
N,8,12300,0,1400,0,0,0,_,개인,M
N,2,19900,0,10000,0,0,0,A06,개인,F
N,2,5000,2500,0,0,0,0,A06,개인,F
N,2,20000,0,20000,0,0,0,A07,개인,M
Y,1,2500,0,0,0,0,2500,A04,개인,M
N,1,1400,1400,0,0,0,0,A08,개인,M
N,5,10300,0,0,2500,0,6400,A02,개인,M
N,7,21200,0,7000,0,3900,2800,A03,개인,F
N,2,8400,0,7000,0,0,0,A04,개인,M
N,3,19500,7000,10000,0,2500,0,A03,개인,M
N,1,7000,0,7000,0,0,0,A10,개인,F
N,1,1400,0,0,0,0,0,A11,개인,M
N,1,2500,2500,0,0,0,0,A08,개인,M
N,1,2500,0,0,0,0,0,A04,개인,M
N,2,5000,0,0,0,5000,0,A07,개인,M
N,1,2500,0,0,0,2500,0,A05,개인,F
N,1,10000,10000,0,0,0,0,A08,개인,F
N,2,3900,0,0,0,1400,0,A06,개인,M
N,2,3900,0,0,0,0,0,A06,개인,M
N,1,2500,0,0,0,0,0,A07,개인,F
N,3,6400,0,5000,0,0,0,A09,개인,F
N,2,7500,2500,0,0,0,0,A03,개인,M
N,1,10000,0,10000,0,0,0,A05,개인,M
N,1,2500,0,2500,0,0,0,A08,개인,F
N,1,1400,1400,0,0,0,0,A04,개인,F
N,2,15000,10000,5000,0,0,0,A05,개인사업자,F
N,1,4000,0,4000,0,0,0,A07,개인,M
N,1,14900,14900,0,0,0,0,A09,개인,F
N,2,14000,0,14000,0,0,0,_,법인사업자,F
N,1,1400,0,0,0,0,0,A12,개인,F
N,5,18900,18900,0,0,0,0,A03,개인,M
N,3,19000,0,0,0,0,0,A05,개인,F
N,1,1400,0,0,0,0,0,A11,개인,F
N,2,2800,0,0,0,0,0,A07,개인,M
N,1,1400,0,0,0,0,0,A08,개인,F
N,1,10000,10000,0,0,0,0,A07,개인,F
N,1,10000,10000,0,0,0,0,A07,개인,M
N,1,4000,0,4000,0,0,0,A06,개인,F
N,2,12500,2500,10000,0,0,0,A10,개인,F
N,1,9900,0,9900,0,0,0,A03,개인,M
N,1,2500,0,0,0,2500,0,A03,개인,M
N,1,2500,0,2500,0,0,0,A08,개인,F
N,1,5000,5000,0,0,0,0,A03,개인,M
N,2,6400,5000,0,0,0,0,A08,개인,M
N,2,5000,0,0,0,0,2500,A03,개인,F
N,1,10000,0,0,0,0,0,A13,개인,M
N,1,10000,0,10000,0,0,0,A06,개인,M
N,1,1400,1400,0,0,0,0,A04,개인,F
N,1,10000,0,10000,0,0,0,A11,개인,F
N,2,16500,0,6500,0,0,0,A06,개인,F
N,1,5000,0,0,0,0,0,A08,개인,M
N,2,5000,2500,0,0,0,2500,A11,개인사업자,F
N,1,1400,0,0,0,1400,0,A12,개인사업자,F
N,1,10000,0,0,0,0,0,A09,개인,M
N,3,6400,0,0,6400,0,0,A08,개인,M
N,1,1400,0,0,0,1400,0,A04,개인,F
N,1,5000,5000,0,0,0,0,A03,개인,F
N,1,10000,0,10000,0,0,0,A11,개인,F
N,1,2500,0,0,2500,0,0,A05,개인,M
N,1,1400,0,0,0,0,0,A07,개인,F
N,1,10000,0,10000,0,0,0,A08,개인,M
N,1,10000,0,10000,0,0,0,A06,개인,M
N,11,32000,12500,8900,0,1400,1400,A05,개인,F
N,2,12500,2500,10000,0,0,0,A08,개인,M
N,2,20000,10000,0,0,0,0,A07,개인,M
N,1,14900,14900,0,0,0,0,A03,개인,M
N,4,17500,7500,10000,0,0,0,A05,개인,F
Y,1,2500,0,0,0,0,2500,A11,개인,M
N,6,23300,6400,0,0,0,0,A06,개인,F
N,3,25000,0,20000,0,0,0,A05,개인,M
N,4,45200,0,9900,0,0,0,A09,개인,F
N,1,1400,0,0,0,0,0,A12,개인,F
N,3,6400,0,1400,5000,0,0,A08,개인,M
N,2,5000,0,0,0,0,0,A05,개인,F
N,2,5000,0,0,0,0,0,A05,개인,M
Y,1,1400,0,0,0,0,1400,A05,개인,M
N,1,1400,0,0,1400,0,0,A09,개인사업자,F
N,2,3900,0,0,0,0,0,A05,개인,F
N,1,10000,0,0,0,0,0,A05,개인,F
N,2,5000,0,0,2500,2500,0,A06,개인,F
N,2,3900,0,0,0,1400,0,A06,개인,F
Y,1,2500,0,0,0,0,2500,A07,개인,M
N,2,17000,10000,7000,0,0,0,A10,개인,F
N,1,10000,0,10000,0,0,0,A06,개인,M
N,3,15400,0,14000,0,1400,0,A05,개인,M
N,4,12500,0,0,12500,0,0,A08,개인,F
N,3,22000,0,17000,5000,0,0,A08,개인,F
N,1,2500,0,0,0,0,0,A07,개인,F
N,1,7000,0,7000,0,0,0,A08,개인,F
N,2,12500,0,2500,0,0,0,A07,개인,M
N,1,2500,0,0,0,0,0,A04,개인,F
N,1,2500,0,0,0,0,0,A06,개인,M
N,2,5000,2500,0,2500,0,0,A09,개인사업자,F
N,1,2500,0,0,0,0,0,A07,개인,F
N,1,10000,0,10000,0,0,0,A06,개인,F
N,1,10000,0,10000,0,0,0,A06,개인,F
N,2,9500,0,7000,0,0,0,A04,개인,F
N,1,2500,0,0,0,0,0,A08,개인,F
N,5,10300,0,1400,0,2500,0,A04,개인,M
N,1,10000,0,10000,0,0,0,A08,개인,F
N,1,7000,0,0,0,0,0,A06,개인,M
N,1,2500,0,2500,0,0,0,A07,개인,F
N,1,2500,0,2500,0,0,0,A09,개인,F
N,5,27800,10000,15000,0,2800,0,A08,개인,F
N,5,39900,14900,0,0,0,0,A06,개인,F
N,5,9200,0,6400,0,1400,0,A07,개인,F
N,1,6500,0,0,0,0,0,A05,개인,F
N,1,2500,0,0,0,0,0,A05,개인,M
N,6,12800,0,0,0,0,0,A06,개인,M
N,3,14000,0,5000,0,9000,0,A06,개인,F
N,3,5300,0,2500,2800,0,0,A09,개인,M
N,2,5000,0,0,0,0,0,A05,개인,M
N,1,10000,0,10000,0,0,0,A10,개인,M
N,6,38200,13200,15000,0,5000,0,A05,개인,F
N,1,5000,0,5000,0,0,0,A13,개인,M
N,1,10000,0,10000,0,0,0,A06,개인사업자,M
N,1,2500,0,0,0,2500,0,A04,개인,M
N,1,10000,0,10000,0,0,0,A03,개인,F
N,1,14900,14900,0,0,0,0,A07,개인,M
N,1,5000,0,0,0,0,0,_,개인사업자,F
N,1,10000,0,10000,0,0,0,A07,개인,F
N,2,24900,14900,10000,0,0,0,A06,개인,M
N,1,2500,0,2500,0,0,0,A11,개인,F
N,2,20000,10000,10000,0,0,0,A05,개인,M
N,3,7500,0,0,0,7500,0,A09,개인,F
N,3,7500,0,0,0,0,0,A05,개인,F
N,4,15000,0,0,0,0,5000,A10,개인,M
N,1,2500,0,0,0,2500,0,A07,개인,M
N,2,15000,0,5000,10000,0,0,A03,개인,F
N,4,22000,0,10000,0,0,0,A05,개인,M
N,1,5000,0,5000,0,0,0,A07,개인,M
N,1,2500,0,0,0,0,0,A05,개인,F
N,1,10000,0,0,0,0,0,A07,개인,M
N,1,5000,0,0,0,0,0,A03,개인,F
N,1,2500,0,0,2500,0,0,A06,개인,F
Y,3,16400,10000,5000,0,0,1400,A07,개인,F
Y,1,2500,0,0,0,0,2500,A08,개인,M
N,3,25000,10000,10000,0,0,0,A05,개인,M
N,1,2500,0,0,0,2500,0,A05,개인,F
N,7,29800,2500,7000,0,0,15000,A15,개인,M
N,8,18900,2500,5000,11400,0,0,A10,개인사업자,M
N,3,11400,1400,0,0,0,0,A07,개인,F
N,1,2500,0,0,0,0,0,A05,개인,M
N,3,9800,1400,7000,0,0,0,A07,개인,F
N,1,5000,0,0,5000,0,0,A10,개인,F
N,1,2500,0,0,0,0,0,A05,개인,M
N,4,8900,5000,0,0,0,0,A07,개인,M
N,3,10000,0,0,0,0,0,A06,개인,F
N,1,1400,0,0,1400,0,0,A08,개인,F
N,1,2500,0,0,0,0,0,A04,개인,M
Y,6,15300,0,0,0,1400,13900,A08,개인,M
N,1,9900,0,0,0,0,0,A08,개인,M
N,4,22800,10000,10000,0,0,1400,_,법인사업자,M
N,3,5300,0,0,0,0,0,A08,개인,M
N,2,12500,0,0,10000,0,0,A05,개인,M
N,2,6400,0,0,0,0,0,A06,개인,M
N,5,17500,5000,5000,0,0,2500,A10,개인,M
N,1,2500,0,0,0,0,0,A10,개인,F
N,1,1400,0,1400,0,0,0,A07,개인,F
N,1,5000,0,0,0,0,0,A07,개인,F
N,4,20000,1400,0,0,0,0,A05,개인,M
N,1,1400,0,0,0,0,0,A05,개인,F
Y,3,6400,0,0,2500,0,2500,A09,개인,F
N,1,2500,0,0,0,0,2500,_,법인사업자,F
N,1,6500,0,0,0,0,0,A06,개인,F
N,5,5400,0,0,0,0,0,A07,개인,F
N,2,20000,10000,10000,0,0,0,A09,개인,M
Y,1,1400,0,0,0,0,1400,A07,개인사업자,M
N,1,6500,0,0,0,6500,0,A05,개인,F
N,2,7500,5000,0,0,0,0,A09,개인,F
N,1,2500,0,0,2500,0,0,A05,개인,F
N,2,7500,0,0,0,0,0,A07,개인,M
N,2,11000,0,10000,1000,0,0,A08,개인,F
N,7,40300,5000,16300,0,19000,0,A08,개인,M
N,1,36400,0,0,0,0,0,A04,개인,M
N,6,21700,0,0,0,4200,10000,A08,개인,M
N,2,17000,7000,10000,0,0,0,A06,개인,F
N,1,2500,0,0,0,0,0,A08,개인,F
N,2,6400,1400,0,5000,0,0,A08,개인,F
N,2,9000,0,0,0,9000,0,A05,개인,F
N,2,14900,0,5000,0,0,0,A06,개인,F
N,1,10000,0,10000,0,0,0,A06,개인,M
N,1,36400,0,0,0,0,0,A07,개인,M
N,1,2500,0,0,0,0,0,A10,개인사업자,F
N,1,10000,10000,0,0,0,0,A09,개인,M
N,1,1400,0,0,1400,0,0,A09,개인사업자,M
N,13,32500,0,0,32500,0,0,A01,개인,F
N,1,6500,0,0,0,6500,0,A05,개인,M
N,4,17800,5000,10000,2800,0,0,A09,개인,F
N,3,22500,10000,10000,0,0,0,A05,개인,F
N,1,1400,0,0,0,1400,0,A07,개인,M
N,2,7500,0,0,0,0,0,A05,개인,M
N,1,1400,0,0,1400,0,0,A10,개인,M
N,1,5000,0,0,0,0,0,A04,개인,F
N,1,1400,0,0,0,0,0,A05,개인,F
N,1,1400,0,0,1400,0,0,A05,개인,M
N,3,7500,0,0,7500,0,0,A09,개인,M
N,1,6500,0,0,0,0,0,_,정식단체,F
N,2,9000,0,6500,0,0,0,A03,개인,F
N,2,3900,1400,0,0,0,0,A06,개인,F
N,1,10000,0,0,0,0,0,A05,개인,M
N,2,5000,0,0,0,0,0,A06,개인,F
N,1,1400,0,0,0,0,0,A02,개인,M
N,1,2500,0,0,2500,0,0,A08,개인,F
N,5,12400,1000,3900,0,0,0,A08,개인,M
N,1,2500,0,0,0,0,0,A11,개인,M
N,2,5000,2500,0,0,0,0,A06,개인,F
Y,1,1400,0,0,0,0,1400,A07,개인,M
N,1,10000,0,0,0,0,0,A05,개인,M
N,1,10000,0,0,0,0,0,A05,개인,M
N,2,46400,0,0,0,0,0,A06,개인,M
Y,1,1400,0,0,0,0,1400,A08,개인,M
N,3,12000,0,2500,7000,0,0,A07,개인,F
N,1,5000,0,0,0,0,0,A06,개인사업자,F
N,1,10000,0,0,0,0,0,A11,개인,F
N,5,9200,2500,3900,1400,0,0,A04,개인,F
N,1,1400,0,0,0,0,0,A05,개인,M
N,2,7500,0,5000,0,2500,0,A08,개인,M
N,1,6500,0,0,0,6500,0,A10,개인,F
N,1,2500,0,0,0,0,0,A10,개인사업자,F
N,2,7500,0,0,0,2500,0,A07,개인,F
N,3,10400,0,2500,1400,0,0,A03,개인,F
N,3,6400,1400,0,0,2500,0,A03,개인,F
N,3,17500,0,10000,0,0,2500,A08,개인,F
N,2,3900,0,0,0,3900,0,A06,개인,M
N,2,10000,0,5000,0,0,0,A08,개인,F
N,1,2500,0,0,0,2500,0,A06,개인,F
N,3,14500,7000,0,0,0,2500,A07,개인,M
N,1,1400,0,0,0,1400,0,A07,개인,F
N,1,2500,0,0,0,0,0,A06,개인,F
N,1,10000,10000,0,0,0,0,A05,개인,M
N,1,2500,0,0,0,0,0,A08,개인,M
N,1,2500,0,0,0,0,0,A08,개인,M
N,2,24900,14900,10000,0,0,0,A04,개인,F
N,2,6400,0,5000,0,0,0,A08,개인,F
N,1,10000,0,10000,0,0,0,A04,개인,M
N,5,9200,1400,1400,0,2500,1400,A10,개인,F
N,1,2500,0,0,0,0,0,A10,개인,F
N,3,15000,2500,0,0,0,0,A05,개인,F
Y,2,11400,0,10000,0,0,1400,A07,개인,M
N,2,5000,0,0,0,5000,0,A02,개인,F
N,1,2500,0,0,0,2500,0,A08,개인,M
N,1,6500,0,0,0,0,0,A05,개인,F
N,2,7900,0,0,0,0,0,A05,개인,M
N,1,4500,4500,0,0,0,0,A06,개인,F
N,1,2500,0,0,0,2500,0,A07,개인,M
N,1,6500,0,0,0,0,0,A04,개인,F
N,1,2500,0,0,0,0,0,A06,개인,M
N,2,13000,0,0,6500,0,0,A05,개인,F
N,2,5000,0,0,0,0,0,A07,개인,F
N,1,10000,0,0,0,0,0,A04,개인,F
N,2,3900,0,0,0,0,0,A11,개인,M
N,1,9900,0,0,0,0,0,A06,개인,F
N,1,1400,0,0,0,0,0,A05,개인,M
N,2,15000,0,5000,0,0,0,A07,개인,M
N,6,10600,0,1400,0,1400,2500,A06,개인,M
N,3,5300,1400,0,3900,0,0,A07,개인사업자,F
N,12,16800,0,0,0,4200,0,A05,개인,F
N,1,1400,0,0,0,1400,0,A07,개인,M
N,5,21200,0,17000,2800,0,0,A08,개인,M
N,1,2500,0,0,2500,0,0,A07,개인,M
N,1,1400,0,0,0,0,0,A05,개인,F
N,2,3900,0,0,0,0,0,A05,개인,F
N,1,1400,0,0,1400,0,0,A06,개인,M
N,1,5000,0,0,0,0,0,A11,개인,M
N,1,5000,0,0,0,0,0,A04,개인,M
N,2,2800,0,0,2800,0,0,A07,개인,F
N,2,13000,0,0,0,6500,0,A05,개인,M
N,1,1400,0,0,1400,0,0,A06,개인,F
N,1,2500,0,0,0,0,0,A07,개인사업자,M
N,1,2500,0,0,2500,0,0,A10,개인,F
N,1,1400,0,0,1400,0,0,A07,개인,M
N,2,10000,0,5000,0,0,0,A11,개인,F
N,1,10000,0,0,0,0,0,A06,개인,M
N,1,2500,0,0,2500,0,0,A08,개인,M
N,2,7900,0,0,0,0,0,A06,개인,F
N,1,2500,0,0,0,0,0,A11,개인,M
Y,6,12800,0,0,0,0,12800,A10,개인,M
N,1,6500,0,0,0,0,0,A04,개인,F
Y,3,4900,0,0,0,1000,1400,A04,개인사업자,M
N,1,1400,0,0,0,1400,0,A10,개인,M
N,4,11400,2500,5000,1400,2500,0,A09,개인,M
N,2,11500,6500,0,0,0,0,A05,개인,F
N,1,2500,0,0,0,0,0,A09,개인사업자,M
N,2,3900,1400,0,0,2500,0,A03,개인,F
N,2,7500,0,0,0,2500,0,A07,개인,F
N,2,7500,0,0,7500,0,0,A10,개인,M
N,1,2500,0,0,2500,0,0,A07,개인,F
N,1,1400,0,0,0,0,0,A05,개인,F
N,1,2500,0,0,0,2500,0,A06,개인,F
N,2,20000,10000,0,0,0,0,A06,개인,M
N,2,2800,0,0,0,0,0,A04,개인,F
N,1,2500,0,0,0,0,0,A05,개인,M
N,1,7000,0,0,7000,0,0,A06,개인,M
N,3,4200,1400,0,0,1400,0,A06,개인,M
N,11,60300,20000,13900,0,2500,0,A05,개인,F
N,1,2500,0,0,0,0,0,A08,개인,F
N,1,2500,0,0,0,0,0,A06,개인,F
N,2,11400,0,10000,1400,0,0,A04,개인,M
N,1,1400,0,0,0,0,0,A06,개인,M
N,1,2500,0,0,2500,0,0,A07,개인,M
N,1,1400,0,0,1400,0,0,A08,개인,F
N,1,5000,0,0,0,0,0,A08,개인,M
N,2,2800,0,0,2800,0,0,A03,개인,M
N,1,2500,0,0,0,0,0,A06,개인,M
Y,2,12500,10000,0,0,0,2500,A05,개인,M
N,1,5000,0,0,0,0,0,A06,개인,F
N,3,5300,2500,0,0,0,0,A06,개인,F
N,11,27300,8900,10000,0,0,0,A01,개인,M
N,1,10000,0,0,10000,0,0,A06,개인,F
N,1,5000,0,0,0,0,0,A08,개인,M
N,1,2500,0,0,2500,0,0,A09,개인,F
N,1,2500,0,0,2500,0,0,A05,개인,M
N,1,6500,0,0,0,0,0,A06,개인,F
N,2,5000,0,0,0,0,0,A04,개인,M
N,3,30000,0,0,0,0,0,A04,개인,F
N,2,5000,0,0,0,0,0,A05,개인,F
N,1,2500,0,0,0,0,0,A06,개인,F
N,4,25000,10000,10000,0,0,0,A05,개인,F
N,1,5000,0,0,0,5000,0,A08,개인사업자,F
N,1,1400,0,0,0,0,0,A08,개인,F
N,1,2500,2500,0,0,0,0,A14,개인사업자,M
N,1,1400,0,0,0,0,0,A08,개인,M
N,1,2500,0,0,0,0,0,A14,개인,F
N,3,4200,0,0,0,0,0,A05,개인,F
N,1,14900,14900,0,0,0,0,A04,개인,M
N,2,12500,0,0,0,0,0,A06,개인,F
N,1,2500,0,0,0,2500,0,A04,개인,F
N,1,1400,0,0,1400,0,0,A08,개인,F
N,1,2500,0,0,2500,0,0,A11,개인,F
N,1,5000,5000,0,0,0,0,A08,개인,M
N,1,7000,0,0,0,0,0,A06,개인,M
Y,1,1400,0,0,0,0,1400,A08,개인,M
N,5,7000,0,1400,4200,0,0,A09,개인,M
N,1,5000,0,0,0,0,0,A09,개인,M
N,1,1400,0,0,0,0,0,_,공공기관,M
N,9,38900,13900,10000,5000,0,0,A06,개인,F
N,2,8400,0,7000,0,0,0,A04,개인,M
N,2,11400,0,10000,0,0,0,A09,개인사업자,M
N,16,45700,2500,9800,13100,13900,0,A07,개인,F
N,1,5000,0,5000,0,0,0,A04,개인,M
N,1,1400,0,0,1400,0,0,A11,개인,M
N,2,5000,0,2500,0,2500,0,A09,개인,M
Y,2,6500,4000,0,0,2500,0,A09,개인,F
N,1,10000,0,10000,0,0,0,A04,개인,M
N,3,13900,0,10000,0,1400,2500,A08,개인,M
Y,2,5000,0,0,0,2500,2500,A08,개인,M
Y,2,2800,0,1400,0,0,1400,A07,개인,M
N,1,7000,0,0,0,0,0,A08,개인,M
N,2,16500,0,10000,0,0,0,A06,개인,F
N,3,7500,0,0,0,0,0,A06,개인,M
N,3,13900,0,10000,0,0,0,A05,개인,F
N,1,2500,0,0,0,2500,0,A09,개인,F
N,1,1400,0,0,0,1400,0,A06,개인,M
N,1,2500,0,0,0,0,0,A06,개인,M
N,1,10000,10000,0,0,0,0,A10,개인,M
N,1,5000,0,0,0,0,0,A06,개인,F
N,1,5000,0,0,0,5000,0,_,법인사업자,M
N,19,59500,6500,5000,0,0,0,A06,개인,M
N,4,13900,1400,0,0,0,0,A03,개인,M
Y,1,7000,0,7000,0,0,0,A08,개인,F
Y,1,2500,0,0,0,0,2500,A09,개인,M
N,2,3900,0,0,0,2500,0,A06,개인,M
N,1,1400,0,0,0,0,0,A02,개인,F
N,3,6400,0,1400,0,0,0,A05,개인,F
N,2,12500,10000,0,0,2500,0,A08,개인,M
N,4,11400,0,0,5000,0,1400,A06,개인,F
Y,1,5000,5000,0,0,0,0,A08,개인사업자,M
N,2,3900,0,2500,0,0,0,A09,개인,M
N,3,5300,2500,1400,0,0,0,A11,개인,F
N,2,17000,10000,7000,0,0,0,A04,개인,M
N,2,15000,10000,0,0,0,0,A06,개인,F
N,5,10300,3900,0,0,6400,0,A14,개인,M
N,2,11500,0,0,0,6500,0,A04,개인,F
N,11,24800,0,0,12500,9800,0,A08,개인,M
N,3,27900,2500,0,0,0,0,A05,개인,F
N,2,2800,1400,0,0,0,0,A02,개인,F
N,1,2500,0,0,0,2500,0,A09,개인,F
N,2,5000,0,0,0,5000,0,A08,개인,M
N,1,2500,0,2500,0,0,0,A10,개인사업자,M
N,4,13500,2500,0,0,0,0,A09,개인,F
Y,3,21400,0,10000,10000,0,1400,A07,개인사업자,F
N,5,19800,1400,7000,0,0,1400,A08,개인,F
N,1,2500,0,0,0,0,0,A10,개인,F
N,3,22500,2500,0,0,0,0,A06,개인,F
Y,1,2500,2500,0,0,0,0,A04,개인,M
N,2,2800,0,0,0,0,0,A05,개인,F
N,3,6400,0,2500,0,0,0,A05,개인,F
N,9,23200,0,0,0,0,0,A05,개인,F
N,1,1400,0,0,0,0,0,A09,개인,M
N,1,10000,0,0,0,0,0,A05,개인,F
N,1,2500,0,0,0,0,0,A07,개인,M
N,2,3900,0,2500,1400,0,0,A10,개인,F
N,1,2500,0,0,0,2500,0,A09,개인,M
N,2,3900,0,0,0,0,0,A05,개인,F
N,1,6500,0,0,0,6500,0,A06,개인,M
N,3,10400,1400,2500,0,0,0,A06,개인,M
N,2,5000,0,0,0,0,0,A06,개인,F
N,3,12800,0,10000,2800,0,0,A08,개인사업자,M
N,2,9000,0,0,0,2500,0,A04,개인,M
N,3,22900,0,0,0,0,0,A05,개인,F
N,2,11400,10000,0,0,1400,0,A07,개인,M
N,2,3900,1400,0,0,0,0,A09,개인,F
N,2,5000,0,0,0,5000,0,A06,개인,M
N,2,6400,0,0,0,0,0,A08,개인,F
N,1,2500,0,2500,0,0,0,A08,개인,M
N,2,2800,0,2800,0,0,0,A06,개인,M
N,1,2500,0,0,0,0,0,A05,개인,M
N,2,7900,0,0,0,0,0,A10,개인,M
N,1,2500,0,0,0,0,0,A07,개인,F
N,2,3900,0,0,2500,0,0,A13,개인사업자,F
N,5,10300,0,0,0,7800,0,A06,개인,M
N,9,34200,0,0,0,5300,0,A05,개인,F
N,1,6500,0,0,0,0,0,A09,개인,M
N,3,15000,0,0,0,0,0,A05,개인,M
Y,1,1400,0,0,1400,0,0,A08,개인,M
N,1,9900,0,0,0,0,0,A06,개인,M
N,4,22500,0,5000,0,7500,0,A08,개인,M
N,6,33400,2500,10000,10900,0,0,A08,개인,F
N,2,2800,0,1400,0,0,0,A13,개인,M
N,2,12000,0,7000,0,0,0,A05,개인,F
N,1,2500,0,0,0,0,0,A07,개인,M
N,1,2500,0,0,2500,0,0,A05,개인,M
N,1,5000,0,0,0,0,0,A06,개인,M
N,2,10000,0,0,0,0,0,A10,개인,F
N,4,8900,2500,0,0,0,0,A08,개인사업자,F
N,1,5000,0,5000,0,0,0,A07,개인,F
N,2,17000,10000,7000,0,0,0,A08,개인사업자,M
N,2,2800,0,0,0,0,0,A05,개인,M
N,5,30400,0,0,0,0,0,A04,개인,M
N,2,12500,0,2500,10000,0,0,A08,개인,F
Y,1,1400,0,0,0,0,1400,_,정식단체,F
N,2,7900,0,0,0,0,0,A07,개인,M
N,1,2500,0,0,0,0,0,A09,개인,M
N,1,1400,0,0,0,1400,0,A10,개인,F
N,1,2000,0,2000,0,0,0,A07,개인,M
N,1,2500,0,0,2500,0,0,A10,개인,F
N,1,5000,0,0,5000,0,0,A10,개인사업자,M
N,1,2500,0,0,0,2500,0,A05,개인,F
N,1,2500,0,0,0,2500,0,_,법인사업자,M
N,1,10000,0,0,0,0,0,A06,개인,F
N,3,9800,0,1400,0,1400,0,A06,개인,F
N,2,2800,0,0,1400,0,0,A06,개인,M
N,1,2500,0,0,0,0,0,A06,개인,F
N,4,16400,10000,0,1400,0,0,A08,개인,F
N,6,9500,0,4200,0,0,0,A07,개인,F
N,1,14900,0,14900,0,0,0,A02,개인,F
N,1,1400,0,0,0,0,0,A10,개인,F
Y,1,10000,0,10000,0,0,0,A08,개인,F
N,1,1400,0,0,1400,0,0,A10,개인,M
N,1,1400,0,0,0,0,0,A08,개인,F
N,1,2500,0,0,0,0,0,A10,개인,M
N,2,7500,0,0,0,0,2500,A12,개인,M
N,4,6700,0,0,6700,0,0,A07,개인,M
N,5,10300,1400,5000,0,0,0,A04,개인사업자,F
N,3,6400,0,0,6400,0,0,A09,개인,F
N,1,1400,0,0,1400,0,0,A07,개인,M
N,3,5300,0,0,0,0,0,A08,개인,F
N,1,1400,0,0,0,0,0,A07,개인,F
N,1,1400,0,0,0,0,0,A06,개인,F
N,2,3500,0,0,0,3500,0,A03,개인,M
N,2,6400,0,0,0,0,5000,_,법인사업자,F
N,1,2500,0,0,0,2500,0,A05,개인,F
N,1,2500,0,0,0,2500,0,A09,개인,M
N,2,8400,1400,7000,0,0,0,A05,개인,F
N,1,2500,0,0,2500,0,0,A09,개인,F
N,1,2500,0,0,0,2500,0,A07,개인,M
N,1,2500,0,0,0,2500,0,A08,개인,M
N,3,13900,0,10000,0,0,0,A06,개인,M
N,3,25000,10000,10000,5000,0,0,A07,개인,M
N,4,7800,2500,0,0,3900,0,A08,개인,M
N,2,15000,0,0,0,0,0,A09,개인,F
Y,3,7800,0,0,0,0,2800,A07,개인,F
N,1,2500,0,0,0,0,0,A06,개인,F
N,2,2800,0,0,2800,0,0,A07,개인,M
Y,2,11400,0,10000,0,0,1400,A07,개인,F
N,4,8900,0,0,2500,0,0,A01,개인,F
N,3,19500,0,0,0,0,0,A05,개인,F
N,1,5000,0,0,0,0,0,A06,개인,M
N,3,7500,2500,0,0,0,0,A02,개인,M
N,4,22500,2500,7000,0,0,0,A06,개인,M
N,5,9200,0,0,1400,5300,0,A10,개인,M
N,1,5000,0,0,0,0,0,A05,개인,M
N,2,24900,14900,10000,0,0,0,A08,개인,M
N,1,1400,0,0,0,0,0,A08,개인,M
N,3,6400,0,1400,0,0,0,A05,개인,M
N,1,2500,2500,0,0,0,0,A07,개인,M
N,6,40500,16500,10000,0,6500,0,A04,개인,M
N,1,5000,0,0,5000,0,0,A07,개인,F
N,3,6400,0,0,3900,0,0,A08,개인,F
N,4,11200,0,7000,0,0,0,A06,개인,M
N,1,1400,0,0,0,1400,0,A03,개인,F
N,1,5000,0,0,0,0,0,A08,개인,M
N,1,2500,0,0,0,2500,0,A06,개인,M
N,1,6500,0,0,0,0,0,A10,개인,F
N,2,2800,0,0,0,0,0,A10,개인,F
N,5,35900,0,0,0,0,0,A04,개인,F
N,4,11400,0,5000,2500,0,0,A06,개인,F
N,1,1400,0,0,1400,0,0,_,법인사업자,M
N,2,9500,0,0,0,0,0,A08,개인,M
N,13,31300,20400,3900,0,7000,0,A07,개인,M
N,1,5000,0,5000,0,0,0,A07,개인,F
N,4,12800,0,10000,0,0,0,A05,개인,M
N,3,14400,0,0,0,0,0,A05,개인,M
N,3,11500,0,2500,0,9000,0,A10,개인,M
N,1,10000,10000,0,0,0,0,A05,개인,M
N,4,15900,6400,7000,0,0,0,A07,개인,F
N,1,2500,0,0,0,0,0,A06,개인,F
N,2,13000,0,6500,0,0,0,A06,개인,F
Y,2,3900,0,0,0,0,3900,A09,개인,F
N,1,2500,0,0,0,0,0,A03,개인,M
N,1,5000,0,0,0,0,0,A08,개인,M
N,1,2500,0,0,0,2500,0,A06,개인,M
N,2,12000,0,7000,5000,0,0,A07,개인,F
N,2,11400,10000,0,0,0,0,A07,개인,M
N,1,5000,0,0,0,0,0,A05,개인,M
N,1,1400,0,0,0,0,0,A06,개인,M
N,1,10000,10000,0,0,0,0,A10,개인사업자,F
N,2,3900,0,0,0,0,0,A07,개인사업자,F
N,1,6500,0,0,0,0,0,A06,개인,F
N,2,2800,1400,0,0,0,0,A05,개인,F
N,3,12000,0,7000,0,0,0,A06,개인,M
N,1,5000,0,0,0,0,0,A09,개인,M
N,1,6500,0,0,0,0,0,A05,개인,M
N,1,1400,0,0,1400,0,0,A08,개인,F
N,1,1400,0,0,1400,0,0,_,정식단체,M
Y,6,17800,5000,0,0,2500,5300,A06,개인,F
N,1,2500,0,0,0,0,0,A09,개인,M
N,1,6500,0,0,0,0,0,A07,개인,F
N,1,5000,0,0,0,0,0,A09,개인,M
N,1,5000,0,0,0,0,0,A05,개인,F
N,3,7500,0,2500,0,2500,0,A08,개인사업자,M
N,2,11400,10000,0,0,0,0,_,개인사업자,F
N,2,11400,0,10000,1400,0,0,A08,개인,M
N,2,5000,0,0,0,0,0,A09,개인,F
N,2,8400,0,7000,0,1400,0,A06,개인,M
N,1,1400,0,0,1400,0,0,A08,개인사업자,M
N,3,11400,0,0,0,0,0,A10,개인,M
N,3,14500,2500,7000,0,0,0,A06,개인,M
N,1,1400,0,0,1400,0,0,_,법인사업자,M
Y,1,2500,0,0,0,0,2500,A07,개인,M
N,1,1400,0,0,1400,0,0,A11,개인,M
N,1,2500,0,0,0,0,0,A08,개인,F
N,1,2500,0,0,0,2500,0,A04,개인,F
N,2,3900,0,0,2500,0,0,A04,개인,F
N,2,8400,0,7000,0,1400,0,A14,개인,F
N,1,1400,0,0,0,0,0,A10,개인,M
Y,1,1400,0,0,0,0,1400,A03,개인,M
N,1,1400,0,0,0,0,0,A06,개인,F
Y,1,2500,0,0,0,0,2500,A07,개인,M
N,1,2500,0,0,0,0,0,A05,개인,M
N,1,2500,0,0,0,2500,0,A04,개인사업자,F
N,1,5000,0,0,0,0,0,_,법인사업자,F
N,1,2500,2500,0,0,0,0,_,개인사업자,F
Y,1,6500,0,0,0,0,6500,A07,개인,M
N,3,8900,0,0,0,0,0,A06,개인,F
N,1,1400,0,0,0,0,0,A07,개인,M
N,1,1400,0,0,0,0,0,A12,개인,M
N,8,39300,0,14000,0,0,0,A06,개인,M
Y,2,5000,5000,0,0,0,0,A05,개인,M
N,1,5000,0,0,0,0,0,A07,개인사업자,M
N,1,6500,6500,0,0,0,0,A07,개인,M
N,1,2500,0,0,0,2500,0,A07,개인사업자,M
N,1,2500,0,0,0,0,0,_,법인사업자,F
N,1,2500,0,0,0,2500,0,A04,개인,M
N,1,2500,0,0,0,0,0,_,법인사업자,F
N,1,2500,0,0,0,2500,0,A08,개인,F
Y,1,5000,0,0,0,0,5000,A10,개인,M
N,1,1400,0,0,0,0,0,A08,개인,M
N,1,2500,0,0,0,0,0,A08,개인,F
N,3,4200,0,0,0,0,0,A09,개인,M
Y,1,2500,0,0,0,0,2500,A08,개인,F
N,1,5000,0,0,0,0,0,A10,개인,F
N,2,7500,0,5000,0,2500,0,A08,개인,F
N,1,10000,0,0,0,0,0,A05,개인,F
N,1,1400,0,1400,0,0,0,A09,개인,M
N,3,8900,0,0,3900,0,0,A09,개인,M
N,3,10000,0,0,5000,0,5000,A11,개인,F
N,1,5000,0,0,0,0,0,A06,개인,M
N,1,2500,0,0,0,0,0,A11,개인,F
N,1,5000,0,0,0,0,0,A01,개인,M
N,1,2500,0,0,0,2500,0,A05,개인사업자,M
N,1,2500,0,0,0,0,0,A05,개인,F
N,2,3900,0,0,0,0,0,A04,개인,M
N,3,6400,0,0,0,0,0,A05,개인,F
N,1,2500,0,0,0,0,0,A07,개인,F
N,1,1400,0,0,0,0,0,A05,개인,F
N,1,2500,0,0,0,0,0,A06,개인,F
N,1,1400,0,0,0,1400,0,A11,개인,M
N,4,10300,0,1400,0,0,0,A13,개인,M
N,2,11500,0,6500,0,0,5000,A04,개인,M
N,1,2500,0,0,0,2500,0,A06,개인,F
N,1,10000,0,0,0,0,0,A05,개인,F
N,4,12500,0,0,0,0,0,A06,개인,F
Y,1,1400,0,0,0,0,1400,A03,개인,M
N,1,1400,0,0,0,0,0,A10,개인,F
N,2,3900,0,0,0,2500,0,A06,개인,F
N,1,2500,0,0,0,0,0,A09,개인,M
N,1,2500,0,0,0,0,0,A08,개인,F
N,10,24200,2500,2500,0,0,5000,A08,개인,M
N,2,5000,0,0,0,0,0,A06,개인,M
N,7,33900,0,0,10000,0,0,A05,개인,M
N,1,2500,0,0,0,0,0,A07,개인,F
Y,5,12800,1400,0,0,0,6400,A03,개인,M
N,2,6400,5000,0,0,1400,0,A10,개인,F
N,3,11500,0,0,0,0,0,A06,개인,F
Y,2,11400,10000,0,0,0,1400,A05,개인,F
N,2,5000,0,2500,0,0,0,A05,개인,M
N,1,1400,0,0,0,0,0,A07,개인,M
N,1,2500,0,0,0,2500,0,A11,개인,M
N,5,7000,0,0,0,0,0,A03,개인,F
N,2,3900,0,2500,0,0,0,A07,개인,M
N,1,6500,0,0,0,0,0,A05,개인,M
N,2,10000,0,5000,0,0,0,A09,개인,M
N,1,5000,0,0,0,0,0,A04,개인,M
N,1,1400,0,0,0,0,0,A09,개인,F
N,1,5000,0,0,0,0,0,A09,개인,M
N,3,13900,0,1400,0,0,0,A07,개인,M
N,1,2500,0,0,0,0,0,A06,개인,M
N,2,2800,0,0,0,2800,0,A06,개인,M
N,2,2800,0,0,0,2800,0,A11,개인,M
N,1,1400,0,0,0,0,0,A04,개인,M
N,1,1400,0,0,0,0,0,A06,개인,F
N,3,10900,0,7000,0,3900,0,A09,개인,M
N,1,2500,0,0,0,2500,0,A07,개인,F
N,1,10000,0,0,0,0,0,A06,개인,F
N,2,5000,0,0,0,2500,0,A07,개인,F
N,4,7800,1400,2500,0,1400,0,A09,개인사업자,F
Y,1,10000,10000,0,0,0,0,A07,개인,F
N,1,1400,0,0,0,1400,0,A10,개인,M
N,1,1400,0,0,0,0,0,A09,개인,F
N,2,20000,10000,10000,0,0,0,A07,개인,M
N,3,49400,0,0,0,0,0,A06,개인,M
N,5,28500,2500,0,0,0,0,A05,개인,F
N,1,1400,0,0,0,0,0,A05,개인,F
N,2,11300,0,1400,0,0,0,A05,개인,M
N,3,16400,0,0,0,0,0,A06,개인,F
N,1,6500,0,0,0,0,0,_,법인사업자,M
N,2,9500,0,7000,0,0,0,A06,개인,M
N,2,7500,0,0,0,0,0,A05,개인,F
N,1,5000,0,0,0,0,0,A10,개인,F
N,1,10000,0,10000,0,0,0,A03,개인,F
Y,1,5000,0,0,0,0,5000,A07,개인,M
N,3,10000,0,0,0,2500,0,A04,개인,M
N,2,7500,0,0,0,0,0,A05,개인,M
N,1,2500,0,0,0,0,0,A12,개인,M
N,1,2500,0,0,0,0,0,A09,개인,F
N,1,10000,0,10000,0,0,0,A06,개인,F
N,1,6500,0,0,0,0,0,A09,개인,M
N,5,29400,14900,7000,0,2500,5000,A08,개인,F
N,1,7000,0,0,0,0,0,A06,개인,F
N,2,6400,0,0,0,0,0,A08,개인,M
N,2,12500,0,10000,0,0,0,A03,개인,F
N,2,11500,0,0,0,0,0,A05,개인,M
N,3,4200,1400,0,0,0,0,A04,개인,M
N,1,1400,0,0,1400,0,0,A08,개인,F
N,1,2500,0,0,0,0,0,A06,개인,M
N,1,1400,0,0,0,0,0,A06,개인,M
Y,1,1400,1400,0,0,0,0,A11,개인,F
N,2,13000,0,0,0,0,0,A04,개인,F
N,1,5000,0,0,0,0,0,A08,개인사업자,F
N,1,2500,0,0,0,0,0,A05,개인,F
N,2,10000,0,5000,0,0,0,A09,개인,M
Y,1,5000,0,0,0,0,5000,A08,개인,M
N,1,1400,0,0,0,0,0,A08,개인,F
N,1,9900,0,0,0,0,0,A06,개인,M
N,2,12400,0,0,0,0,0,A04,개인,F
N,2,5000,0,0,0,0,0,A02,개인,M
N,1,7000,0,7000,0,0,0,A04,개인,F
N,1,5000,0,0,0,0,0,A04,개인,M
N,7,10700,0,4900,4800,0,0,A10,개인,F
N,1,1400,0,0,0,1400,0,_,개인사업자,F
N,4,9200,0,5000,2800,0,0,A07,개인,F
N,1,5000,0,0,0,0,0,A08,개인,M
N,1,2500,0,0,0,2500,0,A09,개인,M
N,4,22000,0,0,0,15500,0,A04,개인,F
N,4,5600,0,2800,1400,0,0,A06,개인,M
N,3,9300,0,0,0,0,0,A11,개인,F
N,4,16300,0,7000,0,9300,0,A06,개인,F
Y,1,2500,0,0,0,0,2500,A02,개인,M
Y,1,2500,0,0,0,0,2500,A07,개인,F
N,1,2500,0,0,0,2500,0,A07,개인,M
N,5,15400,0,0,0,0,0,A04,개인,F
Y,1,1400,0,0,0,0,1400,A09,개인,F
Y,1,2500,0,0,0,0,2500,_,법인사업자,M
N,1,10000,0,0,0,0,0,A06,개인,M
N,1,10000,0,0,0,10000,0,A07,개인,F
N,5,45000,0,0,0,0,0,A07,개인,F
N,2,2800,1400,0,0,0,0,A05,개인,F
N,1,10000,0,0,0,0,0,A05,개인,F
N,6,11700,0,2500,0,3900,0,A07,개인,M
Y,3,5300,0,0,0,0,2500,A10,개인사업자,M
N,1,1400,0,0,0,0,0,A11,개인,F
N,4,17500,0,0,0,0,2500,A06,개인,F
N,1,2500,0,0,0,2500,0,A06,개인,M
N,10,25800,0,10900,1400,0,0,A09,개인,F
Y,2,2800,0,0,0,0,2800,A07,개인사업자,F
N,1,6500,0,0,0,6500,0,A09,개인사업자,F
N,1,2500,0,0,2500,0,0,A09,개인,M
N,1,1400,0,0,1400,0,0,A08,개인,F
N,2,5000,0,0,0,0,0,A02,개인,M
N,1,2500,0,0,0,0,0,A02,개인,M
N,3,4200,0,0,0,0,0,A07,개인,F
N,4,15300,2500,10000,0,0,0,A03,개인,M
N,2,5000,0,0,0,5000,0,A09,개인,F
N,1,5000,0,0,0,0,0,A06,개인,M
N,4,21500,10000,6500,0,0,0,A03,개인,F
Y,3,4200,1400,0,0,0,1400,A08,개인사업자,F
N,2,12500,0,0,0,0,0,A07,개인,M
N,1,2500,0,0,0,0,0,A11,개인,F
N,1,1400,0,0,0,0,0,A06,개인,M
N,1,7000,0,7000,0,0,0,A04,개인,M
N,4,8800,0,1400,1400,0,0,A07,개인,F
N,7,43500,10000,9500,0,0,0,A05,개인,F
N,1,2500,0,0,0,0,0,A04,개인,F
N,1,2500,0,0,0,0,0,A09,개인,F
N,1,2500,0,0,0,2500,0,A05,개인,M
N,1,1400,0,0,0,1400,0,A05,개인,F
N,1,2500,0,0,0,2500,0,A03,개인,M
Y,1,9900,0,0,0,0,0,A06,개인,M
N,3,8900,1400,0,0,0,0,A05,개인,F
N,2,7500,0,0,0,0,0,A10,개인,M
N,1,1400,0,0,1400,0,0,A10,개인,F
N,2,15000,0,10000,0,0,0,A03,개인,M
N,1,10000,0,0,0,0,0,A11,개인,M
N,1,2500,0,0,0,0,0,A10,개인,M
N,1,1400,0,0,0,1400,0,_,법인사업자,M
N,1,1400,0,0,0,0,0,A04,개인,M
Y,1,2500,0,0,0,0,2500,A06,개인,M
N,1,1400,0,0,0,0,0,A11,개인,F
N,1,2500,0,0,0,0,0,_,개인,M
N,1,5000,0,0,0,0,0,A09,개인,M
N,1,2500,0,0,0,0,0,_,개인,M
N,5,45000,0,20000,0,0,0,A05,개인,F
N,1,2500,0,0,0,0,0,A05,개인,M
N,5,15400,0,6500,0,0,0,A06,개인,F
N,3,5300,0,1400,0,1400,0,A06,개인,M
N,1,2500,0,0,0,0,0,A10,개인,F
N,1,6500,0,0,0,0,0,A06,개인,M
N,2,2800,2800,0,0,0,0,A06,개인사업자,F
N,1,2500,0,0,0,0,0,A05,개인,F
N,1,1400,0,0,0,0,0,A07,개인,M
N,1,2500,0,0,0,0,0,A05,개인,F
N,1,5000,0,0,0,0,0,A06,개인,F
N,4,10300,0,5000,0,0,0,A06,개인,F
N,1,2500,0,0,0,0,0,A09,개인,M
N,2,5000,0,0,0,2500,0,A06,개인,F
N,1,2500,0,0,0,0,0,A04,개인사업자,F
N,1,6500,0,0,0,0,0,A09,개인,M
N,2,20000,0,10000,10000,0,0,A07,개인,M
N,1,2500,0,0,0,0,0,A11,개인,F
N,1,1400,0,0,0,0,0,A04,개인,M
N,3,7500,0,0,2500,0,0,A07,개인,F
Y,1,5000,0,0,0,0,5000,A10,개인,F
N,1,2500,0,0,0,0,0,A10,개인,F
N,1,700,0,0,0,0,0,A05,개인,F
N,2,17000,10000,7000,0,0,0,A04,개인,M
N,1,2500,0,0,0,0,0,A05,개인,M
N,2,3900,2500,0,0,1400,0,_,법인사업자,F
N,1,2500,0,0,0,0,0,A05,개인,F
N,1,1400,0,0,0,0,0,A08,개인,F
N,1,5000,0,0,0,0,0,A07,개인,F
N,1,2500,0,0,0,0,0,A06,개인,F
N,2,8400,7000,0,0,0,0,A04,개인,F
N,7,15600,0,2800,12800,0,0,A08,개인,M
N,4,12500,2500,0,0,0,2500,A06,개인,F
N,2,3900,0,0,3900,0,0,A08,개인,F
N,1,1400,0,0,0,0,0,A08,개인,F
N,5,22900,0,0,0,0,0,A04,개인,M
N,5,12800,0,0,1400,0,5000,A08,개인,F
N,1,1400,0,0,0,0,0,A05,개인,M
Y,2,12000,0,7000,0,0,0,A07,개인사업자,M
N,1,5000,0,0,0,0,0,A04,개인,M
N,1,5000,5000,0,0,0,0,A07,개인,M
Y,1,1400,0,0,0,0,1400,A09,개인,M
N,2,10000,0,0,0,5000,0,A10,개인,F
N,1,5000,0,0,0,5000,0,A06,개인,F
N,3,13900,0,0,0,0,0,A05,개인,F
N,1,2500,0,0,0,2500,0,A08,개인,F
N,1,2500,0,2500,0,0,0,A04,개인,M
Y,2,7500,0,0,0,0,2500,A10,개인,F
N,2,5000,0,0,0,0,0,A07,개인,F
N,1,1400,0,0,0,0,0,A07,개인,M
N,3,10000,0,0,0,0,0,A04,개인,M
N,1,1400,0,0,1400,0,0,A05,개인,F
N,1,1400,0,0,1400,0,0,_,법인사업자,M
Y,1,1400,0,0,0,0,1400,A04,개인,F
Y,1,2500,0,0,0,0,2500,A08,개인,M
Y,1,2500,0,0,0,0,2500,A07,개인,F
N,3,12500,0,5000,0,0,0,A09,개인,M
N,5,10600,0,1400,5000,1400,0,A06,개인,F
N,1,1400,0,0,0,1400,0,A09,개인사업자,F
N,1,5000,0,0,0,0,0,A07,개인,F
N,1,1400,0,0,1400,0,0,A04,개인,M
N,3,4200,0,2800,0,0,0,A08,개인,M
N,1,2500,0,0,2500,0,0,A05,개인사업자,F
N,3,4200,0,0,0,1400,0,A09,개인사업자,M
Y,1,2500,0,0,0,0,0,A06,개인,F
N,1,6500,0,0,0,0,0,A05,개인,F
N,1,1400,0,0,0,0,0,A08,개인,F
N,3,10000,0,7500,0,2500,0,A05,개인,F
N,7,12000,2800,0,0,0,0,A09,개인,M
N,1,1400,0,0,0,1400,0,A08,개인,M
Y,2,3900,0,2500,0,0,1400,A06,개인,F
N,9,35800,0,15000,5000,0,0,A05,개인,M
N,2,3900,1400,0,0,2500,0,A05,개인,M
N,4,15000,0,0,0,0,0,A09,개인,F
N,3,10000,0,0,0,2500,2500,A13,개인,F
N,2,20000,0,10000,10000,0,0,_,법인사업자,M
N,1,2500,2500,0,0,0,0,A05,개인,F
N,1,1400,0,0,1400,0,0,A07,개인,M
N,4,8900,0,0,0,0,0,_,개인,M
N,1,2500,0,0,0,2500,0,A03,개인,F
N,1,1400,0,0,1400,0,0,A07,개인,M
N,1,7000,0,0,7000,0,0,A06,개인,F
N,3,4200,0,1400,2800,0,0,A06,개인,M
N,1,1400,0,0,0,0,0,A08,개인,F
Y,4,25000,0,5000,0,0,20000,A07,개인,M
N,2,2800,0,0,2800,0,0,A04,개인,F
Y,1,1400,0,0,0,0,1400,A09,개인,M
N,2,2800,0,0,0,0,0,A11,개인,M
N,1,5000,0,0,0,5000,0,A07,개인,M
N,2,5000,0,0,0,0,0,A07,개인,M
N,1,6500,0,0,0,0,0,A07,개인,M
N,3,4200,1400,0,1400,1400,0,A07,개인,F
N,3,10000,0,0,10000,0,0,A06,개인,F
N,1,5000,0,0,0,5000,0,A06,개인,M
N,1,5000,0,0,0,0,0,A10,개인,F
N,1,5000,0,0,0,0,0,A03,개인,M
N,1,5000,0,0,0,0,0,A09,개인,M
N,1,2500,0,2500,0,0,0,A06,개인,M
N,1,1400,0,0,0,0,0,A08,개인,F
N,1,5000,0,0,0,0,0,A07,개인사업자,M
N,1,2500,2500,0,0,0,0,A06,개인,F
N,2,7500,0,5000,0,0,0,A05,개인,M
N,3,19500,0,0,0,0,0,A05,개인,F
N,2,3900,2500,0,0,0,0,A07,개인,F
N,2,12000,0,7000,0,5000,0,A08,개인,M
N,1,1400,0,0,0,0,0,A06,개인,M
N,2,2800,0,0,0,2800,0,A05,개인,F
N,1,1400,0,0,0,0,1400,A06,개인,M
N,1,2500,0,0,0,0,0,A05,개인,F
N,1,5000,0,0,5000,0,0,A08,개인,M
N,1,1400,0,0,0,0,0,A07,개인,M
Y,1,1400,0,0,0,0,1400,A07,개인,F
N,1,1400,0,0,0,0,0,A08,개인,F
N,1,6500,0,0,0,0,0,A07,개인,F
N,1,2500,0,0,0,0,0,A06,개인,M
N,2,12500,0,0,0,0,0,A05,개인,F
N,2,7500,0,0,0,0,0,A07,개인사업자,M
N,1,7000,0,7000,0,0,0,A06,개인,F
N,4,23900,0,0,0,0,0,A05,개인,M
N,1,6500,0,0,0,6500,0,A06,개인,M
N,2,3900,0,0,0,0,0,A05,개인,M
N,1,1400,0,0,0,0,0,A07,개인,M
N,1,2500,0,0,0,2500,0,A02,개인,F
N,3,7800,0,0,1400,1400,0,A07,개인,F
N,2,9000,0,0,0,0,0,A08,개인,F
N,2,3900,0,0,1400,0,2500,A05,개인,M
N,1,2500,0,0,0,2500,0,A06,개인,F
N,1,6500,0,0,0,0,0,A04,개인,F
N,1,1400,0,0,0,0,0,A04,개인,F
N,1,1400,0,0,1400,0,0,A09,개인,M
N,1,2500,0,0,0,0,0,A14,개인사업자,F
N,1,2500,0,0,0,0,2500,A08,개인사업자,M
N,1,5000,0,0,0,0,0,A04,개인,F
N,3,5300,0,1400,2500,1400,0,A06,개인,M
N,6,12000,2800,0,0,0,1400,A06,개인,M
N,1,2500,0,0,0,0,2500,A03,개인,M
N,1,2500,0,0,0,0,0,A06,개인,F
N,1,1400,0,0,0,0,0,A08,개인,M
N,2,10000,0,5000,0,0,0,A07,개인,M
Y,1,1400,0,0,0,0,1400,A06,개인,M
Y,4,10000,0,0,0,0,7500,A02,개인,M
N,1,2500,0,0,0,2500,0,A07,개인,M
N,1,7000,0,0,0,0,0,A05,개인,F
N,2,3900,1400,0,0,0,0,A09,개인,M
N,1,10000,0,10000,0,0,0,A04,개인,M
N,2,20000,0,0,0,0,0,A05,개인,M
Y,2,12500,2500,10000,0,0,0,A06,개인,F
N,1,6500,0,0,0,0,0,A07,개인,F
Y,1,1400,0,0,0,0,1400,A07,개인,F
N,2,9500,0,7000,0,0,0,A11,개인,F
N,1,1400,0,0,0,1400,0,A06,개인,M
N,1,6500,0,0,0,6500,0,A11,개인,F
N,1,1400,0,0,0,1400,0,A04,개인,F
N,3,12500,0,2500,5000,0,0,A08,개인,M
N,1,2500,0,2500,0,0,0,A06,개인,M
N,1,2500,0,0,0,0,0,A06,개인,M
N,1,1400,0,0,0,0,0,A08,개인,F
N,3,6400,1400,0,0,0,0,A06,개인,F
Y,1,2500,0,0,0,0,0,A10,개인사업자,F
N,1,1400,0,0,0,1400,0,A08,개인사업자,F
N,1,5000,0,0,0,0,0,A02,개인,F
N,2,2800,0,0,0,1400,0,A09,개인,M
N,1,1400,0,0,1400,0,0,A09,개인사업자,M
N,1,1400,0,0,1400,0,0,A11,개인,F
N,1,5000,0,0,0,0,0,A09,개인,M
N,6,15300,2500,5000,0,6400,1400,A09,개인,F
N,1,2500,0,0,2500,0,0,A08,개인,M
N,2,5000,0,2500,0,0,0,A09,개인,M
N,2,10000,0,0,0,5000,0,A05,개인,F
N,1,1400,0,0,0,0,0,A08,개인,F
N,1,2500,0,2500,0,0,0,A10,개인,F
N,1,10000,0,0,10000,0,0,A03,개인,F
N,3,13900,0,10000,0,1400,2500,A04,개인,F
N,1,2500,0,0,0,0,0,A09,개인,M
N,6,11700,1400,1400,0,6400,0,A07,개인,F
N,2,13000,0,0,0,0,0,A04,개인,M
N,1,10000,0,0,0,0,0,A07,개인,M
N,1,6500,0,0,0,6500,0,A05,개인,F
N,1,1000,0,0,0,0,0,A10,개인,F
N,1,10000,0,0,10000,0,0,_,법인사업자,M
Y,1,2500,0,0,0,0,2500,A09,개인,M
N,1,5000,0,0,5000,0,0,A09,개인,F
N,1,1400,0,0,1400,0,0,A09,개인,F
N,1,2500,0,0,0,0,0,A04,개인,F
N,1,10000,10000,0,0,0,0,A05,개인,F
N,2,9000,0,0,2500,0,0,A07,개인,M
N,1,5000,0,0,0,0,0,A04,개인,F
N,1,2500,0,0,0,0,0,A10,개인사업자,F
N,3,13900,0,1400,0,0,0,A01,개인,F
N,1,5000,0,0,0,0,0,A06,개인,F
N,2,3900,0,0,0,0,0,A04,개인,F
N,1,2500,0,0,0,2500,0,A10,개인사업자,M
N,8,16700,2500,0,0,0,0,A05,개인,F
N,1,7000,0,7000,0,0,0,A04,개인,M
N,3,6400,2500,0,2500,0,0,A06,개인,F
N,2,3900,0,0,2500,0,0,A05,개인,M
N,1,1400,0,0,0,1400,0,A06,개인,F
N,4,17000,0,7000,0,2500,0,A08,개인,M
N,2,3900,0,0,0,0,0,A08,개인,M
N,1,2500,0,0,0,0,0,A12,개인,F
N,3,22300,9900,0,0,0,0,A10,개인,F
N,2,9500,0,0,0,0,0,A07,개인,M
N,1,2500,0,0,0,0,0,A08,개인,F
N,1,1050,0,0,1050,0,0,A08,개인사업자,F
N,3,7500,0,0,0,0,0,A05,개인,M
N,1,2500,0,0,0,0,0,A08,개인사업자,M
N,2,3900,2500,1400,0,0,0,A12,개인사업자,F
N,1,1400,0,0,0,0,0,A04,개인,M
N,5,20000,0,0,0,0,0,A03,개인,M
N,1,10000,10000,0,0,0,0,A04,개인,F
N,1,1400,0,0,0,1400,0,A08,개인,M
N,1,2500,0,0,0,0,0,A11,개인,M
N,5,9200,0,1400,0,7800,0,A10,개인,F
N,7,28000,6500,2500,0,9000,0,A04,개인,M
N,1,5000,0,0,0,0,0,A12,개인,M
N,1,1400,0,0,0,1400,0,A07,개인사업자,M
N,1,5000,0,0,0,0,0,A07,개인,F
N,1,1400,0,0,0,0,0,A04,개인사업자,F
N,1,5000,0,0,0,0,0,A06,개인,F
N,2,3900,0,1400,2500,0,0,A07,개인,F
Y,3,12800,0,10000,0,0,2800,A06,개인사업자,F
N,2,11400,0,0,0,0,0,A05,개인,F
N,4,12500,2500,0,0,0,0,A07,개인,F
N,1,10000,0,10000,0,0,0,A11,개인사업자,F
N,1,1400,0,0,1400,0,0,_,법인사업자,F
N,2,6500,0,0,0,0,0,A03,개인,M
N,2,12500,0,10000,0,0,0,A07,개인사업자,F
N,1,5000,0,0,0,0,0,A05,개인,M
N,2,7500,0,0,0,2500,0,A06,개인,M
N,1,2500,0,0,0,0,0,A06,개인,F
N,3,18000,0,0,0,0,0,A05,개인,M
N,7,17800,2500,0,0,0,1400,A07,개인,F
N,1,700,0,0,0,0,0,A05,개인,M
N,2,10000,5000,0,0,0,0,A08,개인,F
N,5,16900,0,7000,0,9900,0,A04,개인,F
N,1,2500,0,0,0,2500,0,A05,개인,F
N,1,2500,0,0,2500,0,0,_,정식단체,F
N,4,22000,5000,0,17000,0,0,A03,개인,M
N,2,2800,0,0,0,1400,1400,A13,개인,F
N,2,7500,0,0,0,0,2500,A06,개인,M
N,1,2500,0,0,0,0,0,A05,개인,M
N,4,5600,1400,0,0,0,0,A07,개인,M
N,1,2500,0,0,0,0,0,A06,개인,M
N,2,3900,0,1400,0,2500,0,A10,개인,M
N,1,2500,0,0,0,2500,0,_,개인사업자,M
N,5,27500,10000,12500,0,0,0,A04,개인,F
N,2,3900,0,0,3900,0,0,A08,개인,M
N,1,10000,0,10000,0,0,0,A05,개인,F
Y,1,1400,0,0,0,0,1400,A03,개인사업자,M
N,1,10000,0,0,0,0,0,A05,개인,M
N,1,10000,10000,0,0,0,0,A07,개인,M
N,1,1400,0,0,0,0,0,A06,개인,F
N,3,4200,0,0,0,0,0,A03,개인,F
Y,2,7500,0,0,0,0,2500,_,개인사업자,F
N,1,1400,0,0,0,1400,0,A05,개인,M
Y,2,3900,0,0,0,0,3900,A07,개인사업자,M
N,2,2800,0,0,0,0,0,A06,개인,F
N,2,2800,0,1400,1400,0,0,A08,개인,M
N,1,1400,0,0,0,0,0,A11,개인,M
Y,9,21000,0,0,0,5000,13500,A09,개인,M
N,3,4200,0,0,0,1400,0,A10,개인,M
N,11,55400,28500,0,0,0,9000,A05,개인,M
N,1,1400,0,0,0,1400,0,A03,개인,F
N,1,1400,1400,0,0,0,0,A09,개인,M
N,3,24000,10000,7000,7000,0,0,A06,개인,M
N,1,10000,0,0,0,0,0,A05,개인,F
N,1,2500,0,0,0,0,0,A06,개인,M
N,1,5000,0,5000,0,0,0,A04,개인,F
N,6,8400,0,0,0,0,0,A06,개인,F
N,2,2800,0,0,1400,1400,0,A03,개인,F
N,1,6500,0,0,0,0,0,A10,개인,F
N,2,38900,0,2500,0,0,0,A07,개인,F
N,1,1400,0,0,0,1400,0,A09,개인,M
Y,1,1400,0,0,0,0,1400,A09,개인사업자,F
N,1,2500,0,0,0,0,0,A07,개인,F
N,2,2800,0,0,2800,0,0,A12,개인,F
N,2,5000,2500,0,0,0,0,A04,개인,M
N,4,10300,2500,6400,0,0,0,A07,개인,F
N,2,3500,0,0,0,0,0,A09,개인,F
N,1,1400,0,0,0,0,0,A11,개인,M
N,2,20000,0,10000,0,0,0,A09,개인,M
N,1,1400,0,0,0,0,0,A12,개인사업자,F
N,1,6500,0,0,0,0,0,A04,개인,F
N,1,1400,0,0,1400,0,0,A08,개인,M
N,1,6500,0,0,0,0,0,A06,개인,F
N,2,17000,10000,7000,0,0,0,A11,개인,F
N,1,2500,0,0,0,2500,0,A08,개인,F
N,1,5000,0,0,0,0,0,A06,개인,M
N,1,5000,0,0,0,0,0,A07,개인,F
N,7,33200,10000,10000,0,0,0,A06,개인,F
N,2,5000,0,0,0,0,0,A01,개인,F
N,1,10000,0,0,10000,0,0,A03,개인,M
N,2,11400,0,10000,0,1400,0,A07,개인사업자,M
N,1,2500,0,0,0,2500,0,A04,개인,M
N,1,5000,0,0,0,0,0,A11,개인사업자,M
N,1,2500,0,0,0,0,0,A07,개인,M
N,1,1400,0,0,1400,0,0,A05,개인,F
N,1,1400,0,0,1400,0,0,A05,개인,F
N,2,8400,0,7000,0,0,0,A06,개인,F
N,1,2500,0,0,0,0,0,A05,개인,F
N,1,10000,0,0,10000,0,0,A04,개인,M
N,2,5000,0,0,0,2500,0,A09,개인,M
N,1,2500,0,0,0,0,0,A08,개인,F
Y,1,2500,0,0,0,0,2500,A10,개인,F
N,4,8900,1400,2500,0,0,0,A07,개인,F
N,3,10000,0,2500,0,0,0,A05,개인,F
N,1,1400,0,0,0,0,0,A05,개인,F
N,2,12500,0,10000,0,0,0,A04,개인,M
N,4,28800,2500,0,0,0,0,A05,개인,M
N,2,7500,2500,0,0,0,0,A04,개인,M
N,3,21400,10000,10000,0,0,0,A06,개인,F
N,3,17000,7000,5000,0,0,0,A05,개인,M
N,4,34900,10000,10000,0,0,0,A05,개인,F
N,1,2500,0,0,0,0,0,A06,개인,M
N,2,5000,0,0,2500,2500,0,_,법인사업자,F
N,1,2500,0,0,2500,0,0,A11,개인,M
N,1,10000,0,10000,0,0,0,A05,개인,F
N,1,7000,0,0,0,0,0,A15,개인사업자,M
N,1,5000,0,0,0,0,0,A05,개인,F
N,1,2500,0,2500,0,0,0,A05,개인,F
N,4,8900,0,0,0,0,0,A03,개인,F
N,3,27900,2500,0,0,6500,0,A05,개인,M
N,2,11500,0,0,0,0,0,A06,개인,F
N,1,1400,0,0,0,0,0,A06,개인,M
N,1,1400,0,0,0,0,0,A10,개인,M
N,2,20000,0,0,0,0,0,A08,개인,F
N,1,2500,0,0,0,0,0,A05,개인,M
N,1,10000,0,10000,0,0,0,A05,개인,F
N,1,2500,0,0,0,0,0,A03,개인,F
N,2,7500,0,5000,0,0,0,A07,개인,F
N,1,10000,0,0,0,0,0,A06,개인,F
N,2,7500,2500,0,0,0,0,A08,개인,F
N,2,5000,0,2500,0,0,0,A07,개인,M
N,3,5300,2500,0,0,0,0,A07,개인,M
N,1,2500,0,0,0,2500,0,A07,개인,M
N,1,6500,0,0,0,0,0,A06,개인,F
Y,2,2800,0,0,1400,0,1400,A08,개인,M
N,1,2500,0,0,0,2500,0,A06,개인,M
N,1,7000,0,7000,0,0,0,A09,개인,M
N,3,10000,0,0,0,0,0,A10,개인,F
N,2,3900,2500,0,0,0,0,A08,개인,M
N,1,1400,0,0,0,1400,0,A06,개인,F
N,1,2500,0,0,0,2500,0,A08,개인사업자,F
N,6,18100,1400,11400,0,5300,0,A09,개인,F
N,1,9900,0,0,0,0,0,A07,개인,M
N,1,2500,0,0,0,0,0,A06,개인사업자,M
N,1,5000,0,0,0,0,0,A04,개인,F
N,1,1400,0,0,1400,0,0,A07,개인,F
N,1,1400,0,0,0,0,0,A04,개인,F
N,1,2500,0,0,0,0,0,A06,개인,F
N,1,1400,0,0,0,0,0,_,법인사업자,F
N,3,26500,0,10000,0,6500,0,A07,개인,F
N,1,5000,0,0,0,0,0,A07,개인,F
N,17,55300,2500,1400,51400,0,0,A08,개인,F
N,1,1400,0,0,0,0,0,A09,개인,F
Y,2,3900,0,0,0,0,3900,A03,개인,F
N,1,10000,0,0,0,0,0,A06,개인,F
N,3,12700,0,1400,0,0,0,A08,개인,F
N,1,2500,0,0,0,0,0,_,법인사업자,M
N,2,3900,0,0,0,0,0,A02,개인,M
N,2,15000,0,10000,0,5000,0,A05,개인,M
N,4,21400,1400,0,5000,0,0,A08,개인,M
N,3,19500,0,0,0,0,0,A06,개인,F
N,1,6500,6500,0,0,0,0,A04,개인,M
N,1,1400,0,0,0,0,0,A07,개인,F
N,2,9000,6500,0,0,2500,0,A05,개인,M
N,4,21400,6500,12400,0,0,0,A04,개인,M
N,4,17500,5000,5000,5000,2500,0,A06,개인사업자,F
N,1,2500,0,0,0,0,0,A10,개인,M
N,1,5000,0,0,5000,0,0,A10,개인,M
N,1,1400,0,0,1400,0,0,A08,개인,M
Y,3,10000,0,5000,0,0,5000,A08,개인,M
N,3,21300,10000,0,0,0,0,A10,개인,F
N,1,5000,0,0,5000,0,0,A07,개인,M
Y,3,4200,1400,1400,0,0,0,A09,개인,F
N,2,12500,0,10000,0,0,0,A09,개인,F
N,2,5000,0,0,0,0,0,A05,개인,M
N,2,12500,10000,0,0,0,0,A08,개인,M
N,1,2500,0,0,0,0,0,A03,개인,M
N,1,6500,0,6500,0,0,0,A07,개인,M
N,3,5300,2500,1400,1400,0,0,A04,개인,F
N,2,2800,0,0,1400,0,0,A07,개인,M
N,3,6400,0,2500,0,0,0,A09,개인사업자,M
N,2,13000,0,0,0,0,0,A06,개인,F
N,10,24200,0,0,0,0,0,A08,개인,M
N,1,2500,0,0,0,0,0,A09,개인,M
N,1,1400,0,0,1400,0,0,A09,개인사업자,M
N,8,18100,5000,5000,0,0,0,A08,개인,F
N,1,1400,0,0,0,0,0,A12,개인사업자,M
N,1,2500,0,0,0,2500,0,A06,개인,F
N,1,2000,0,0,2000,0,0,A05,개인,M
Y,1,2500,0,0,0,0,2500,A12,개인,M
N,1,2500,0,0,0,0,0,A10,개인사업자,F
N,1,1400,0,0,0,0,0,A16,개인,F
N,2,9000,0,0,0,0,0,A07,개인,M
N,6,15700,2800,7900,0,5000,0,A06,개인,F
N,2,7900,0,0,0,0,0,A04,개인,F
N,1,1400,0,0,0,0,0,A05,개인,F
N,2,2800,0,1400,0,1400,0,A11,개인,M
N,6,38300,7000,15000,0,0,0,A03,개인,F
N,1,1400,0,0,0,0,0,A05,개인,F
N,1,1400,0,0,1400,0,0,A06,개인,M
N,1,10000,0,0,10000,0,0,A07,개인,M
N,1,7000,0,7000,0,0,0,A08,개인사업자,F
N,1,2500,0,0,0,0,0,A12,개인,F
Y,2,9000,0,0,0,0,2500,A06,개인,F
N,2,3900,1400,0,0,0,0,A10,개인,F
N,2,6400,0,0,0,0,0,A11,개인,M
N,2,8400,1400,0,0,0,0,A09,개인,M
N,1,2500,0,0,0,2500,0,A03,개인,F
N,1,7000,0,0,7000,0,0,A04,개인,F
N,2,11400,0,10000,0,1400,0,A10,개인,M
N,3,6400,0,0,6400,0,0,A09,개인,F
Y,5,11400,0,2500,0,2500,3900,_,공공기관,F
N,2,3900,0,0,0,0,0,A11,개인,M
N,2,3900,2500,1400,0,0,0,A07,개인,M
N,1,1400,0,0,0,0,0,A08,개인,M
N,1,2500,0,0,0,0,0,A10,개인,F
N,4,7800,2500,0,0,2800,0,A08,개인,F
N,1,2500,0,0,0,0,2500,A09,개인,M
N,1,2500,0,0,2500,0,0,A06,개인,F
N,2,3900,0,0,0,0,2500,A08,개인,F
N,1,5000,0,0,5000,0,0,A07,개인,F
N,1,1400,0,0,0,1400,0,A06,개인,F
N,3,12500,0,2500,0,0,0,A07,개인,M
N,1,10000,0,0,0,0,0,A06,개인,M
N,1,2500,0,0,0,0,0,A07,개인,F
N,1,2500,0,0,0,2500,0,A08,개인,F
N,1,2500,0,0,0,0,0,A04,개인,F
N,3,22400,2500,10000,0,0,0,A08,개인,F
N,1,2500,0,0,0,0,0,A08,개인,M
N,1,5000,0,0,0,0,0,A02,개인,M
Y,3,8900,0,0,0,0,3900,A06,개인,F
N,1,5000,0,0,0,0,0,A07,개인,M
N,1,10000,0,0,0,0,0,A06,개인,F
N,2,12400,0,0,0,0,0,A10,개인,M
N,2,5000,0,0,0,0,0,A11,개인,F
N,2,3900,0,1400,0,2500,0,A06,개인,M
N,1,6500,0,0,0,0,0,A10,개인,M
N,1,5000,0,0,5000,0,0,A09,개인,M
N,3,13900,1400,10000,0,0,0,A04,개인,F
N,1,7000,0,7000,0,0,0,A03,개인,M
N,1,5000,0,0,5000,0,0,_,법인사업자,F
N,1,2500,0,0,0,0,0,A05,개인,F
N,12,50000,12500,10000,0,0,0,A08,개인,F
N,4,7800,0,0,0,0,2800,A09,개인,F
N,1,2500,0,0,0,0,0,A06,개인,M
N,1,2500,0,0,0,2500,0,A09,개인,M
N,1,10000,0,0,0,0,0,A04,개인,F
N,1,2500,0,0,0,0,0,A09,개인,M
N,1,2500,0,2500,0,0,0,A05,개인,F
N,1,10000,0,0,0,0,0,A11,개인,M
N,2,13000,0,0,0,0,0,A09,개인,F
N,3,22500,2500,10000,0,0,0,A05,개인,F
N,1,2500,0,0,2500,0,0,A07,개인,M
N,2,21900,14900,7000,0,0,0,A05,개인,F
N,1,5000,0,0,0,0,0,A05,개인,M
N,2,5000,0,0,0,0,0,A06,개인,F
N,1,2500,0,0,0,2500,0,A08,개인,F
N,3,5300,0,1400,1400,0,0,A09,개인사업자,F
Y,3,21400,10000,10000,0,0,1400,A05,개인,F
N,2,2800,0,0,0,0,0,A07,개인,M
N,3,5300,0,1400,0,0,1400,A04,개인,M
N,2,6400,0,0,0,0,0,A07,개인사업자,F
N,2,5000,0,0,0,2500,0,A07,개인,M
N,1,10000,0,0,0,0,0,A05,개인,F
N,9,26000,10000,0,3500,0,0,A06,개인,M
N,4,32000,10000,7000,10000,0,0,A09,개인,F
N,1,1400,0,0,0,1400,0,A05,개인,F
N,2,7500,0,0,0,2500,0,_,법인사업자,M
N,1,2500,0,0,0,0,0,A08,개인,M
N,2,6400,0,0,0,0,5000,A06,개인,M
Y,1,2500,0,0,0,0,2500,A02,개인,M
N,1,2500,0,0,0,2500,0,A01,개인,F
N,1,1400,0,0,0,1400,0,A05,개인,F
Y,3,6400,0,2500,0,0,3900,A05,개인,M
N,2,11500,0,0,0,6500,0,A08,개인,M
N,1,10000,0,10000,0,0,0,A05,개인,F
Y,1,2500,2500,0,0,0,0,A07,개인,F
N,3,7500,0,0,0,2500,0,A07,개인,F
N,1,5000,0,0,0,0,0,_,개인,M
N,3,6400,0,0,0,2500,0,A09,개인,M
N,4,18900,0,0,0,2500,10000,A08,개인,M
N,1,10000,0,0,0,0,0,A06,개인,F
N,1,2500,0,0,0,2500,0,A11,개인,F
N,1,1400,0,0,1400,0,0,A07,개인,M
N,1,2500,0,0,0,0,0,A03,개인,M
N,2,2800,0,0,0,0,0,A05,개인,F
N,2,5000,0,0,0,2500,0,A09,개인사업자,F
N,1,6500,0,0,0,0,0,A11,개인,M
N,5,37500,10000,20000,0,0,0,A04,개인,F
N,3,6400,2500,2500,0,0,0,A06,개인,M
Y,5,13900,5000,5000,0,0,3900,A03,개인,M
N,1,1400,0,0,0,1400,0,A10,개인,M
N,2,7500,5000,0,0,0,0,A06,개인,F
N,1,14900,0,14900,0,0,0,A07,개인,F
Y,6,13700,2500,0,0,0,8700,A04,개인,F
N,1,10000,10000,0,0,0,0,A11,개인,F
N,2,5000,0,2500,0,0,0,A10,개인,M
N,2,2800,0,0,0,0,0,A05,개인,M
N,1,2500,0,0,0,0,0,A05,개인,M
N,2,2800,1400,0,1400,0,0,A08,개인,F
N,5,35000,10000,20000,0,0,0,A07,개인,M
N,3,5300,0,0,2500,2800,0,A03,개인,F
N,1,2500,0,0,0,0,0,A09,개인,F
N,5,34500,10000,12000,0,0,0,A07,개인,M
N,3,8900,0,2500,0,0,1400,A08,개인,M
Y,1,6500,0,0,0,0,6500,A09,개인,M
N,1,5000,0,0,0,0,0,A03,개인,F
N,4,12500,0,2500,0,0,0,A07,개인,F
N,1,2500,0,0,0,2500,0,A07,개인,M
N,1,10000,10000,0,0,0,0,A03,개인,M
N,1,1400,0,0,0,0,0,A08,개인,M
N,3,6400,0,1400,0,0,0,A05,개인,M
N,1,2500,0,2500,0,0,0,A06,개인,M
N,1,2500,0,0,0,0,0,A10,개인,M
N,2,2800,0,0,0,1400,0,A07,개인,M
N,2,5000,0,0,0,2500,0,A04,개인,F
N,3,10000,2500,0,5000,0,0,A04,개인,F
Y,1,7000,0,7000,0,0,0,A07,개인,F
N,2,10000,0,5000,0,0,0,A08,개인,M
Y,2,15000,5000,0,0,0,10000,A07,개인사업자,M
N,1,5000,0,0,0,0,0,A05,개인,M
N,3,15000,0,0,15000,0,0,A13,개인,M
N,1,6500,0,0,0,0,0,A03,개인,F
N,1,10000,0,0,0,0,0,A03,개인,F
N,1,5000,0,0,0,0,0,A05,개인,F
N,4,10000,0,0,5000,2500,0,A07,개인,M
N,1,1400,0,0,0,0,1400,_,법인사업자,F
N,1,2500,0,0,2500,0,0,A06,개인,F
N,1,2500,0,0,0,0,0,_,법인사업자,M
N,2,28800,0,0,0,0,0,A07,개인,F
N,1,1400,0,0,0,1400,0,A06,개인,M
Y,2,5000,0,0,2500,0,2500,A08,개인,F
N,1,2500,0,0,0,2500,0,A09,개인,F
N,1,2500,0,0,0,2500,0,A07,개인,M
N,4,10700,0,0,0,0,0,A02,개인,M
N,1,2500,0,0,0,0,0,A07,개인,F
N,1,5000,0,0,0,5000,0,A09,개인,F
Y,1,2500,0,0,0,0,2500,A08,개인,F
N,1,2500,0,2500,0,0,0,A07,개인,F
N,1,36400,0,0,0,0,0,A08,개인,F
N,1,10000,0,10000,0,0,0,A07,개인,F
N,2,12500,0,10000,0,2500,0,A07,개인,M
N,1,5000,0,0,0,5000,0,A09,개인,M
Y,1,1400,0,0,0,0,1400,A11,개인,F
N,1,2500,0,0,0,0,0,A05,개인,M
N,1,10000,0,10000,0,0,0,A05,개인,M
N,2,10000,0,5000,0,0,0,A07,개인,M
N,1,5000,0,0,0,0,0,A06,개인,M
N,1,1400,0,0,1400,0,0,A15,개인,M
N,1,6500,0,0,0,0,0,_,공공기관,F
N,2,10000,5000,0,0,0,0,A12,개인,F
N,4,16900,0,0,0,0,0,A11,개인,M
N,1,9900,0,0,0,0,0,A04,개인,M
N,1,1400,0,0,1400,0,0,A08,개인,M
N,1,1400,1400,0,0,0,0,A10,개인,F
N,1,2500,0,0,0,0,0,A09,개인,M
N,3,16400,10000,0,0,5000,1400,A07,개인,F
N,2,2400,0,0,0,0,0,_,개인사업자,M
N,2,7500,0,0,0,5000,0,A05,개인,M
N,1,10000,0,0,0,0,0,A06,개인,F
N,2,2800,0,0,0,0,1400,A05,개인,M
N,1,2500,0,0,0,0,0,A06,개인,F
N,1,9900,0,0,0,0,0,A06,개인,M
N,1,1400,0,0,0,0,0,A10,개인,M
N,2,5000,0,0,0,0,0,A04,개인,M
N,2,9700,3200,0,0,0,0,A05,개인,M
N,1,2500,2500,0,0,0,0,A07,개인사업자,M
N,1,1400,0,0,1400,0,0,A03,개인,F
N,1,5000,0,0,5000,0,0,A08,개인,M
N,3,7500,0,0,7500,0,0,A09,개인,F
N,3,7500,0,0,0,0,0,A05,개인,F
N,1,9900,0,0,0,0,0,A12,개인,M
N,1,2500,0,0,0,2500,0,_,개인,F
N,2,5000,0,0,0,0,0,A05,개인,F
Y,2,5000,2500,2500,0,0,0,A04,개인,F
N,1,7000,0,7000,0,0,0,A07,개인,F
N,3,4200,0,1400,0,2800,0,A08,개인,F
N,1,1400,0,0,0,0,0,A07,개인,F
N,5,32600,14900,5000,0,2800,0,A06,개인,M
N,1,2500,0,0,0,0,0,A06,개인,M
N,7,17800,0,0,0,0,0,A07,개인,F
N,1,1400,0,0,1400,0,0,A05,개인,M
N,1,2500,0,0,0,0,2500,A11,개인사업자,M
N,2,9000,0,0,0,0,0,A08,개인,M
N,1,2500,0,0,2500,0,0,A07,개인,M
N,3,6400,0,0,0,0,0,A09,개인,F
N,1,2500,0,0,0,0,0,A05,개인,F
N,2,3900,0,0,1400,0,0,A04,개인,M
N,1,5000,0,0,0,0,0,A04,개인,M
Y,2,3900,0,0,0,0,3900,A09,개인사업자,M
N,3,6400,0,0,0,0,0,A07,개인,M
N,2,16500,0,0,0,0,0,A05,개인,F
N,1,2500,0,0,0,0,0,A06,개인,M
N,3,5300,3900,0,0,1400,0,A10,개인,F
N,1,2500,0,0,0,0,0,A06,개인,F
N,1,5000,0,0,0,5000,0,A07,개인,F
N,1,1000,0,0,0,0,1000,A10,개인,F
N,4,21400,10000,5000,1400,0,0,A06,개인,M
N,1,1400,0,0,0,1400,0,A05,개인,M
N,6,18700,0,7000,6400,5300,0,A09,개인,F
N,1,1400,0,1400,0,0,0,A07,개인,M
N,6,34500,7500,0,0,0,0,A06,개인,F
N,1,1400,0,0,0,0,0,_,법인사업자,M
N,1,10000,0,10000,0,0,0,A04,개인,M
N,1,2500,0,0,0,0,0,A05,개인,F
Y,1,1400,0,0,0,0,1400,A12,개인,F
N,5,23400,9000,0,0,0,0,A08,개인,M
Y,3,14500,0,7000,5000,0,2500,A06,개인,M
N,1,2500,0,0,0,0,0,A11,개인,M
N,1,2500,0,0,0,2500,0,A10,개인,F
N,5,41400,0,0,0,0,0,A04,개인,F
N,6,7950,1875,2925,0,3150,0,A06,개인,M
Y,3,7800,0,1400,0,0,6400,A07,개인,M
N,4,13900,0,6400,0,0,0,A10,개인,F
N,3,14400,0,0,0,0,0,A06,개인,F
N,1,2500,0,0,0,2500,0,A09,개인,M
N,1,5000,0,0,5000,0,0,A09,개인,F
N,3,11400,0,0,0,0,0,_,공공기관,M
Y,7,16400,2500,0,0,3900,10000,A08,개인,F
N,5,8100,0,0,0,0,0,A05,개인,F
N,2,3900,2500,0,0,1400,0,A08,개인,F
N,6,8400,1400,1400,0,1400,2800,A04,개인,F
N,2,3400,0,2000,1400,0,0,_,법인사업자,F
N,2,2800,0,1400,1400,0,0,A04,개인,M
N,2,7500,0,0,7500,0,0,A11,개인,M
N,1,1400,0,0,1400,0,0,A06,개인,M
N,1,5000,0,0,0,0,0,A08,개인,F
N,2,6750,0,0,0,0,0,A11,개인,F
N,1,2500,0,0,0,0,0,A04,개인,M
N,1,1400,0,0,0,0,0,A08,개인,M
N,3,12500,5000,0,0,0,0,A09,개인,M
Y,4,8900,0,0,1400,0,5000,A08,개인사업자,F
N,2,15000,10000,0,0,0,0,A08,개인,M
N,12,56700,33900,12500,0,1400,2500,A05,개인,F
N,1,1400,0,0,0,0,0,_,법인사업자,M
N,2,5000,0,0,0,2500,2500,A08,개인,M
N,1,6500,0,0,0,6500,0,A04,개인,F
N,3,5300,0,1400,3900,0,0,A08,개인,F
N,1,2500,0,0,0,0,0,A05,개인,M
Y,4,31400,10000,10000,0,0,11400,A03,개인,F
N,1,2500,0,0,0,0,0,A07,개인,F
N,1,2500,0,0,0,2500,0,A08,개인,M
N,3,12800,10000,0,1400,0,1400,A05,개인,M
N,1,6500,0,0,0,0,0,A06,개인,F
N,1,5000,0,0,0,0,0,A06,개인,M
N,1,2500,0,0,0,0,0,A05,개인,F
N,2,5000,2500,0,0,2500,0,A03,개인,M
N,1,9900,0,0,0,0,0,A03,개인,F
N,1,2500,0,0,0,0,0,A09,개인,F
N,2,19900,14900,5000,0,0,0,A04,개인,M
N,2,2800,0,1400,0,1400,0,_,법인사업자,M
N,4,12500,0,0,0,0,0,A05,개인,M
N,1,2500,0,0,0,0,0,A07,개인,M
N,1,1400,0,0,0,1400,0,A06,개인,F
N,4,10300,0,0,0,2800,0,A06,개인,F
N,1,2500,0,0,0,0,0,A08,개인,F
N,1,7000,0,7000,0,0,0,A09,개인,F
N,1,5000,0,0,0,0,0,A07,개인,F
N,1,5000,0,0,5000,0,0,A08,개인,M
N,3,12500,0,0,0,0,0,A06,개인,M
N,2,3900,0,2500,0,0,0,A05,개인,F
N,3,22900,22900,0,0,0,0,A02,개인,M
N,1,5000,0,0,0,0,0,A09,개인,F
N,3,4200,1400,0,0,0,0,A11,개인,M
N,1,1400,0,0,0,0,0,A06,개인,M
N,3,7800,1400,1400,0,5000,0,A11,개인,M
N,7,30300,12500,10000,1400,0,1400,A03,개인,M
N,1,2500,0,0,0,0,0,A05,개인사업자,F
N,2,7500,0,0,7500,0,0,A09,개인,F
N,1,2500,0,0,0,2500,0,A08,개인사업자,F
N,1,2500,0,0,0,0,0,A06,개인,F
Y,1,1400,0,0,0,0,1400,A08,개인,M
N,1,10000,0,0,0,0,0,A06,개인,M
N,1,9900,0,0,0,0,0,A10,개인사업자,M
N,1,6500,0,0,0,0,0,A04,개인,M
N,1,2500,0,0,0,0,0,A05,개인,M
N,1,6500,0,0,0,0,0,A05,개인,M
N,3,13900,0,0,0,0,0,A05,개인,F
N,1,2500,0,0,0,0,0,A05,개인,M
N,5,12800,1400,0,3900,5000,0,A08,개인,F
Y,1,10000,0,10000,0,0,0,A06,개인,M
Y,7,43000,16500,10000,0,6500,10000,A03,개인,F
N,1,5000,0,0,0,0,0,A09,개인,F
N,3,7500,2500,0,0,5000,0,A10,개인,M
N,1,1400,0,0,0,1400,0,A07,개인,F
N,2,5000,0,0,0,0,0,A05,개인,M
N,5,30800,0,0,0,0,0,A05,개인,F
N,2,5000,0,0,0,0,0,A05,개인,M
N,1,1400,0,0,0,1400,0,_,법인사업자,M
N,3,25000,10000,0,0,0,0,A06,개인사업자,M
Y,1,1400,0,0,0,0,0,A06,개인,F
N,1,10000,0,10000,0,0,0,A07,개인,F
N,1,1400,0,0,1400,0,0,A10,개인,F
N,1,2500,0,0,0,0,0,A08,개인,M
N,1,2500,0,0,0,0,0,A08,개인,F
N,1,2500,0,0,0,0,0,A11,개인,F
N,1,5000,0,0,0,0,0,A11,개인,F
N,1,10000,0,0,0,0,0,A05,개인,F
N,1,2500,0,0,0,2500,0,A09,개인,F
N,1,2500,0,0,0,0,0,A04,개인,F
Y,1,1400,0,0,0,1400,0,A06,개인,M
N,1,1400,0,0,1400,0,0,A10,개인,F
N,1,2500,0,0,0,0,0,A05,개인,M
N,1,2500,0,0,0,0,0,A06,개인,F
N,1,1400,0,0,1400,0,0,A09,개인,F
N,1,2500,0,0,0,0,0,A05,개인,F
N,1,1400,0,0,0,0,0,A06,개인,F
N,1,2500,0,0,0,2500,0,A10,개인,M
N,1,2500,0,0,0,0,0,A05,개인,F
N,1,10000,0,10000,0,0,0,A08,개인,M
N,5,10300,1400,0,0,0,0,A06,개인,M
N,3,18000,5000,0,0,0,0,A06,개인,M
N,1,2500,0,0,0,0,0,A05,개인,F
N,1,2500,0,0,0,2500,0,A07,개인,F
N,1,2500,0,0,0,0,0,A07,개인,F
N,1,5000,0,0,0,0,0,A05,개인,M
N,3,13900,0,10000,0,0,0,A07,개인,F
Y,1,1400,0,0,0,0,1400,A07,개인,M
N,1,2500,0,0,0,2500,0,A07,개인,F
N,1,14900,0,14900,0,0,0,A09,개인,F
N,1,5000,0,0,0,0,0,A05,개인,F
N,1,6500,0,0,0,0,0,A08,개인,M
N,1,9900,0,0,0,0,0,A05,개인,F
N,1,2500,0,0,0,0,0,A06,개인,M
N,1,1400,0,0,0,0,0,A12,개인사업자,F
N,1,5000,0,0,0,0,0,A10,개인,M
N,1,6500,0,0,0,6500,0,A10,개인,F
N,1,5000,5000,0,0,0,0,A10,개인,M
N,2,9000,0,0,0,2500,0,A09,개인,F
N,5,9200,0,0,0,2800,3900,A04,개인,F
N,1,10000,0,0,10000,0,0,A08,개인,M
N,1,2500,0,0,0,2500,0,A04,개인,M
N,1,2500,0,0,0,0,0,A08,개인,M
N,4,6700,0,2800,3900,0,0,A08,개인,M
N,5,12800,0,5000,5000,1400,0,A08,개인,M
N,3,19500,0,17000,0,0,0,A05,개인,F
N,1,2500,0,0,0,0,0,A12,개인사업자,M
N,4,8900,0,0,0,0,0,A05,개인,F
N,2,3900,0,0,0,0,0,A06,개인,F
N,1,2500,0,2500,0,0,0,A05,개인,F
N,1,1400,0,0,0,1400,0,A06,개인,F
N,1,1400,0,0,0,0,0,A07,개인,M
N,1,2500,0,0,0,2500,0,A07,개인,M
N,2,7900,1400,0,6500,0,0,A09,개인,F
N,1,10000,0,0,0,0,0,A04,개인,F
N,2,3900,0,0,2500,0,0,A09,개인,F
N,1,1400,0,0,0,0,0,A07,개인,F
N,2,5000,0,0,0,0,0,A06,개인,F
N,1,2500,0,0,0,2500,0,A09,개인,F
N,1,2500,0,0,0,0,0,A03,개인,F
N,6,17900,0,0,0,0,0,A06,개인,M
N,1,7000,0,0,0,0,0,A07,개인,F
N,1,2500,0,0,0,2500,0,A07,개인,M
N,2,11400,0,0,0,0,0,A09,개인사업자,F
N,2,5000,0,0,0,0,0,A09,개인사업자,M
N,1,5000,0,0,0,0,0,A06,개인,F
N,4,14800,0,7000,2800,0,0,A08,개인,M
N,1,2500,0,2500,0,0,0,A04,개인,M
N,1,2500,0,0,0,0,0,A11,개인사업자,F
N,1,10000,0,10000,0,0,0,A07,개인,M
N,3,15000,10000,0,0,0,0,A11,개인,F
N,1,2500,0,0,0,0,0,A05,개인,F
Y,1,1400,0,0,0,0,1400,A09,개인사업자,F
N,1,1400,0,0,0,0,1400,A05,개인사업자,F
N,1,1400,0,0,0,0,0,A07,개인,M
N,3,11500,0,0,0,0,0,A06,개인,F
N,2,7500,0,2500,0,0,0,A07,개인,F
N,1,14900,0,0,0,0,0,A07,개인,M
N,1,5000,0,0,0,0,0,A08,개인,M
Y,2,10000,0,0,0,0,5000,A05,개인,F
N,2,15000,0,15000,0,0,0,A11,개인,M
N,1,1400,0,0,0,0,0,A05,개인,F
N,2,5000,0,0,5000,0,0,A08,개인,M
N,1,1400,0,0,0,0,0,A08,개인,M
N,5,28500,0,0,0,0,0,A04,개인,M
N,1,5000,0,5000,0,0,0,A07,개인사업자,M
N,1,1400,0,0,1400,0,0,A10,개인,M
N,1,5000,0,0,0,0,0,A09,개인,F
N,1,1400,0,0,0,1400,0,A07,개인,M
N,7,15300,0,0,1400,5000,0,A07,개인,F
N,3,11400,0,5000,1400,5000,0,A09,개인,M
Y,1,1400,0,0,0,0,1400,A08,개인,F
N,3,18000,0,0,0,0,0,A05,개인,M
N,1,2500,0,0,0,0,0,A07,개인,F
N,5,22500,5000,0,0,0,0,A06,개인,M
N,4,26400,14900,0,0,0,0,A05,개인,F
N,1,2500,0,0,0,0,0,A08,개인,M
N,1,1400,0,0,1400,0,0,A01,개인,F
N,1,10000,0,0,0,0,0,A12,개인,M
N,5,49900,10000,20000,0,0,0,A05,개인,M
N,1,2500,0,0,0,0,0,A05,개인,M
N,1,1400,0,0,1400,0,0,A08,개인사업자,F
N,5,11400,0,0,0,2500,0,A10,개인,M
N,1,2500,0,0,0,0,0,A10,개인,M
N,3,6400,0,0,0,0,0,A10,개인,F
N,1,1400,0,0,0,0,0,A05,개인,F
N,1,2500,0,2500,0,0,0,A08,개인,M
N,1,2500,0,0,0,0,0,A09,개인,M
N,1,9900,0,0,0,0,0,A08,개인,F
N,1,1400,0,0,0,0,0,A09,개인,F
N,1,5000,0,0,0,5000,0,_,법인사업자,F
N,1,10000,0,10000,0,0,0,A10,개인,F
N,1,10000,0,0,0,0,0,A06,개인,F
Y,3,4200,0,0,0,1400,1400,A06,개인,M
N,4,19000,0,0,0,0,0,A07,개인,M
N,1,2500,0,0,0,0,0,A06,개인,M
N,3,10900,0,7000,0,3900,0,A06,개인,F
N,6,27400,7000,15400,0,0,0,A09,개인,F
N,1,5000,0,0,0,0,0,A07,개인,F
N,3,17500,10000,0,0,0,0,A11,개인,M
N,3,15500,2500,0,0,0,0,A05,개인,M
N,2,3900,0,0,0,0,0,A05,개인,F
N,2,12500,0,10000,0,2500,0,A07,개인,M
N,1,1400,0,0,0,1400,0,A07,개인,M
N,3,5300,0,0,5300,0,0,A08,개인,F
N,1,1400,0,0,1400,0,0,A11,개인,F
N,1,5000,0,0,0,0,0,A06,개인,M
N,2,7500,0,5000,0,0,0,A05,개인,M
N,1,6500,0,0,0,0,0,A10,개인,F
N,2,2800,0,1400,1400,0,0,A04,개인,F
N,2,5000,0,0,0,0,2500,A09,개인,M
N,1,5000,0,0,0,0,0,A04,개인,M
N,1,2500,0,0,0,0,0,A08,개인,F
N,5,41500,10000,10000,0,0,0,A11,개인,M
N,6,14200,2500,2500,9200,0,0,A08,개인,F
N,2,3900,1400,0,0,0,0,A07,개인,M
N,1,1400,0,0,1400,0,0,A03,개인,M
N,2,12000,0,7000,0,0,0,A06,개인,M
N,1,1000,0,1000,0,0,0,A09,개인,M
N,1,5000,0,0,0,0,0,A09,개인사업자,M
N,1,7000,0,7000,0,0,0,A08,개인,F
N,1,2500,0,0,2500,0,0,A11,개인,F
N,2,15000,0,10000,0,0,0,A07,개인,M
N,1,5000,0,5000,0,0,0,_,개인,M
N,9,14800,2800,1400,0,5600,0,A14,개인,M
N,1,5000,0,0,5000,0,0,A09,개인,M
N,2,20000,0,0,0,0,0,A06,개인,F
N,1,5000,0,0,0,0,0,A04,개인사업자,M
N,1,1400,0,0,0,1400,0,A10,개인사업자,F
N,2,10000,0,5000,0,0,0,A04,개인,M
N,2,15000,10000,0,0,0,0,A10,개인,F
N,5,56800,2500,0,0,1400,0,A07,개인,M
N,2,11400,0,0,0,0,0,A05,개인,F
Y,2,17000,0,17000,0,0,0,A08,개인,M
N,1,10000,0,0,0,0,0,A07,개인,M
N,1,5000,0,0,0,5000,0,A05,개인,M
N,3,6400,0,2500,0,0,0,A10,개인사업자,M
N,3,22500,0,0,0,0,0,A07,개인,F
N,1,10000,10000,0,0,0,0,A03,개인,F
N,1,1400,0,0,1400,0,0,A05,개인,M
N,1,5000,0,0,0,0,0,A05,개인,M
N,1,2500,0,0,0,0,0,A08,개인,F
N,2,3900,1400,0,0,0,0,A08,개인,F
N,1,6500,0,0,0,0,0,A08,개인,M
N,2,15000,0,0,0,5000,0,A04,개인,M
N,1,2500,0,0,0,0,0,A07,개인,F
N,7,28000,10000,0,0,0,0,A10,개인,M
N,3,6400,0,0,5000,0,0,A04,개인,F
N,2,10000,0,5000,0,0,0,A07,개인,M
N,1,5000,0,0,0,0,0,A02,개인,M
N,1,9900,0,0,0,0,0,A06,개인,F
N,1,2500,0,0,0,0,0,A02,개인,M
N,1,6500,0,0,0,6500,0,_,개인사업자,F
N,1,2500,0,2500,0,0,0,A07,개인,F
N,1,5000,0,0,0,0,0,A09,개인,F
N,2,21400,0,14900,6500,0,0,A08,개인,M
N,1,2500,0,0,0,2500,0,A06,개인,M
N,3,10900,1400,7000,2500,0,0,A07,개인,M
N,1,2500,0,0,0,0,0,A06,개인,F
N,1,1400,0,0,0,0,0,A04,개인,F
N,1,2500,0,0,2500,0,0,A08,개인,F
N,1,10000,0,0,0,0,0,A06,개인,F
N,1,2500,0,0,0,0,0,A07,개인,M
N,3,12800,0,0,0,2800,0,A07,개인,F
N,1,6500,0,0,0,0,0,A04,개인,M
N,2,2800,0,0,1400,0,1400,A05,개인,M
N,1,5000,0,0,0,0,0,A04,개인,F
N,2,12000,0,7000,0,0,0,A08,개인,F
N,2,5000,0,0,0,5000,0,A04,개인사업자,M
N,1,2500,0,0,0,0,0,A07,개인,M
N,2,2800,0,0,0,0,0,A09,개인,M
N,2,5000,0,0,0,0,0,A05,개인,F
N,1,1400,0,0,1400,0,0,A09,개인,M
N,1,10000,0,0,0,0,0,A03,개인,M
N,1,2500,0,0,0,0,0,A12,개인,M
N,1,10000,0,0,0,0,0,A06,개인,F
N,3,10000,0,0,10000,0,0,A07,개인사업자,M
N,2,15000,0,5000,10000,0,0,A07,개인,F
N,2,12500,10000,0,0,2500,0,A06,개인,M
Y,2,2800,0,0,0,0,2800,A05,개인,F
N,1,5000,0,0,5000,0,0,A09,개인,F
N,2,6400,0,5000,0,0,0,A09,개인,M
N,1,2500,0,0,0,0,0,A04,개인,M
N,8,53300,0,12500,0,1400,0,A10,개인,M
N,1,2500,0,0,0,0,0,A05,개인,M
N,1,2500,0,0,0,0,0,A09,개인,F
N,3,19500,10000,2500,0,0,0,A10,개인,M
N,3,27400,0,14900,0,0,0,A04,개인,F
N,2,7500,5000,0,0,0,0,A09,개인,F
Y,1,2500,0,0,0,0,2500,A07,개인사업자,F
N,1,1400,0,0,1400,0,0,A09,개인,M
N,1,2500,0,0,2500,0,0,A07,개인,F
N,1,2500,0,0,0,0,0,A10,개인,F
N,6,16400,0,0,0,0,0,A04,개인,M
N,1,7000,0,0,0,0,0,A04,개인,F
N,1,5000,0,0,0,0,0,A02,개인,M
N,1,1400,0,0,0,0,0,A08,개인,F
N,1,2500,0,0,0,0,0,A05,개인,M
N,1,2500,0,0,0,0,0,A07,개인,M
N,2,5000,0,0,0,0,0,A07,개인,F
N,1,1400,0,0,0,0,0,A08,개인,M
N,2,5000,2500,0,0,0,0,_,법인사업자,F
N,1,2500,0,0,0,0,0,A09,개인,M
N,1,1400,0,0,0,1400,0,A07,개인사업자,F
N,1,2500,0,0,0,2500,0,A07,개인,M
Y,6,26500,9500,7000,0,0,5000,A07,개인,M
N,2,16500,0,0,0,0,0,A04,개인,M
N,2,5000,0,0,0,2500,0,A04,개인,F
N,3,13900,0,0,0,0,0,A04,개인,F
N,1,5000,0,0,0,0,0,A08,개인,F
N,1,2500,0,2500,0,0,0,A06,개인,M
N,1,5000,0,0,5000,0,0,A04,개인,F
N,4,6700,0,1400,1400,0,0,A09,개인,F
N,1,1400,0,0,1400,0,0,A05,개인,M
N,3,4900,0,1400,3500,0,0,A02,개인,F
N,1,1400,0,0,1400,0,0,A09,개인,M
N,4,11400,0,5000,0,5000,0,A08,개인,M
N,2,2800,0,0,1400,1400,0,A09,개인,M
N,2,20000,0,0,0,0,0,A06,개인,M
N,2,6400,0,0,0,1400,0,A04,개인,F
Y,3,14500,0,7000,0,0,2500,A10,개인,M
N,1,10000,0,0,0,0,0,A05,개인,F
N,5,37500,10000,10000,0,0,0,A05,개인,M
N,3,15000,0,10000,0,0,0,A08,개인,M
N,3,14400,0,0,0,0,0,A06,개인,F
N,2,5000,0,0,0,0,0,A04,개인,F
N,10,57100,20000,10000,11500,4200,1400,A08,개인,F
N,1,2500,0,0,0,2500,0,A07,개인,F
N,4,16300,0,0,0,0,0,A07,개인,M
N,1,2500,0,0,2500,0,0,A08,개인,F
N,2,5000,0,0,0,0,0,A07,개인,M
N,2,6400,0,0,0,0,0,A06,개인,M
N,1,2500,0,0,0,0,0,A07,개인,M
N,3,22900,0,0,0,0,0,A07,개인,F
N,1,5000,0,0,5000,0,0,A04,개인,F
N,1,5000,0,0,0,5000,0,A06,개인,F
Y,6,9500,2800,0,0,0,6700,A07,개인,F
N,2,13000,0,0,6500,0,0,A07,개인,F
Y,1,2500,0,0,0,0,2500,A04,개인,F
Y,1,2500,0,0,0,0,2500,A09,개인,M
N,5,17400,4500,0,3900,0,0,A04,개인,F
N,1,6500,0,0,0,0,0,A05,개인,M
N,2,2800,0,0,2800,0,0,A09,개인,F
N,1,5000,0,5000,0,0,0,A09,개인,M
N,2,14500,4500,0,0,0,0,A05,개인,F
N,1,1400,0,0,0,1400,0,A05,개인,F
N,4,14000,2500,0,0,0,0,A09,개인,M
N,1,6500,0,6500,0,0,0,A07,개인,M
N,1,5000,0,0,5000,0,0,A07,개인,M
N,2,5000,0,0,2500,2500,0,A08,개인,F
N,1,2500,0,0,0,0,0,A04,개인,M
N,5,28400,0,16400,7000,0,0,A05,개인,F
N,2,3900,0,1400,0,0,0,A10,개인사업자,F
N,1,1400,0,0,0,1400,0,A03,개인,F
N,1,2500,0,0,0,0,0,A08,개인,M
N,1,10000,0,10000,0,0,0,A06,개인,M
N,1,10000,10000,0,0,0,0,_,개인사업자,M
N,1,5000,0,0,5000,0,0,_,법인사업자,F
N,1,10000,10000,0,0,0,0,A05,개인,F
N,1,5000,0,0,0,5000,0,A08,개인,M
N,2,17000,0,7000,0,0,0,A06,개인,F
N,2,6400,0,0,0,0,0,A07,개인,F
N,1,2500,0,0,0,2500,0,A08,개인사업자,F
Y,1,2500,0,0,0,2500,0,A05,개인,M
N,1,1400,0,0,0,1400,0,A05,개인,F
N,2,2800,0,1400,0,0,0,A09,개인,F
N,4,7800,0,0,0,0,0,A04,개인,F
N,1,6500,0,0,0,0,0,A06,개인,M
Y,1,1400,0,0,0,0,1400,A03,개인,M
N,3,7500,0,0,0,0,0,A05,개인,F
N,1,2500,0,0,0,0,0,A10,개인,M
N,1,10000,0,0,0,0,0,_,정식단체,M
N,1,2500,0,0,0,0,0,A06,개인,F
N,6,45400,0,0,0,0,0,A04,개인,F
N,1,2500,0,0,0,0,0,A06,개인,F
N,2,3900,0,0,0,2500,0,A08,개인,F
N,6,37200,0,16300,0,0,0,A08,개인,F
N,11,34200,10000,12900,7800,0,0,_,공공기관,M
N,2,10000,0,0,0,0,0,A06,개인,M
N,1,2500,0,0,2500,0,0,A06,개인,M
N,1,10000,0,0,0,0,0,A10,개인,F
Y,2,5000,0,0,0,0,5000,A09,개인,M
N,4,26900,0,5000,0,0,0,A05,개인,F
N,4,5600,0,1400,2800,0,0,A07,개인,M
N,1,1400,0,0,0,1400,0,A07,개인,F
N,1,1400,0,0,0,0,0,A08,개인,F
N,6,15300,2500,2500,0,6400,0,A06,개인사업자,F
N,4,10000,2500,0,0,5000,0,A06,개인,F
N,1,1400,0,0,0,1400,0,A08,개인,M
N,1,2500,0,0,0,0,0,A04,개인,F
N,1,10000,0,0,0,0,0,A05,개인,F
N,7,35000,2500,10000,0,0,0,A07,개인,F
N,2,3900,0,0,0,0,0,A06,개인,F
N,2,10000,0,0,0,0,0,A06,개인,M
N,4,5600,1400,0,0,0,0,A02,개인,F
N,1,2500,0,0,0,2500,0,A08,개인,M
N,1,1400,0,0,0,0,0,A10,개인,F
N,5,26300,0,17000,7900,0,0,A07,개인,F
N,1,9900,0,0,0,0,0,_,개인,M
N,1,2500,0,0,0,2500,0,A04,개인,F
N,1,10000,0,0,0,0,0,A08,개인,F
N,1,5000,0,0,0,0,0,A11,개인,F
N,1,2500,0,0,0,2500,0,A08,개인,M
N,4,15000,0,5000,7500,2500,0,A02,개인,M
N,5,18900,10000,0,0,0,1400,A08,개인,M
N,1,1400,0,0,1400,0,0,A08,개인사업자,F
N,2,12500,0,10000,0,0,0,A05,개인,F
Y,2,9000,0,0,0,6500,2500,A06,개인,F
N,2,5000,0,0,0,0,0,A06,개인,F
N,3,43900,0,0,0,0,0,A06,개인,F
N,1,2500,0,0,0,0,0,A10,개인,F
N,1,2500,0,0,0,0,0,A04,개인,M
N,2,8400,0,7000,0,0,0,A05,개인,M
Y,4,16400,10000,2500,0,0,2500,A07,개인,F
N,5,8100,1400,0,0,0,0,A06,개인,M
N,1,5000,0,0,0,0,0,A05,개인,M
N,1,5000,0,0,0,0,0,A08,개인,F
N,1,5000,0,0,0,0,0,A03,개인,M
N,1,1400,0,0,0,1400,0,A13,개인사업자,M
N,1,1400,0,0,0,0,0,A05,개인,M
N,2,6400,0,0,5000,1400,0,A08,개인,F
N,1,5000,0,0,5000,0,0,A06,개인,M
Y,3,4200,0,0,0,0,4200,A04,개인,F
N,3,13900,10000,0,1400,0,0,A06,개인,M
N,3,13400,0,7000,0,0,0,A06,개인,F
N,1,1400,0,0,0,0,1400,_,공공기관,M
N,3,8900,2500,0,0,0,0,A08,개인,F
Y,1,2500,0,0,0,0,2500,A04,개인,M
N,1,5000,0,0,0,0,0,A07,개인,M
Y,1,2500,0,0,0,0,2500,A02,개인,F
N,4,8900,0,0,0,0,0,A05,개인,F
N,3,5300,0,0,0,0,0,A07,개인,M
N,1,2500,0,0,0,2500,0,A07,개인,M
N,1,5000,0,0,0,0,0,A06,개인,F
N,2,5000,0,0,0,0,0,A05,개인,M
N,1,1400,0,0,1400,0,0,A08,개인,M
N,2,14900,0,0,0,0,0,A03,개인,M
N,3,7500,0,0,7500,0,0,A08,개인,M
Y,1,1400,0,0,0,0,1400,A08,개인,F
N,1,2500,0,0,2500,0,0,A05,개인,F
N,1,7000,0,0,7000,0,0,A04,개인,F
N,1,10000,0,10000,0,0,0,A05,개인,M
N,1,2500,0,0,0,0,0,A13,개인사업자,F
N,1,2500,0,0,0,2500,0,A04,개인,M
N,2,5000,0,0,0,2500,0,A08,개인,M
N,2,5000,0,0,0,0,0,A05,개인,F
N,1,5000,0,0,0,0,0,A12,개인,M
N,2,5000,0,0,0,0,0,A08,개인,M
N,1,2500,0,0,0,0,0,A06,개인,M
N,1,2500,0,0,2500,0,0,A04,개인,F
N,1,2500,0,0,0,0,0,A10,개인,F
N,1,1400,0,0,0,0,0,A08,개인,F
N,1,2500,0,0,0,0,0,A09,개인,M
N,2,10000,0,0,0,0,0,A03,개인,M
N,1,10000,0,0,0,0,0,A08,개인,F
N,1,2500,2500,0,0,0,0,A05,개인,M
N,1,5000,0,0,0,0,0,A05,개인,F
N,1,5000,0,0,0,0,0,A05,개인,M
Y,8,28400,2800,20000,0,0,4200,_,공공기관,F
N,5,15000,2500,2500,0,2500,2500,A07,개인,M
N,1,2500,0,0,0,0,0,A08,개인,F
N,1,10000,0,0,0,0,10000,A05,개인사업자,M
Y,1,6500,0,0,0,0,6500,A06,개인,F
N,1,1400,1400,0,0,0,0,A10,개인,M
N,4,20000,12500,0,0,0,0,A07,개인,F
N,1,1400,0,0,0,0,0,A08,개인,M
N,1,5000,0,0,0,0,0,A04,개인,F
N,2,7500,2500,0,0,0,0,A05,개인,M
N,1,5000,0,0,0,0,0,A07,개인,M
N,2,15000,0,10000,0,0,0,A06,개인,F
N,1,1400,0,0,0,1400,0,A09,개인,M
N,1,2500,0,0,0,0,0,A14,개인사업자,M
N,2,15000,0,0,10000,0,0,A06,개인,F
N,1,2500,0,0,0,2500,0,A07,개인,M
N,2,2800,0,0,0,2800,0,A07,개인,M
N,7,14200,0,0,0,0,0,A04,개인,M
N,1,2500,0,0,0,0,0,A05,개인,M
N,2,3900,0,0,0,0,0,A08,개인사업자,F
N,1,2500,0,0,0,2500,0,A09,개인,F
N,1,2500,0,0,0,0,0,A05,개인,F
N,1,1400,0,0,0,0,0,A07,개인사업자,F
N,1,10000,0,0,0,0,0,A06,개인,M
N,4,22000,13000,6500,0,0,0,A05,개인,F
N,8,33000,13000,0,0,15000,0,A07,개인,M
N,2,6400,0,0,0,0,0,A08,개인사업자,F
N,1,1400,0,0,0,0,0,A12,개인,F
Y,1,2500,0,0,0,0,2500,A07,개인,F
N,2,2800,0,0,0,0,0,A03,개인,M
N,2,3900,0,0,0,3900,0,A05,개인,M
N,3,6000,0,2500,0,0,0,_,법인사업자,F
N,1,2500,0,0,2500,0,0,A06,개인,F
N,2,6400,0,5000,0,0,0,A08,개인,F
N,1,7000,0,0,0,0,0,A06,개인,M
N,1,10000,0,0,0,0,0,A06,개인,M
N,2,10000,0,0,0,0,0,A09,개인,F
N,1,2500,0,0,0,0,0,A08,개인,M
N,2,5000,0,0,0,0,0,A10,개인,F
N,1,10000,0,10000,0,0,0,A05,개인,F
N,6,18700,1400,0,0,0,0,A06,개인,F
N,4,12500,0,0,0,0,0,A10,개인,F
N,2,7500,0,0,0,0,0,A05,개인,M
N,2,16300,14900,0,0,0,0,A06,개인,M
N,6,12800,5000,0,2500,0,0,A07,개인,F
Y,1,6500,0,0,0,0,6500,_,법인사업자,F
N,2,24800,14900,0,0,0,0,A06,개인,F
N,1,2500,0,0,0,0,0,A06,개인,M
N,5,40000,10000,17000,0,0,0,A07,개인,F
N,3,4200,0,0,0,0,0,A06,개인,F
N,2,5000,0,2500,0,2500,0,A12,개인,F
N,2,2800,0,0,0,0,0,A06,개인,M
N,1,5000,0,0,0,0,0,A14,개인,M
N,1,5000,0,0,0,0,0,A03,개인,F
N,1,9900,0,0,0,0,0,A08,개인,M
N,1,2500,0,0,0,2500,0,A09,개인,M
N,1,1400,0,0,0,0,0,A07,개인사업자,M
N,1,2500,0,0,0,0,0,A06,개인,F
N,7,16700,5000,1400,7800,0,0,A06,개인,M
N,2,7900,1400,0,0,6500,0,A06,개인,F
N,2,3900,1400,0,0,0,0,A05,개인,M
N,1,1400,0,0,0,0,0,A09,개인,F
N,1,2500,0,0,0,0,0,A12,개인,F
N,6,14900,3900,0,0,0,0,A09,개인,F
Y,1,1000,0,0,0,0,1000,A03,개인,M
N,1,2500,0,0,2500,0,0,A10,개인,F
N,1,2500,0,0,0,0,0,A03,개인,F
N,1,2500,0,0,0,2500,0,A08,개인,F
Y,2,11400,0,10000,0,0,1400,A03,개인,M
N,3,25000,15000,10000,0,0,0,A05,개인,F
N,2,8000,0,7000,0,0,0,A14,개인,M
Y,1,5000,0,0,0,0,5000,A11,개인,F
N,2,5000,0,0,0,2500,0,A04,개인,M
N,3,22500,0,10000,0,0,0,A10,개인,M
N,5,30900,0,10000,0,0,1400,A05,개인,M
N,1,10000,0,10000,0,0,0,A04,개인,F
N,1,5000,0,0,0,5000,0,A09,개인,M
N,2,3900,0,0,3900,0,0,A05,개인,F
N,1,2500,0,0,0,0,0,A10,개인,M
N,2,3900,0,0,0,0,2500,A05,개인,M
N,4,15000,2500,0,0,2500,0,A02,개인,M
Y,2,3900,0,0,0,0,3900,A04,개인,M
N,1,5000,0,0,0,0,0,A07,개인,M
N,1,14900,14900,0,0,0,0,A05,개인,M
N,2,15000,0,10000,0,0,0,A04,개인,M
N,1,5000,0,0,0,0,0,A04,개인,M
N,1,10000,0,0,0,0,0,A08,개인,F
N,1,2500,0,0,0,0,0,A04,개인,F
N,1,1400,0,0,1400,0,0,A11,개인,M
N,1,1400,0,0,1400,0,0,A07,개인,F
N,1,6500,0,0,0,0,0,A06,개인,F
N,3,10000,0,0,10000,0,0,A04,개인,F
N,1,1400,0,0,0,0,0,A07,개인,M
N,1,5000,0,0,0,0,0,A07,개인,M
N,2,7500,0,0,0,0,0,A05,개인,F
N,6,17800,7500,5000,1400,1400,0,A06,개인,F
N,2,2800,0,0,0,2800,0,A06,개인,M
N,5,21400,2500,10000,0,0,0,A07,개인,M
N,1,1400,0,0,0,1400,0,A09,개인,M
N,2,15000,0,0,0,0,0,A05,개인,M
N,1,2500,0,0,0,0,0,A06,개인,F
N,5,13900,2500,3900,0,7500,0,A06,개인,M
N,2,12500,0,10000,0,0,0,A07,개인,M
N,5,22000,4500,0,0,0,0,A06,개인,M
N,3,9800,0,7000,2800,0,0,A07,개인,F
N,1,2500,0,0,0,0,0,A06,개인,F
N,4,10000,0,0,0,0,0,A10,개인,F
N,1,2500,0,0,0,0,0,A05,개인,F
N,1,1400,0,0,0,1400,0,A09,개인,F
N,2,9000,0,6500,2500,0,0,A10,개인,M
N,1,5000,0,0,0,5000,0,A05,개인,F
N,1,6500,0,0,0,6500,0,A08,개인,M
N,3,10900,2500,7000,0,0,0,A06,개인,M
N,2,2800,1400,0,0,0,1400,_,법인사업자,M
Y,1,2500,0,0,0,0,2500,A07,개인,M
N,1,2500,0,0,0,0,0,A11,개인,F
N,5,23400,0,8400,0,0,0,A04,개인,M
N,1,6500,0,0,0,0,0,A05,개인,F
N,1,1400,0,0,0,1400,0,A09,개인,M
N,3,30000,10000,10000,0,0,0,A06,개인,M
N,2,13500,0,7000,0,0,0,A10,개인,F
N,1,1400,0,0,0,1400,0,A07,개인,F
N,2,2400,1000,0,0,0,0,A08,개인,M
N,1,2500,0,0,0,0,0,A08,개인,F
N,1,6500,0,0,0,0,0,A05,개인,F
N,2,5000,0,0,0,0,0,A06,개인,F
N,1,5000,0,0,0,0,0,A07,개인,F
N,1,2500,0,0,0,2500,0,A10,개인사업자,M
N,4,14800,0,7000,2800,0,0,A12,개인,F
N,1,1400,0,0,0,0,0,A09,개인,F
N,2,6400,0,0,0,5000,1400,A04,개인,M
N,6,9500,0,3900,0,0,0,A06,개인,M
N,1,5000,0,0,0,0,0,A03,개인,M
N,1,6500,0,0,0,6500,0,_,법인사업자,M
N,3,15000,2500,10000,0,0,0,A03,개인,M
N,4,10300,2500,0,1400,6400,0,A10,개인,F
N,6,35000,0,15000,10000,2500,0,A06,개인,F
N,1,1400,0,0,0,0,0,A05,개인,M
N,2,3900,0,0,0,0,0,A04,개인,F
N,1,1400,0,0,0,0,0,A08,개인,F
N,1,2500,0,0,0,0,0,A06,개인,F
N,1,6500,0,0,0,6500,0,A07,개인,M
N,2,11400,0,10000,0,0,0,A06,개인,M
N,1,1200,0,0,0,0,0,A06,개인,F
N,1,5000,0,0,0,0,0,A08,개인,F
Y,1,2500,0,0,0,0,0,A03,개인,M
N,1,10000,0,0,0,0,0,A06,개인,M
N,4,25000,10000,10000,0,2500,0,A05,개인,F
N,1,1400,0,0,0,0,0,A03,개인,F
N,1,6500,0,0,0,0,0,A09,개인,M
N,2,3900,0,0,2500,1400,0,A10,개인사업자,F
Y,2,8400,0,7000,0,0,1400,A08,개인,F
N,1,2500,0,2500,0,0,0,A06,개인,M
N,2,6400,0,0,1400,0,0,A06,개인,M
Y,3,24900,10000,14900,0,0,0,A07,개인,M
N,1,7000,0,7000,0,0,0,A05,개인,M
N,1,1400,0,1400,0,0,0,A10,개인사업자,M
N,2,2800,0,0,1400,0,0,A05,개인,M
N,1,2500,0,2500,0,0,0,A08,개인사업자,M
N,1,1400,0,0,1400,0,0,A08,개인,M
N,2,3900,0,0,0,3900,0,A11,개인,M
N,4,20000,0,0,0,0,0,A06,개인,F
N,3,15000,0,0,0,0,0,A11,개인,M
N,2,2800,0,0,0,0,0,A04,개인,M
N,1,2500,0,0,2500,0,0,A07,개인,M
N,1,2500,0,0,0,0,0,A05,개인,M
N,2,5000,0,0,0,0,0,A05,개인,F
N,5,13200,1400,0,0,0,0,A08,개인,F
N,1,2500,0,0,0,0,0,A13,개인,F
N,4,10000,2500,0,0,2500,0,A07,개인,M
N,1,1400,0,0,0,0,0,A05,개인,F
N,8,52500,20000,0,0,0,0,A04,개인,F
Y,1,2500,0,0,0,0,2500,A09,개인사업자,M
N,1,2500,0,0,0,0,0,A06,개인,F
N,1,1400,0,0,0,1400,0,A04,개인,M
N,1,1400,0,0,0,1400,0,A04,개인,M
N,1,2500,0,0,0,0,0,A07,개인,F
N,2,3900,0,0,0,1400,0,A09,개인,F
Y,1,2500,0,0,0,0,2500,A09,개인,M
N,1,2500,0,0,0,0,0,A10,개인,F
N,1,1400,0,0,0,0,0,A05,개인,F
N,4,29400,1400,14900,0,0,0,A05,개인,F
Y,1,2500,0,0,0,0,2500,A08,개인,M
N,2,5000,0,0,0,2500,0,A04,개인,M
N,1,2500,0,0,0,0,0,A06,개인,M
N,1,2500,0,0,0,0,0,A08,개인,F
N,3,11500,0,0,0,0,0,A05,개인,M
N,4,11400,0,5000,0,5000,0,A06,개인,F
N,1,5000,0,0,0,0,0,A06,개인,F
N,1,6500,0,0,0,0,0,A05,개인,F
N,1,5000,0,0,0,5000,0,A06,개인,F
N,9,14800,0,0,0,0,0,A06,개인,M
N,1,10000,0,10000,0,0,0,A08,개인사업자,M
N,1,2500,0,0,0,0,0,A04,개인,F
N,3,5300,0,0,0,0,0,A06,개인,F
N,1,7000,0,0,7000,0,0,A06,개인사업자,F
N,1,4000,0,0,0,0,0,A09,개인,F
N,3,7500,0,0,0,0,0,A04,개인,M
N,1,10000,0,0,0,0,0,A07,개인,F
N,1,1400,0,0,0,0,0,A06,개인,F
Y,3,8900,0,0,0,0,6400,A10,개인,F
N,3,11400,5000,5000,1400,0,0,A08,개인,F
N,1,10000,0,10000,0,0,0,_,법인사업자,M
N,1,2500,0,0,0,0,0,A08,개인,M
N,1,5000,0,0,0,0,0,A04,개인,M
N,1,7000,0,0,0,0,0,A07,개인사업자,M
N,2,3900,0,2500,1400,0,0,A07,개인,M
N,7,12000,0,3900,6700,0,0,A08,개인,M
N,1,10000,0,0,0,0,0,A05,개인,M
Y,1,1400,0,0,0,0,1400,A10,개인,F
N,2,13000,0,0,0,0,0,A05,개인,M
N,1,2500,0,0,2500,0,0,A07,개인,M
N,3,7800,0,0,1400,0,0,A05,개인,M
N,1,1400,0,0,0,1400,0,A09,개인사업자,M
N,2,3900,0,0,3900,0,0,A09,개인,M
N,1,10000,0,0,10000,0,0,A04,개인,M
N,2,16400,0,0,0,0,0,A09,개인,M
N,1,10000,10000,0,0,0,0,A07,개인,F
N,1,7000,0,0,0,0,0,A10,개인,M
N,1,5000,0,0,0,0,0,A04,개인,M
N,1,1400,0,0,0,0,0,_,법인사업자,M
N,3,8900,1400,0,0,0,0,A04,개인,M
N,1,1400,0,0,0,0,0,A06,개인,F
N,1,1400,0,0,1400,0,0,A06,개인,F
N,9,34300,19000,0,0,0,6400,A07,개인,F
N,5,9200,1400,5000,0,0,0,A10,개인,F
N,1,5000,0,0,0,0,0,A09,개인,M
N,8,15600,2800,2500,0,0,1400,A06,개인,F
N,1,6500,0,0,0,0,0,A07,개인,F
N,4,6300,1400,0,2400,0,0,A08,개인,F
N,6,14200,3900,0,0,0,0,A09,개인,M
N,1,1400,0,0,0,0,0,A06,개인,M
N,1,7000,7000,0,0,0,0,A05,개인사업자,M
N,2,5000,0,2500,0,2500,0,A05,개인,F
N,4,8900,0,0,0,5000,1400,A08,개인,F
Y,1,1400,0,0,0,0,1400,A05,개인사업자,M
N,1,1400,0,0,0,0,0,A04,개인,M
N,1,1400,0,0,0,0,0,A05,개인,M
N,1,2500,0,0,0,0,0,A04,개인,F
N,5,17000,2500,7000,0,2500,0,A07,개인,M
N,1,2500,0,0,0,0,0,A05,개인,F
N,4,15300,10000,0,0,0,0,A06,개인,M
N,3,6400,0,1400,2500,0,0,A08,개인,M
N,1,10000,10000,0,0,0,0,A04,개인,M
N,1,2500,0,0,2500,0,0,A05,개인,F
N,2,8400,0,0,0,1400,0,A06,개인,M
N,1,2500,0,0,0,0,0,A10,개인,M
N,1,10000,0,0,0,0,0,A07,개인,M
N,1,10000,0,0,10000,0,0,A06,개인,M
N,4,6700,0,3900,2800,0,0,A08,개인,F
N,2,7500,0,0,7500,0,0,A12,개인,M
N,1,6500,0,0,0,6500,0,A07,개인,F
N,1,1400,0,0,0,0,0,A05,개인,M
N,3,22500,10000,0,10000,0,0,A09,개인,F
N,1,1400,0,0,0,0,0,A05,개인,F
N,8,32100,10000,15400,0,0,0,A10,개인,M
Y,1,2500,0,0,0,0,2500,A07,개인,F
N,1,1400,0,0,0,1400,0,_,법인사업자,M
N,1,10000,0,10000,0,0,0,A06,개인,F
N,1,36400,0,0,0,0,0,A04,개인,F
N,3,15000,0,10000,0,5000,0,A08,개인,F
Y,1,1400,0,0,0,0,1400,A08,개인,F
N,2,6400,0,0,5000,0,0,A07,개인,M
N,3,13900,2500,10000,0,0,0,A03,개인,F
N,1,2500,0,0,2500,0,0,A15,개인,M
N,2,6400,0,0,0,0,1400,A09,개인,M
N,4,8900,0,0,8900,0,0,A12,개인,M
N,1,10000,0,0,0,0,0,A05,개인,M
N,5,16500,0,0,0,0,0,A06,개인,M
N,1,9900,0,0,0,0,0,A05,개인,M
N,4,22000,0,0,0,0,0,A06,개인사업자,M
N,1,1400,0,0,0,0,0,A06,개인,F
N,1,1400,0,0,1400,0,0,A08,개인,M
N,1,2500,0,0,0,0,0,A06,개인,F
N,1,2500,0,0,0,0,0,A08,개인,F
Y,1,5000,0,0,0,0,0,A06,개인,F
N,3,6400,0,0,0,3900,0,A05,개인,M
N,2,7900,0,0,7900,0,0,A08,개인,F
N,6,18400,2500,7000,0,2500,0,A09,개인,F
N,2,2800,0,0,0,0,0,A06,개인,F
N,1,5000,0,0,0,0,0,A09,개인,M
N,1,2500,0,0,0,0,0,A08,개인,M
N,1,10000,10000,0,0,0,0,A08,개인,M
N,1,1400,0,0,0,0,0,A05,개인,F
N,1,10000,0,10000,0,0,0,A10,개인,F
N,1,6500,0,0,0,0,0,A06,개인,M
N,1,2500,0,0,0,0,2500,A03,개인사업자,M
N,1,5000,0,0,0,0,0,A07,개인,M
N,1,2500,0,0,0,0,0,A08,개인,F
N,2,5000,0,0,0,0,0,A12,개인사업자,F
N,1,1400,0,0,0,0,0,A05,개인,M
N,1,5000,0,0,0,0,0,A09,개인,M
N,1,1400,0,0,0,0,0,A10,개인,M
Y,1,2500,0,0,0,0,2500,A07,개인,M
N,2,10000,0,5000,0,0,0,A07,개인,M
N,3,12000,2500,7000,0,0,0,A07,개인,M
N,1,5000,0,5000,0,0,0,A08,개인,F
N,2,3900,0,0,3900,0,0,A07,개인,F
N,1,1400,0,0,0,0,0,A11,개인,F
N,1,2500,0,0,2500,0,0,A10,개인,F
N,1,2500,0,0,0,0,2500,A09,개인,F
N,1,2500,0,0,0,0,0,A09,개인,M
N,5,27800,20000,1400,0,0,0,A07,개인,F
N,1,1400,0,0,1400,0,0,A13,개인,M
N,2,7500,2500,0,0,5000,0,A07,개인,F
Y,1,10000,0,10000,0,0,0,A03,개인,M
Y,1,5000,0,0,0,0,5000,A08,개인,F
N,2,5000,0,0,0,0,0,A08,개인,F
N,1,2500,0,0,0,0,0,A11,개인,M
N,2,7500,0,0,0,0,2500,A06,개인,M
N,1,5000,0,0,0,0,0,A11,개인,F
N,1,10000,0,10000,0,0,0,A06,개인,M
Y,1,2500,0,0,0,0,2500,A07,개인,F
N,3,13900,0,11400,0,2500,0,A04,개인,F
N,2,8400,0,8400,0,0,0,A11,개인,F
N,1,14900,14900,0,0,0,0,A06,개인,M
N,2,5000,0,0,0,2500,0,A09,개인,F
N,3,7500,0,0,0,2500,0,A04,개인,M
N,1,1400,0,0,0,0,0,A04,개인,F
N,4,7800,1400,0,0,0,0,A07,개인,F
N,1,10000,0,0,0,0,0,A04,개인,F
N,1,2500,0,0,0,2500,0,A09,개인,F
N,9,19500,7800,7500,0,0,0,A10,개인,M
N,5,7000,0,0,0,2800,0,A06,개인,M
N,1,2500,0,2500,0,0,0,A09,개인,F
N,1,1400,0,0,0,0,0,A05,개인,F
N,1,2500,0,0,0,0,0,A07,개인,F
N,3,12500,0,0,0,0,0,A07,개인,M
N,9,53900,0,2500,0,0,0,A09,개인,F
N,1,5000,0,0,0,0,0,A05,개인,F
Y,1,2500,0,0,0,0,2500,A04,개인,M
N,2,10000,0,5000,0,0,0,A10,개인,F
N,1,7000,0,7000,0,0,0,A07,개인,F
N,1,2500,0,2500,0,0,0,A09,개인,M
N,2,7500,0,0,0,0,0,A05,개인,M
N,6,15000,0,0,0,0,0,A06,개인,M
N,3,5300,2500,0,0,0,1400,A07,개인,F
N,1,10000,0,10000,0,0,0,A04,개인,F
Y,3,5300,0,0,0,0,5300,A08,개인사업자,F
N,2,7900,0,0,0,6500,0,A04,개인,F
N,1,1400,0,0,0,0,0,A05,개인,M
N,2,7500,0,0,0,0,2500,A05,개인,M
N,2,3900,0,0,0,0,0,A06,개인,F
N,1,2500,0,0,0,0,0,A07,개인,F
N,2,5000,0,0,0,0,0,A04,개인,M
N,2,7500,5000,0,0,2500,0,A02,개인,M
N,7,23300,0,0,0,0,0,A05,개인,M
N,29,63500,5300,8900,20600,18700,5000,A07,개인,F
N,1,1400,0,0,0,0,0,A09,개인,M
N,1,2500,0,0,2500,0,0,A09,개인,M
N,1,10000,0,0,0,0,0,A06,개인,M
N,1,5000,0,0,5000,0,0,_,법인사업자,F
Y,1,2500,0,0,0,0,2500,A13,개인,F
N,1,2500,0,0,0,2500,0,A10,개인,M
N,2,17400,0,14900,0,0,0,A04,개인,F
N,2,12500,0,10000,0,2500,0,A07,개인,F
N,1,2500,0,0,2500,0,0,A06,개인,M
N,1,2500,0,0,0,0,0,A09,개인,F
N,1,2500,0,0,0,0,0,A06,개인,F
N,1,2500,0,0,0,2500,0,A07,개인,M
N,2,5000,2500,0,0,0,0,A06,개인,F
N,1,1400,0,0,0,0,0,A04,개인사업자,F
N,2,3900,0,0,0,0,0,A03,개인,M
N,4,10000,2500,0,0,2500,0,A10,개인사업자,M
Y,4,20400,0,10000,0,0,9000,A08,개인,F
N,6,10600,5000,0,0,0,0,A07,개인,M
N,2,20000,0,0,10000,0,0,A09,개인,F
N,1,1400,0,0,0,0,0,A07,개인,F
N,2,2800,0,1400,1400,0,0,A07,개인,M
N,1,5000,0,0,0,0,0,A04,개인,M
N,2,13000,0,0,0,0,0,A05,개인,M
N,3,7500,0,0,0,0,0,A05,개인,M
N,1,2500,0,0,0,2500,0,A08,개인,M
N,3,47100,0,0,0,0,0,A07,개인,M
N,2,3900,0,0,0,0,0,A05,개인,F
N,2,12000,0,0,0,0,0,A05,개인,M
N,2,12000,0,7000,0,0,5000,A06,개인,F
N,1,2500,0,0,0,0,0,A07,개인,F
N,1,2500,0,0,0,0,0,A06,개인,F
N,1,10000,0,0,0,0,0,A07,개인,F
N,1,5000,0,0,0,0,0,A05,개인,M
N,1,5000,0,0,5000,0,0,A08,개인,M
N,3,5300,0,0,0,5300,0,A09,개인,M
N,1,10000,0,0,10000,0,0,_,법인사업자,F
N,1,2500,0,0,0,0,0,_,법인사업자,M
N,2,46400,0,0,0,0,0,A07,개인,M
N,2,9500,7000,0,0,0,0,A07,개인,F
N,1,2500,0,0,2500,0,0,A07,개인,F
N,1,2500,0,0,0,2500,0,A06,개인,F
N,2,9000,0,0,0,0,2500,A05,개인,M
N,2,2800,0,1400,0,0,0,A06,개인사업자,M
N,1,10000,0,10000,0,0,0,A11,개인사업자,F
Y,2,3900,0,0,0,2500,1400,A07,개인,F
N,2,8400,0,7000,0,0,0,A04,개인,F
Y,1,2500,0,0,0,0,2500,A07,개인,F
N,5,17800,0,2500,0,12800,0,A08,개인,F
N,10,29900,0,14000,2500,0,4200,A08,개인,M
N,3,10900,0,7000,0,0,2500,A07,개인,M
N,1,2500,0,0,0,2500,0,A09,개인,F
N,1,10000,0,0,0,0,0,A06,개인,F
N,5,21800,1400,0,0,0,2500,A05,개인,M
N,3,5300,0,0,0,0,2500,A07,개인,M
N,3,6400,2500,0,0,0,0,A06,개인,M
N,2,15000,5000,0,0,10000,0,A06,개인,M
N,1,2500,0,0,0,0,0,A05,개인,M
N,1,5000,0,0,5000,0,0,A04,개인,F
N,1,3200,0,3200,0,0,0,A06,개인,M
N,2,3900,0,0,0,0,0,A05,개인,M
N,1,7000,0,7000,0,0,0,A06,개인사업자,F
N,1,2500,0,0,0,0,0,A10,개인,F
N,1,2500,0,0,0,2500,0,A07,개인,F
N,1,6500,0,0,0,0,0,A04,개인,M
N,1,2500,0,0,0,0,0,A03,개인,F
N,2,6400,0,0,0,0,0,A06,개인,F
N,2,12400,0,0,0,0,0,A10,개인,M
N,4,10000,0,2500,0,5000,0,A09,개인,M
N,3,17500,0,10000,2500,0,0,A06,개인,F
N,1,2500,0,0,0,0,0,A06,개인,F
N,1,2500,0,0,0,0,0,A09,개인,F
N,3,7500,0,0,0,2500,0,A05,개인,F
N,1,9900,0,0,0,0,0,A08,개인,M
N,1,2500,0,0,0,0,0,A04,개인,F
N,1,1400,0,0,0,1400,0,A08,개인,F
N,2,5000,0,0,0,0,0,A04,개인,F
N,1,5000,0,0,0,0,0,A07,개인,F
N,1,2500,0,0,0,0,0,A08,개인,M
N,2,5000,0,0,0,0,0,A03,개인,F
N,1,6500,0,0,0,0,0,A05,개인,F
Y,1,1400,0,0,0,0,1400,A09,개인,F
N,1,2500,0,0,0,0,0,_,개인사업자,F
N,4,6300,0,0,3900,0,0,A07,개인,F
N,1,1400,0,0,0,0,1400,A06,개인,M
Y,1,6500,0,0,0,0,6500,A05,개인,F
N,3,26500,0,20000,0,0,0,A05,개인,F
N,2,6400,0,0,0,0,1400,A04,개인,F
N,5,27000,7000,5000,5000,5000,0,A05,개인,M
N,1,6500,0,0,0,6500,0,A07,개인,F
N,1,1400,0,0,1400,0,0,A07,개인,M
N,1,2500,0,0,2500,0,0,A04,개인,M
N,7,46400,20000,20000,0,0,1400,A06,개인,F
N,4,26500,10000,0,0,6500,0,A09,개인,F
N,1,2500,0,0,0,0,0,A04,개인,M
N,2,6400,0,5000,1400,0,0,_,법인사업자,F
N,3,10900,7000,0,0,0,0,A05,개인,F
Y,2,2800,0,0,0,0,1400,A09,개인,F
N,1,2500,0,0,2500,0,0,A08,개인,F
N,1,1400,0,0,0,1400,0,A08,개인,M
N,1,10000,0,10000,0,0,0,A06,개인,M
Y,3,4200,1400,1400,0,0,1400,A02,개인,M
N,1,1400,0,0,1400,0,0,A06,개인,F
N,1,1400,0,0,0,0,0,A08,개인,M
N,1,1400,0,0,1400,0,0,A05,개인,M
N,6,9500,0,2500,2800,0,0,A08,개인,M
N,1,1400,0,0,0,0,0,A08,개인,F
N,1,2500,0,0,0,2500,0,A07,개인,M
N,2,3900,0,0,0,1400,2500,A03,개인,M
N,3,19000,0,10000,6500,0,0,A13,개인,F
N,4,17500,5000,5000,0,0,0,A06,개인,F
N,1,1400,0,0,0,0,0,A05,개인,M
N,1,2500,0,0,0,2500,0,A06,개인,M
N,1,1400,1400,0,0,0,0,A04,개인,F
N,1,7000,0,7000,0,0,0,A12,개인,M
N,1,5000,0,0,0,0,0,A03,개인,F
N,1,10000,0,0,0,0,0,A08,개인,F
N,4,31400,10000,10000,0,1400,0,A10,개인,M
N,3,6400,0,0,0,0,1400,A05,개인,M
N,1,1400,1400,0,0,0,0,A07,개인,F
N,1,2500,0,0,0,2500,0,A03,개인,F
Y,5,9200,0,0,0,0,7800,A05,개인,F
N,2,6400,5000,0,0,0,0,A08,개인,F
N,1,2500,0,0,0,0,0,A09,개인,F
N,1,1400,0,0,0,1400,0,A09,개인,F
N,2,5000,0,2500,0,0,0,A09,개인,M
N,2,5000,2500,0,0,0,0,A12,개인,M
N,2,3900,0,0,1400,0,0,A10,개인,M
N,1,1400,0,0,0,0,0,A05,개인,M
N,2,3900,0,1400,0,2500,0,A08,개인,M
N,8,14500,0,2800,0,2500,0,A08,개인,M
N,10,21700,0,2500,2500,0,0,A03,개인,M
N,1,2500,0,0,0,2500,0,A08,개인,M
N,1,1400,0,0,1400,0,0,A06,개인,M
N,1,9900,0,0,0,9900,0,A09,개인,F
N,1,2500,0,0,0,2500,0,A07,개인,F
N,2,3900,1400,0,0,2500,0,A11,개인사업자,M
N,2,6400,0,0,1400,0,0,A06,개인,M
N,1,10000,0,10000,0,0,0,A07,개인,F
Y,3,9300,0,0,0,0,9300,A05,개인,M
N,12,29200,6400,5000,3900,0,6400,A10,개인,M
N,2,12000,0,7000,0,0,0,A09,개인,M
Y,2,3900,0,0,2500,0,1400,A07,개인,M
N,1,1400,0,0,1400,0,0,A04,개인,F
N,4,6700,0,0,0,3900,0,A14,개인,F
Y,7,17600,0,7000,0,0,5300,A09,개인,M
N,3,6400,0,0,6400,0,0,A09,개인,F
N,27,74800,0,0,0,0,0,A04,개인,F
N,1,6500,0,0,0,0,0,A06,개인,F
N,1,1400,0,0,0,0,0,A09,개인사업자,M
N,3,7500,0,0,2500,2500,0,A08,개인,M
N,1,36400,0,0,0,0,0,A07,개인,M
N,2,9500,0,7000,0,0,0,A11,개인사업자,F
N,2,13000,0,0,0,0,0,A05,개인,F
Y,1,2500,0,0,0,0,2500,A03,개인,M
N,3,7800,0,0,1400,0,0,A11,개인,M
N,4,5600,0,0,0,0,0,A07,개인,M
N,2,7500,0,0,5000,2500,0,A06,개인,M
N,1,10000,0,0,10000,0,0,A05,개인,F
N,1,2500,0,0,0,2500,0,A04,개인,F
N,1,1400,0,0,1400,0,0,A06,개인,F
N,1,10000,10000,0,0,0,0,A10,개인,F
N,1,16900,0,0,0,0,0,A03,개인,M
N,1,1400,0,0,0,0,0,A05,개인,F
N,1,10000,0,10000,0,0,0,A06,개인,M
N,1,1400,0,0,0,1400,0,A06,개인,F
N,1,25000,25000,0,0,0,0,A08,개인,F
N,1,1400,0,0,0,0,0,A07,개인,F
N,2,5000,2500,0,0,2500,0,A07,개인,F
N,1,36400,0,0,0,0,0,A07,개인,M
N,4,10300,0,1400,1400,2500,0,A06,개인,M
N,1,5000,0,0,0,0,0,A10,개인,F
N,1,1400,0,0,0,0,0,A07,개인,F
N,1,2500,2500,0,0,0,0,A08,개인사업자,F
N,1,2500,2500,0,0,0,0,A04,개인,M
Y,1,1400,0,0,0,0,1400,A08,개인,M
N,3,10000,2500,5000,0,0,0,A08,개인,F
N,1,1400,0,0,0,0,0,A06,개인,F
Y,1,1400,0,0,0,0,1400,A03,개인,M
N,1,2500,0,0,0,2500,0,A09,개인,M
N,2,5000,0,0,0,0,0,A06,개인,M
N,2,2800,0,1400,0,0,0,A03,개인,F
N,2,5000,2500,0,0,0,0,A08,개인,F
N,3,7500,0,2500,0,0,0,A09,개인,M
N,1,10000,0,10000,0,0,0,A08,개인사업자,F
N,1,5000,0,0,0,0,0,A04,개인사업자,M
N,1,1400,0,0,0,0,0,A06,개인,M
N,1,1400,0,0,1400,0,0,A09,개인,F
N,2,5000,0,2500,0,0,0,A09,개인,M
N,1,10000,0,0,0,10000,0,A09,개인,M
N,1,2500,0,0,2500,0,0,A10,개인,F
N,2,11400,10000,1400,0,0,0,A07,개인,F
N,4,14200,2800,10000,0,0,0,A07,개인,F
Y,3,4200,0,0,0,0,4200,A07,개인,M
Y,1,1400,0,0,0,0,1400,A04,개인,F
N,1,2500,0,2500,0,0,0,A09,개인,M
Y,1,5000,0,0,0,0,5000,A08,개인,F
N,1,1400,0,0,0,1400,0,_,개인,M
N,2,5000,0,0,0,2500,0,A07,개인,F
Y,2,5000,0,0,0,0,2500,A04,개인,F
Y,1,2500,0,0,0,0,2500,A08,개인,M
N,1,2500,0,2500,0,0,0,A10,개인,M
Y,1,2500,0,0,0,0,2500,A07,개인,F
N,3,5300,2500,0,0,0,0,A07,개인,M
N,1,2500,0,0,0,2500,0,A11,개인,F
N,1,2500,0,0,0,2500,0,A11,개인,F
Y,1,2500,0,0,0,0,2500,A07,개인,M
N,1,2500,0,0,2500,0,0,A09,개인,F
Y,1,2500,0,0,0,2500,0,A06,개인,M
N,2,10000,5000,0,0,0,0,A09,개인,F
N,1,1400,0,0,1400,0,0,A05,개인,F
N,1,2500,0,0,0,2500,0,_,법인사업자,M
N,1,2500,0,0,0,2500,0,A08,개인,F
Y,1,2500,0,0,0,0,2500,A08,개인사업자,M
N,3,21400,1400,10000,0,0,0,A08,개인,F
N,2,10000,0,0,0,0,0,A08,개인,M
N,1,2500,0,0,2500,0,0,A08,개인,F
N,4,17500,7500,0,0,0,0,A07,개인,M
Y,1,2500,0,0,0,0,2500,A03,개인,M
N,2,12500,0,0,0,0,0,A07,개인,F
N,1,1400,0,0,0,0,0,A09,개인사업자,F
Y,6,9500,1400,0,0,0,2800,A05,개인,M
N,2,3900,0,2500,0,0,0,A08,개인,M
N,3,7500,0,0,7500,0,0,A10,개인,M
N,1,2500,0,0,2500,0,0,A11,개인,F
N,1,1400,0,1400,0,0,0,A06,개인사업자,F
N,2,3900,0,0,0,0,0,A09,개인,M
N,3,13900,0,2500,10000,0,0,A11,개인사업자,M
N,2,5000,0,0,2500,2500,0,A10,개인,F
N,1,2500,0,0,0,2500,0,A05,개인,M
N,2,6000,0,0,0,1000,0,A08,개인,F
N,1,2500,0,0,0,0,0,A07,개인,F
N,1,2500,0,0,2500,0,0,A06,개인,F
N,2,2800,0,0,2800,0,0,A07,개인,M
N,5,17300,0,12000,0,1400,0,A07,개인,F
N,2,5000,0,0,0,2500,0,A10,개인,F
N,1,2500,0,0,0,2500,0,A07,개인,F
N,1,1400,0,0,1400,0,0,A07,개인,M
N,4,18900,0,10000,0,3900,0,A08,개인,M
N,2,10000,0,5000,0,0,0,A09,개인,F
N,4,6700,0,1400,5300,0,0,A09,개인,F
N,1,5000,0,0,5000,0,0,A05,개인,F
Y,1,6500,0,0,0,0,6500,A07,개인,F
N,1,2500,0,0,0,0,0,A12,개인,F
Y,2,9500,0,7000,0,0,2500,A05,개인,M
N,2,3900,0,0,0,2500,1400,_,법인사업자,F
N,12,50600,11400,5000,0,0,10000,A02,개인,F
N,1,2500,2500,0,0,0,0,A08,개인,F
N,1,1400,0,0,0,1400,0,A07,개인,M
N,1,2500,0,0,0,0,0,A05,개인,M
N,1,2500,0,0,0,0,0,A09,개인,M
N,1,1400,0,0,0,0,0,A06,개인,M
N,1,5000,0,0,0,0,0,A03,개인,M
N,2,3900,0,0,2500,0,0,A06,개인,F
N,1,2500,0,0,2500,0,0,A08,개인,M
N,8,43900,12500,17500,0,0,0,A06,개인,F
N,11,35300,5000,5000,0,0,3900,A09,개인,M
N,1,1400,0,0,0,0,0,A07,개인사업자,M
N,1,7500,0,7500,0,0,0,A05,개인,M
N,6,20200,7000,1400,2800,6500,2500,A05,개인,F
N,1,1400,0,0,0,0,0,A10,개인,F
N,2,2800,0,0,1400,1400,0,A04,개인,M
N,1,2500,0,0,0,2500,0,A07,개인,F
N,1,2500,0,0,0,0,0,A05,개인,F
Y,1,5000,0,0,0,0,5000,_,법인사업자,F
N,2,3900,0,1400,0,2500,0,A10,개인,M
N,1,6500,0,0,0,6500,0,A04,개인,F
N,3,7800,0,0,0,0,1400,A09,개인,F
N,1,1400,0,0,0,0,0,A05,개인,F
Y,1,2500,0,0,0,0,2500,A07,개인,F
N,1,2500,0,0,0,0,0,A09,개인,M
N,2,5000,0,0,0,5000,0,A14,개인,F
N,1,1400,0,0,1400,0,0,A09,개인,M
N,4,18900,10000,0,0,2500,5000,A10,개인,F
N,1,1400,0,0,0,0,0,A08,개인,M
N,2,7500,0,5000,0,2500,0,A07,개인,M
N,13,50100,18800,3900,0,0,5000,A08,개인사업자,M
N,5,9200,2500,0,0,0,1400,A08,개인,M
Y,1,6500,0,0,0,0,6500,A10,개인,F
Y,1,2500,0,0,0,0,2500,A06,개인,F
N,1,1400,0,0,0,0,0,A05,개인,F
N,1,5000,0,0,0,0,0,A09,개인사업자,M
N,3,10900,0,7000,1400,2500,0,A09,개인,M
N,1,2500,0,0,0,2500,0,A03,개인,F
N,2,2800,0,0,0,2800,0,A11,개인,F
N,1,2500,0,0,0,0,0,A09,개인,F
N,1,10000,0,0,0,0,0,A05,개인,F
N,1,9900,0,0,0,0,0,A07,개인,M
N,4,7800,2500,2800,0,0,0,A09,개인,M
Y,1,1400,0,0,1400,0,0,A13,개인,M
N,1,2500,0,0,0,2500,0,A04,개인,M
N,2,2800,1400,0,0,0,0,A06,개인,F
Y,1,1400,0,0,0,0,1400,A09,개인,F
N,1,2500,0,0,0,2500,0,A10,개인,F
N,2,5000,0,0,0,2500,0,A04,개인,F
N,1,6500,0,0,6500,0,0,A06,개인,M
N,3,7500,0,2500,0,2500,2500,A09,개인,M
Y,1,2500,0,0,0,0,2500,A08,개인,M
N,1,1400,0,0,0,1400,0,A11,개인,M
N,2,2800,0,0,2800,0,0,A07,개인,F
N,2,13000,0,0,0,0,0,A10,개인,F
N,1,2500,0,0,2500,0,0,A10,개인,F
N,1,2500,0,0,0,0,2500,A08,개인사업자,F
N,11,50600,12500,20000,0,2500,5000,A06,개인,M
N,3,8900,0,0,0,0,1400,A06,개인,F
N,2,3900,0,0,0,3900,0,A06,개인,M
N,4,25000,0,15000,0,0,0,A06,개인,F
N,1,6500,0,0,6500,0,0,A04,개인,M
N,2,3900,1400,0,0,0,0,A09,개인,M
N,3,8900,0,2500,0,6400,0,A10,개인,M
N,2,21400,0,0,0,0,0,A10,개인,F
N,1,5000,0,0,0,0,0,A04,개인,M
N,2,10000,0,0,0,0,0,A02,개인,F
N,1,2500,0,0,0,0,0,A05,개인,F
N,2,9500,2500,7000,0,0,0,A08,개인,M
Y,4,10300,0,0,0,0,6400,A08,개인,M
N,3,4200,1400,0,0,2800,0,A08,개인,M
N,1,5000,0,0,0,5000,0,A04,개인,F
N,1,6500,0,0,0,0,0,A04,개인,F
N,1,1400,0,0,0,0,0,A08,개인,M
N,2,3900,0,0,0,0,3900,A11,개인사업자,F
N,1,1400,0,0,1400,0,0,A02,개인,F
N,4,7800,1400,0,0,2500,0,A09,개인,M
N,8,14500,1400,0,0,3900,2800,_,공공기관,M
N,1,10000,0,0,10000,0,0,A11,개인,F
N,2,12500,0,12500,0,0,0,A06,개인,F
N,1,1400,0,0,0,0,0,A05,개인,F
N,1,2500,0,0,0,2500,0,A07,개인,M
N,6,24800,2500,18400,0,2500,0,A10,개인,M
N,2,9500,0,7000,0,2500,0,A10,개인,M
N,1,9900,0,9900,0,0,0,A07,개인,M
N,1,2500,0,0,0,0,0,A04,개인,F
N,6,30700,1400,16500,12800,0,0,A10,개인,M
N,1,2500,0,0,0,2500,0,A09,개인,M
Y,2,2900,1500,0,0,0,1400,A08,개인,M
N,1,2500,0,0,0,2500,0,_,개인사업자,F
N,3,5300,1400,0,1400,2500,0,A10,개인사업자,M
N,2,9000,0,0,2500,0,0,A05,개인,F
N,1,10000,10000,0,0,0,0,_,법인사업자,F
N,1,5000,0,0,0,0,0,A10,개인,F
N,2,12500,0,10000,2500,0,0,_,개인사업자,M
Y,3,6400,0,0,0,1400,5000,A07,개인,F
N,1,2500,0,0,0,2500,0,A09,개인,F
N,1,5000,0,0,0,5000,0,A07,개인,M
N,1,5000,0,0,0,0,0,A07,개인,F
N,8,42400,11400,12500,0,9000,0,A03,개인,F
N,3,8900,2500,5000,0,0,0,A08,개인,M
N,1,1400,0,0,0,1400,0,A08,개인,M
Y,2,2800,0,1400,0,0,1400,A09,개인,F
N,2,5000,0,0,0,0,0,A05,개인,M
N,2,3900,1400,0,0,2500,0,A07,개인,F
N,1,1400,0,0,0,0,0,A07,개인,F
Y,2,12500,10000,0,0,0,2500,A07,개인,M
N,2,3900,0,1400,2500,0,0,A09,개인,M
N,5,23900,0,10000,1400,0,2500,A08,개인,F
N,2,11400,0,1400,0,0,0,A06,개인,F
N,3,10400,0,0,1400,2500,0,A04,개인,F
N,3,10000,0,5000,0,5000,0,A06,개인,M
N,1,1400,0,0,0,0,1400,A04,개인,M
Y,1,2500,0,0,0,0,2500,_,법인사업자,M
N,2,3900,0,0,0,0,3900,A03,개인,M
N,2,9000,0,0,0,0,6500,A09,개인,M
N,4,11800,1400,0,0,2500,0,A02,개인,F
N,2,5000,0,2500,0,0,0,A08,개인,F
N,2,12500,0,10000,2500,0,0,A09,개인사업자,F
N,8,16300,0,0,16300,0,0,A07,개인,M
Y,1,1400,0,0,0,0,1400,A05,개인,F
N,3,9300,0,1400,7900,0,0,A08,개인,F
N,1,1400,0,0,0,1400,0,A10,개인,M
N,1,2500,2500,0,0,0,0,A05,개인,F
N,1,1400,0,0,0,0,0,A09,개인,M
N,7,20300,7500,6400,0,3900,0,A10,개인,M
N,3,8900,1400,0,0,0,0,A09,개인,M
N,1,2500,0,0,2500,0,0,A09,개인,M
N,2,5000,0,2500,0,0,0,A09,개인,M
N,2,7900,0,0,0,0,0,A06,개인,F
N,1,1400,0,0,0,0,0,A04,개인,M
N,1,2500,0,0,0,0,0,A10,개인사업자,M
N,1,1400,0,0,1400,0,0,A07,개인,F
N,3,4200,1400,0,0,0,0,A04,개인,F
N,1,2500,0,0,0,0,0,A03,개인,F
N,1,2500,0,0,0,0,0,A08,개인사업자,F
N,1,1400,0,0,1400,0,0,_,법인사업자,M
N,7,22800,2500,8900,5000,0,1400,A08,개인,F
Y,1,1400,0,0,0,0,1400,A08,개인,F
N,1,10000,0,0,10000,0,0,A04,개인,M
N,1,2500,0,0,0,0,0,A07,개인,M
N,1,2500,0,0,0,2500,0,A06,개인,M
N,2,16400,0,0,0,0,6500,A06,개인,M
Y,4,5600,1400,0,0,0,4200,A05,개인사업자,M
N,2,13000,13000,0,0,0,0,A05,개인,M
N,1,1400,0,0,1400,0,0,_,법인사업자,M
N,1,5000,0,0,0,0,0,A10,개인사업자,F
Y,1,2500,0,0,0,0,2500,A09,개인,M
Y,3,6400,0,0,0,0,3900,A03,개인,M
N,4,15300,10000,2500,2800,0,0,A04,개인,M
N,1,2500,0,0,0,2500,0,A09,개인,M
N,1,2500,0,0,0,2500,0,A07,개인,M
N,1,2500,0,0,0,0,0,A08,개인,F
N,3,21500,0,15000,0,6500,0,A09,개인,F
N,3,6400,0,2500,1400,0,0,A06,개인,F
N,1,2500,0,0,0,2500,0,A07,개인,F
N,2,5000,0,2500,0,0,0,A04,개인,M
N,1,1400,0,0,0,0,0,A08,개인,F
N,1,1400,0,0,0,1400,0,A08,개인,F
N,1,7000,7000,0,0,0,0,_,개인,M
Y,3,5300,2500,0,0,0,2800,A08,개인,M
N,2,12500,0,10000,0,2500,0,A04,개인,F
Y,1,2500,0,0,0,0,2500,A09,개인,F
N,4,13400,0,9500,0,0,0,A04,개인,F
N,5,16400,2500,7500,1400,0,0,A09,개인,F
N,2,10000,0,0,5000,0,0,A08,개인,F
Y,2,3900,0,0,0,2500,1400,_,공공기관,F
N,1,1400,0,0,1400,0,0,A10,개인,F
N,1,5000,0,0,5000,0,0,A08,개인,M
N,3,10400,0,0,3900,0,0,A03,개인,M
N,3,7500,0,2500,0,5000,0,A07,개인,M
N,2,7500,2500,0,0,0,0,A11,개인,M
Y,1,7000,0,7000,0,0,0,A05,개인,F
Y,1,5000,0,0,0,0,0,A13,개인사업자,F
Y,3,12500,5000,0,0,0,5000,A07,개인,M
N,2,2800,1400,0,0,1400,0,A09,개인,F
N,4,7800,0,0,1400,0,2500,A04,개인,F
N,1,1400,0,0,0,0,0,A10,개인,M
N,2,9500,7000,0,0,0,0,A08,개인,F
N,4,6700,1400,0,1400,0,0,A05,개인,M
N,2,7500,0,7500,0,0,0,A08,개인,M
N,1,1400,0,0,0,0,0,A09,개인,M
N,4,7800,0,1400,0,3900,0,A06,개인사업자,F
N,1,5000,0,0,0,5000,0,A05,개인,F
N,3,5300,0,0,0,2500,0,A10,개인,M
N,1,2500,2500,0,0,0,0,A10,개인,F
N,6,31400,10000,2500,0,0,0,A06,개인,F
N,1,1400,0,0,1400,0,0,A11,개인사업자,M
N,1,1400,0,0,0,0,0,A08,개인,M
N,1,1400,0,0,1400,0,0,A13,개인,M
N,3,5300,0,0,5300,0,0,A07,개인,F
N,1,2500,0,0,0,2500,0,A08,개인,F
N,1,2500,0,0,2500,0,0,_,법인사업자,M
N,2,7500,0,5000,0,0,0,A06,개인,M
Y,4,10700,0,0,0,1400,9300,_,법인사업자,F
N,1,5000,0,0,0,5000,0,A09,개인,M
N,1,2500,2500,0,0,0,0,A09,개인,F
N,3,14000,0,5000,0,6500,0,A04,개인,F
N,8,16800,2800,7000,0,1400,0,A07,개인,M
N,1,1400,1400,0,0,0,0,A09,개인,M
N,3,39700,0,29800,0,0,0,A07,개인,F
N,1,1400,0,0,1400,0,0,A06,개인,M
N,1,5000,0,0,0,0,0,A04,개인,M
N,2,6400,0,5000,0,0,1400,A10,개인,F
N,2,6400,0,1400,0,0,0,A07,개인,F
N,2,7500,5000,0,0,2500,0,A10,개인,M
N,1,2500,0,0,2500,0,0,A09,개인,M
N,2,3900,2500,0,0,1400,0,A08,개인,F
Y,1,10000,0,10000,0,0,0,A05,개인,F
N,7,18500,0,2800,9300,6400,0,A07,개인,F
N,3,15000,0,0,0,0,0,A15,개인,M
N,2,11400,10000,0,0,0,0,A08,개인,F
N,6,15300,7500,2500,0,2800,0,A05,개인,F
N,2,3900,0,0,3900,0,0,A11,개인,F
N,1,1400,0,0,1400,0,0,A04,개인,F
N,6,44000,25000,10000,0,6500,0,A04,개인,M
N,7,9800,0,1400,5600,1400,0,A10,개인,F
N,14,37000,5000,6400,25600,0,0,A06,개인,M
N,1,2500,0,0,0,0,0,A08,개인,F
Y,1,2500,0,0,0,0,2500,A07,개인,M
N,2,6400,0,0,0,6400,0,_,법인사업자,M
N,3,19500,19500,0,0,0,0,A05,개인,M
N,2,12500,0,0,10000,0,0,A07,개인,F
N,1,2500,0,0,0,2500,0,A06,개인,F
Y,3,10000,0,0,0,0,7500,A08,개인,F
N,2,12500,10000,0,0,2500,0,A04,개인,M
N,4,6700,0,0,0,0,0,A06,개인,M
N,1,10000,0,0,0,0,0,A05,개인,F
N,2,2800,0,0,2800,0,0,A03,개인,M
N,1,1400,0,0,1400,0,0,A05,개인,F
Y,3,4200,0,0,0,0,1400,A06,개인,M
N,1,2500,0,0,0,2500,0,A04,개인,M
N,1,1400,1400,0,0,0,0,A09,개인,F
N,1,2500,0,0,2500,0,0,A05,개인,F
N,2,15000,0,0,10000,0,0,A07,개인,M
N,1,1400,0,0,1400,0,0,A07,개인,F
Y,3,6400,2500,0,0,2500,1400,A10,개인,M
N,1,6500,0,0,6500,0,0,A09,개인,M
N,4,7800,0,2500,5300,0,0,A11,개인,F
N,2,9000,0,0,2500,6500,0,A04,개인,M
Y,6,40000,0,15000,0,0,25000,A08,개인,M
N,4,16400,4500,0,0,0,0,A05,개인,F
N,4,7100,0,2500,0,0,0,A06,개인,F
N,1,2500,0,0,2500,0,0,_,법인사업자,M
N,3,15000,10000,0,5000,0,0,A02,개인,F
N,3,6400,0,0,6400,0,0,A12,개인,F
N,3,12800,0,10000,0,2800,0,A04,개인,M
N,7,10900,0,0,0,0,0,A07,개인,M
N,2,6500,2500,0,0,0,0,A08,개인,F
N,3,5300,3900,1400,0,0,0,A09,개인,F
N,2,2400,0,0,2400,0,0,A08,개인,F
N,6,13700,4500,0,0,0,0,A05,개인,F
Y,2,2800,0,0,0,0,2800,A08,개인,M
N,1,1400,0,0,0,0,0,A06,개인,M
N,1,2500,0,0,2500,0,0,A03,개인,F
N,2,2800,0,1400,0,0,0,A07,개인,F
N,3,5300,2500,0,0,2800,0,A08,개인,M
N,1,1400,0,0,0,1400,0,A03,개인,M
Y,1,2500,0,0,0,0,2500,A06,개인,M
N,1,1400,0,0,0,0,0,A07,개인,F
Y,2,7500,0,0,0,0,7500,A08,개인,M
N,5,26400,10000,10000,0,6400,0,A09,개인,M
Y,1,1400,0,1400,0,0,0,A09,개인,F
N,1,1400,0,0,1400,0,0,A10,개인,F
N,3,12800,10000,0,1400,1400,0,A05,개인,M
N,1,2500,0,0,0,2500,0,A07,개인,F
N,1,2500,0,0,0,2500,0,A07,개인,M
N,1,1400,0,0,0,1400,0,A08,개인,F
N,1,10000,0,10000,0,0,0,_,법인사업자,M
N,1,10000,0,0,0,0,0,A02,개인,F
N,3,5300,0,0,1400,3900,0,A05,개인,M
N,1,2500,0,0,0,2500,0,A09,개인,M
N,5,8100,0,0,0,0,0,A08,개인,M
N,3,6400,0,1400,2500,0,2500,A09,개인,M
N,2,7500,0,0,7500,0,0,A07,개인,F
N,1,1400,0,0,0,1400,0,A10,개인,M
N,2,5000,0,0,5000,0,0,A01,개인,F
N,4,6700,1400,0,0,5300,0,A08,개인,F
Y,1,1400,0,0,0,0,1400,A09,개인,M
N,4,7800,2500,0,0,5300,0,A10,개인,M
Y,1,2500,0,0,0,0,2500,A05,개인,F
N,9,27400,6500,10000,0,0,0,A06,개인,F
N,1,2500,0,0,0,2500,0,A07,개인,F
N,1,10000,10000,0,0,0,0,A04,개인,M
N,1,1400,0,0,1400,0,0,A08,개인,F
Y,1,2500,0,0,0,0,2500,A07,개인,M
N,1,7000,0,7000,0,0,0,A06,개인,M
N,1,1400,0,0,0,1400,0,A02,개인,F
N,1,1400,0,0,0,1400,0,A09,개인,M
N,1,2500,0,0,2500,0,0,A07,개인,M
Y,1,2500,0,0,0,0,2500,A12,개인사업자,F
N,1,2500,0,0,2500,0,0,A13,개인,M
N,1,1400,0,0,0,1400,0,_,법인사업자,M
N,1,2500,0,0,2500,0,0,A09,개인,M
N,2,2800,0,0,0,2800,0,A07,개인,F
N,1,2500,0,0,0,2500,0,A05,개인,M
N,2,7500,0,6500,0,1000,0,A09,개인,F
N,1,2500,0,0,2500,0,0,A10,개인,F
N,1,2500,0,0,0,2500,0,A09,개인,M
N,1,2500,0,0,0,2500,0,A05,개인,M
Y,1,2500,0,0,0,0,2500,A04,개인,M
N,4,16400,2500,10000,0,0,0,A06,개인,M
N,4,11400,0,2500,2500,5000,0,A07,개인,F
Y,2,5000,2500,0,0,0,2500,A10,개인,F
N,1,5000,0,0,0,5000,0,A06,개인,F
N,1,2500,0,0,2500,0,0,_,법인사업자,M
N,1,2500,0,0,0,2500,0,A09,개인,M
N,1,1400,0,0,1400,0,0,_,법인사업자,F
N,6,10600,2500,0,0,0,0,A12,개인,M
N,1,2500,0,0,0,2500,0,A07,개인사업자,F
N,2,3900,0,0,3900,0,0,A07,개인,M
N,1,6500,0,0,6500,0,0,A08,개인,F
N,7,14200,0,1400,12800,0,0,A09,개인,M
N,1,1400,0,0,0,1400,0,A08,개인,M
N,1,2500,0,0,0,2500,0,A06,개인,F
N,2,16500,0,0,0,0,0,A06,개인,M
N,2,2800,0,0,0,0,0,A07,개인,F
N,7,10900,0,2800,8100,0,0,A08,개인,F
N,1,1400,0,0,0,0,0,A06,개인,F
N,1,1400,0,0,0,1400,0,A07,개인,F
N,2,6400,0,0,0,5000,1400,A07,개인,M
N,1,1400,0,0,0,1400,0,A06,개인,F
Y,2,5000,0,2500,0,0,2500,A08,개인,M
N,2,3900,0,0,2500,1400,0,A08,개인,M
Y,2,3900,0,1400,0,0,2500,A10,개인사업자,M
N,3,16000,2500,0,0,0,0,A05,개인,M
N,6,8400,0,0,0,0,0,A07,개인,F
Y,1,1400,0,0,0,0,1400,A08,개인사업자,F
N,1,1400,0,0,0,1400,0,A07,개인,F
N,1,1400,0,0,0,0,0,A07,개인,M
Y,2,13000,6500,6500,0,0,0,A08,개인,F
N,1,1400,0,0,1400,0,0,A05,개인,M
N,1,6500,0,0,0,0,0,A07,개인,M
N,1,5000,0,0,5000,0,0,A08,개인,M
N,1,10000,0,10000,0,0,0,A04,개인,F
N,1,2500,0,0,0,0,0,A06,개인,M
N,3,17500,0,2500,5000,10000,0,A11,개인,F
N,2,2800,0,0,0,0,0,A10,개인,M
N,4,6700,0,0,0,2800,0,A08,개인,M
N,1,2500,0,0,0,2500,0,A06,개인,F
N,1,1400,0,0,1400,0,0,A07,개인,M
N,2,3900,0,0,0,0,0,A11,개인,M
N,1,1400,0,0,0,0,0,A07,개인,M
N,1,2500,0,0,0,2500,0,A02,개인,F
Y,3,5300,0,0,0,0,5300,A08,개인사업자,M
Y,2,10000,0,0,0,0,5000,A09,개인,M
Y,1,2500,0,0,0,0,2500,A07,개인,M
N,2,2800,0,0,1400,0,1400,A09,개인,F
N,2,12500,10000,0,0,0,0,A09,개인,M
N,3,5300,0,1400,3900,0,0,A15,개인,M
N,3,6400,0,0,0,5000,0,A05,개인,F
N,1,1400,0,0,0,1400,0,A10,개인,F
Y,4,19000,7500,0,0,0,11500,A08,개인,M
N,2,5000,0,0,0,5000,0,A07,개인,F
N,3,13900,0,10000,1400,0,0,A10,개인,M
N,1,10000,0,10000,0,0,0,A04,개인,F
N,3,6400,0,1400,0,2500,2500,A07,개인,M
N,4,5600,0,0,0,1400,2800,A03,개인,F
N,4,7800,5000,0,2800,0,0,A03,개인,F
Y,1,2500,0,0,0,0,2500,A06,개인,F
N,1,1400,0,0,1400,0,0,A07,개인,M
N,2,9000,0,0,0,0,0,A06,개인,F
N,4,5600,0,0,0,0,0,A05,개인,M
Y,2,15000,10000,0,0,0,5000,A06,개인,F
N,1,1400,0,0,1400,0,0,A09,개인,M
N,1,2500,0,0,2500,0,0,A08,개인,M
N,1,2500,0,2500,0,0,0,A03,개인,F
N,2,2800,0,0,2800,0,0,A09,개인,M
N,2,7500,2500,0,0,0,0,A06,개인,M
N,1,2500,0,0,0,0,0,A05,개인,M
N,1,2500,0,0,0,2500,0,A05,개인,M
N,1,2500,0,0,0,0,0,A13,개인,F
Y,3,6400,0,0,0,0,5000,A06,개인,F
Y,1,1400,0,0,0,0,1400,A07,개인,F
N,1,1400,0,0,0,0,0,A05,개인,M
N,1,1400,0,0,0,0,0,A05,개인,M
N,18,34000,0,4200,29800,0,0,A05,개인,F
N,1,2500,0,0,0,2500,0,A09,개인,M
N,1,1400,0,0,0,0,0,A13,개인,F
N,1,1400,0,0,0,1400,0,A12,개인,M
Y,2,7900,0,0,0,0,7900,A03,개인,F
N,2,3900,0,0,3900,0,0,_,법인사업자,F
Y,6,16700,0,2500,1400,0,6400,_,공공기관,F
N,1,2500,0,0,0,2500,0,_,법인사업자,M
Y,4,21400,10000,0,0,0,10000,A04,개인,M
N,1,1400,0,0,0,1400,0,_,개인,M
Y,1,5000,0,0,0,0,5000,A06,개인,F
N,2,7200,7200,0,0,0,0,A06,개인,F
N,1,1400,0,0,1400,0,0,A07,개인,F
N,1,2500,0,0,0,2500,0,A09,개인,M
N,3,5300,0,0,2500,0,0,A06,개인,F
N,1,5000,0,0,5000,0,0,A06,개인,F
Y,4,8900,0,5000,2500,0,1400,_,공공기관,M
Y,1,2500,0,0,0,0,2500,A09,개인,F
N,1,1400,0,0,0,0,0,A06,개인,M
N,1,10000,0,10000,0,0,0,A06,개인,F
N,1,1400,0,0,1400,0,0,A10,개인,F
N,1,2500,0,0,0,2500,0,A09,개인,F
N,2,3900,0,0,0,3900,0,A07,개인,M
N,3,4200,0,0,0,4200,0,A11,개인,F
Y,3,22000,10000,7000,0,0,5000,A04,개인,M
N,3,7800,0,0,0,0,0,A07,개인,F
N,4,6700,0,0,6700,0,0,A07,개인,M
N,2,7500,0,0,5000,2500,0,A13,개인,F
N,2,5000,0,0,0,5000,0,A08,개인,F
N,2,2800,0,0,0,2800,0,A08,개인,F
N,3,6400,0,0,0,3900,0,A09,개인,M
Y,3,16400,1400,10000,0,0,5000,A04,개인,F
N,3,6400,0,1400,5000,0,0,A09,개인,F
N,1,10000,0,0,10000,0,0,A10,개인,M
N,1,1400,0,0,1400,0,0,A09,개인,F
N,2,7500,0,0,7500,0,0,A06,개인,F
Y,1,2500,0,0,0,0,2500,A07,개인,F
N,9,31100,0,0,0,0,0,A05,개인,F
N,1,10000,0,0,10000,0,0,A11,개인,F
N,1,1400,0,0,0,1400,0,A11,개인,F
N,1,1400,0,0,1400,0,0,A09,개인,M
N,3,6400,0,0,6400,0,0,A02,개인,F
Y,1,1400,0,0,0,0,1400,A07,개인,M
N,1,1400,0,0,0,0,0,A10,개인,M
N,3,7500,0,0,7500,0,0,A09,개인,F
N,2,2800,0,0,1400,0,1400,A05,개인사업자,M
N,2,9500,0,7000,0,2500,0,A01,개인,F
N,1,2500,0,0,0,2500,0,A10,개인,F
N,1,2500,0,0,0,2500,0,A11,개인,F
N,1,5000,0,0,5000,0,0,A08,개인,M
N,2,12500,10000,0,0,2500,0,A02,개인,F
N,1,1400,0,0,1400,0,0,A04,개인,F
N,1,5000,0,0,5000,0,0,A07,개인,M
Y,1,2500,0,0,0,0,2500,A09,개인,M
N,1,1400,0,1400,0,0,0,A04,개인,M
N,1,2500,0,0,0,2500,0,A05,개인,F
N,1,1400,0,0,0,1400,0,A12,개인,M
N,2,5000,0,0,0,2500,2500,A05,개인,F
N,2,5000,0,0,0,2500,0,A04,개인,F
N,1,1400,0,0,0,1400,0,A08,개인,F
N,1,2500,0,0,2500,0,0,A08,개인,M
N,1,2500,0,0,2500,0,0,A09,개인,M
N,1,2500,0,0,0,2500,0,A05,개인,F
N,2,3900,0,0,0,1400,0,A06,개인,M
N,2,2800,1400,0,0,1400,0,A06,개인,F
N,1,6500,0,0,0,0,0,A04,개인,M
N,5,10300,0,2800,7500,0,0,A08,개인,M
N,1,2500,0,0,0,2500,0,A04,개인,M
N,1,1400,0,0,1400,0,0,A07,개인,F
N,1,5000,0,0,5000,0,0,A09,개인,M
Y,1,5000,0,0,0,0,5000,A06,개인,F
N,2,10000,0,5000,5000,0,0,A06,개인,M
N,2,2800,0,0,0,0,0,A04,개인,F
N,1,1400,0,0,1400,0,0,A07,개인,M
N,1,5000,0,0,5000,0,0,A09,개인,M
N,1,1400,0,0,1400,0,0,A13,개인,F
N,2,7900,0,0,0,7900,0,A04,개인사업자,F
N,2,2800,0,0,0,0,0,A11,개인,M
N,1,7000,0,7000,0,0,0,A06,개인,M
N,1,2500,0,0,2500,0,0,A05,개인,F
Y,2,12500,0,10000,0,0,2500,A09,개인,F
N,5,8100,0,3900,4200,0,0,A08,개인,F
N,1,5000,0,0,0,0,0,A06,개인,F
N,2,20000,10000,0,0,10000,0,A05,개인,M
Y,6,11700,0,2500,0,1400,5300,A07,개인,F
N,4,5600,0,0,0,5600,0,A06,개인사업자,M
N,1,2500,0,0,0,2500,0,A06,개인,M
N,1,1400,0,0,1400,0,0,A10,개인,M
N,2,2800,0,1400,1400,0,0,A09,개인,F
N,2,3900,0,0,3900,0,0,A10,개인,M
N,1,2500,2500,0,0,0,0,A06,개인,F
Y,2,6400,0,0,0,0,6400,A05,개인,F
N,1,2500,0,0,2500,0,0,A09,개인,M
N,5,27000,15000,9500,2500,0,0,A04,개인,M
Y,1,1400,0,0,0,0,1400,A04,개인,M
Y,1,10000,0,0,0,0,10000,A09,개인,M
Y,2,2800,0,0,0,0,1400,A08,개인,F
Y,3,12000,0,7000,0,0,5000,A07,개인,F
N,2,16500,6500,0,10000,0,0,A10,개인사업자,F
N,1,1400,0,0,0,1400,0,A05,개인,F
N,1,5000,0,0,5000,0,0,A11,개인,M
N,2,7900,0,0,0,0,0,A07,개인사업자,M
N,1,6500,0,0,6500,0,0,A04,개인,F
N,2,12500,0,10000,0,2500,0,A04,개인,M
Y,1,1400,0,0,0,0,1400,A08,개인사업자,M
Y,1,2500,0,0,0,0,2500,A08,개인,M
Y,1,2500,0,0,0,0,2500,A10,개인,M
N,1,1400,0,0,1400,0,0,A05,개인,F
Y,1,1400,0,0,0,0,1400,A10,개인사업자,M
Y,8,24200,0,0,0,0,12800,A08,개인,F
N,1,2500,0,0,0,2500,0,A08,개인,M
N,1,1400,0,0,1400,0,0,A07,개인,F
N,1,5000,0,0,5000,0,0,A07,개인,M
N,1,10000,10000,0,0,0,0,A07,개인,M
N,1,1400,0,0,1400,0,0,A07,개인,F
N,1,6500,0,0,0,6500,0,A05,개인,F
N,1,2500,0,0,2500,0,0,A04,개인,M
Y,1,1400,0,0,0,0,1400,A04,개인,M
N,1,2500,0,0,0,2500,0,A05,개인,F
Y,2,5000,0,0,0,2500,2500,A09,개인,F
N,2,5000,0,0,5000,0,0,A08,개인,M
N,1,2500,0,0,0,2500,0,A05,개인,F
N,4,8900,0,2500,0,6400,0,A08,개인,F
N,1,1400,0,0,1400,0,0,A09,개인,M
N,1,2500,0,0,0,0,0,A05,개인,F
N,1,2500,0,0,2500,0,0,A08,개인,F
N,2,7900,0,0,0,0,0,A12,개인,F
N,5,29500,10000,5000,5000,2500,0,A06,개인,M
N,1,2500,0,0,0,2500,0,A03,개인,F
N,1,1400,0,0,0,1400,0,A08,개인,M
Y,1,1400,0,0,0,0,1400,A07,개인,F
N,1,5000,0,0,5000,0,0,A09,개인,M
N,1,2500,0,0,0,2500,0,A05,개인,M
N,7,16500,1400,9500,0,4200,0,A04,개인,F
N,3,17500,0,5000,12500,0,0,A05,개인,F
Y,1,1400,0,1400,0,0,0,A04,개인,M
N,1,10000,0,0,0,0,0,A06,개인,F
N,1,1400,0,0,0,0,0,A07,개인,F
Y,1,2500,0,0,0,0,2500,A05,개인,M
N,1,1400,0,0,0,1400,0,A09,개인,M
N,1,2500,0,0,0,2500,0,A10,개인,M
N,1,2500,0,0,2500,0,0,A05,개인,F
N,1,2500,0,0,0,0,0,A06,개인,M
Y,1,2500,0,0,0,0,2500,_,법인사업자,M
N,2,24900,14900,10000,0,0,0,A05,개인,M
N,5,10300,0,5300,5000,0,0,_,법인사업자,M
N,1,1400,0,0,0,1400,0,A07,개인,M
N,1,2500,0,0,0,0,0,A08,개인,F
N,1,1400,0,0,1400,0,0,A07,개인,M
N,3,4200,0,0,0,0,0,A07,개인,F
Y,2,5400,0,0,0,0,1400,A04,개인,F
Y,2,3900,0,0,1400,0,2500,A07,개인,M
N,4,10700,0,1400,0,2800,0,A02,개인,F
N,1,1400,0,0,0,0,0,A05,개인,F
N,3,6400,0,0,6400,0,0,A09,개인,F
N,1,2500,0,0,0,2500,0,A09,개인,F
Y,7,13100,1400,3900,0,2500,5300,A05,개인,M
N,2,20000,10000,10000,0,0,0,A09,개인,M
N,3,6400,0,2500,1400,2500,0,A09,개인,F
N,1,2500,0,0,0,2500,0,A09,개인사업자,F
N,1,1400,0,0,0,0,0,A06,개인,F
Y,1,2500,0,0,0,0,2500,A08,개인사업자,M
N,1,1400,0,0,0,0,0,_,법인사업자,F
N,3,6400,2500,0,0,0,0,A05,개인,M
N,3,12800,10000,0,0,2800,0,A07,개인,M
N,2,5000,0,0,2500,0,0,A11,개인,M
N,3,19500,0,9500,10000,0,0,A08,개인,F
N,5,11400,0,1400,10000,0,0,A08,개인,F
N,3,8900,0,2500,1400,0,0,A05,개인,F
N,1,1000,0,0,0,1000,0,A08,개인,F
N,1,1400,0,0,0,0,0,A05,개인,M
N,2,11400,10000,0,0,1400,0,A10,개인,M
N,1,1400,0,0,1400,0,0,A06,개인,M
N,1,5000,0,0,0,5000,0,A04,개인,F
N,1,1400,0,0,0,1400,0,A06,개인,F
N,1,6500,0,0,0,6500,0,A08,개인,F
N,1,2500,0,0,2500,0,0,A12,개인,F
N,1,2500,0,0,0,2500,0,A02,개인,M
Y,1,1400,0,0,0,0,1400,A05,개인,M
N,1,2500,0,0,0,2500,0,A04,개인,F
N,1,2500,0,0,2500,0,0,A08,개인,F
N,1,2500,0,0,2500,0,0,A07,개인,M
Y,1,10000,0,10000,0,0,0,A08,개인,M
N,1,2500,0,0,0,2500,0,A08,개인,M
N,2,3900,1400,0,0,2500,0,A11,개인,F
Y,1,2500,0,0,0,0,2500,A08,개인,F
N,2,7500,0,0,7500,0,0,A11,개인,F
N,1,5000,0,0,5000,0,0,A05,개인,F
N,2,12500,0,10000,0,0,0,A04,개인,F
N,1,10000,0,0,10000,0,0,A09,개인,M
Y,1,1400,0,0,0,0,1400,A08,개인,F
N,1,2500,0,0,0,2500,0,A07,개인,F
N,1,1400,0,0,1400,0,0,A04,개인,M
N,3,8900,1400,0,0,7500,0,A01,개인,M
Y,1,2500,0,0,0,0,2500,A06,개인,M
N,2,3900,0,0,2500,1400,0,A02,개인,M
N,3,12800,10000,0,0,0,0,A05,개인,F
N,1,10000,0,0,0,0,0,A04,개인,M
N,2,3900,0,0,0,0,0,A06,개인,M
N,1,2500,0,0,2500,0,0,A06,개인,F
N,1,2500,0,0,0,2500,0,A03,개인,F
N,1,2500,2500,0,0,0,0,A01,개인,F
Y,1,1400,0,0,0,0,1400,A07,개인,F
N,1,2500,0,0,0,2500,0,A06,개인,F
Y,1,1400,0,0,0,0,1400,A08,개인,M
N,1,1400,0,0,1400,0,0,A08,개인,F
N,1,1400,0,0,1400,0,0,A06,개인,F
N,2,10000,0,5000,0,5000,0,A08,개인,F
N,2,3900,0,0,0,0,0,A05,개인,F
N,1,1400,0,0,0,1400,0,A04,개인,F
N,1,2500,0,0,2500,0,0,A09,개인,F
N,2,3900,0,0,0,3900,0,A04,개인,F
N,3,5300,0,0,2500,2800,0,A10,개인,M
N,1,1400,0,0,1400,0,0,A08,개인,M
N,3,11500,0,0,0,0,0,A10,개인,M
N,1,2500,0,0,0,0,0,A06,개인,F
N,1,2500,0,0,2500,0,0,A07,개인,F
N,1,1400,0,0,0,1400,0,A08,개인,M
Y,3,11400,0,0,0,0,11400,A09,개인,F
Y,1,5000,0,0,0,0,0,A12,개인사업자,F
N,1,10000,0,0,0,0,0,A05,개인사업자,M
N,2,3900,2500,0,0,0,1400,A08,개인,F
N,1,2500,0,0,0,2500,0,A10,개인,F
N,1,2500,0,0,0,2500,0,A06,개인사업자,M
N,9,12600,0,0,0,0,0,A05,개인,M
N,1,2500,0,0,0,0,0,A05,개인,M
N,1,5000,0,0,5000,0,0,A10,개인,F
N,1,1400,0,0,0,0,0,A10,개인,F
N,2,7500,0,0,7500,0,0,A08,개인,M
N,2,7500,0,5000,0,2500,0,A07,개인,F
N,1,2500,0,0,2500,0,0,A10,개인,M
N,1,2500,0,0,2500,0,0,A06,개인,M
N,1,1400,0,0,0,1400,0,_,법인사업자,F
N,4,6700,0,2500,0,4200,0,A06,개인,M
N,3,13900,0,0,11400,0,2500,A07,개인,F
N,5,8100,1400,1400,2800,2500,0,A08,개인사업자,M
N,1,2500,0,0,0,2500,0,A12,개인사업자,M
N,7,15300,1400,0,0,0,0,A07,개인,M
N,9,27400,3900,10000,0,0,0,A11,개인,F
N,1,1400,0,0,0,0,0,A06,개인,F
N,1,1400,0,0,0,1400,0,A09,개인,F
N,1,1000,0,0,1000,0,0,A09,개인,F
N,1,2500,0,0,0,2500,0,A05,개인,F
N,1,5000,0,0,5000,0,0,A08,개인,M
N,1,2500,0,0,0,2500,0,A09,개인,M
Y,1,1400,0,0,0,0,1400,A03,개인,F
N,2,11400,0,10000,0,0,1400,A07,개인사업자,M
N,3,6400,3900,0,0,2500,0,A10,개인,F
Y,2,15000,0,0,0,0,15000,A11,개인사업자,F
N,2,20000,10000,0,10000,0,0,A06,개인,F
N,1,5000,0,0,5000,0,0,A05,개인,F
N,1,2500,0,0,2500,0,0,A10,개인,F
N,1,2500,0,0,0,2500,0,A09,개인,M
Y,2,5000,0,0,0,0,5000,A05,개인,F
N,2,20000,0,10000,10000,0,0,A04,개인,F
N,2,5000,0,0,0,0,2500,A06,개인,M
N,4,7800,0,0,7800,0,0,A07,개인,F
N,5,23400,0,10000,0,5000,0,A10,개인사업자,M
N,4,18400,0,10000,8400,0,0,A08,개인,F
N,1,6500,0,0,0,0,0,A06,개인,M
N,1,2500,0,0,0,2500,0,_,법인사업자,F
N,1,6500,0,0,0,0,0,A04,개인,F
N,1,1400,0,0,0,0,0,A11,개인,M
N,1,1400,0,0,0,1400,0,A04,개인,M
Y,1,1400,0,0,0,0,1400,A09,개인,M
N,1,5000,0,0,5000,0,0,A05,개인,M
N,8,22500,0,0,22500,0,0,A08,개인,F
N,1,5000,0,0,5000,0,0,A08,개인,M
N,2,7500,0,0,2500,5000,0,A14,개인,F
N,1,1400,0,0,0,1400,0,A04,개인,F
N,1,2500,0,0,0,0,2500,A07,개인,F
N,1,2500,0,2500,0,0,0,A05,개인,F
N,1,2500,0,0,0,2500,0,A09,개인,F
N,2,3500,0,2500,1000,0,0,A13,개인,F
N,3,13900,10000,0,2500,1400,0,A06,개인,M
N,2,5000,0,0,0,2500,0,A08,개인,F
N,1,1400,0,0,1400,0,0,A04,개인,F
N,3,13900,0,10000,0,3900,0,_,법인사업자,F
N,1,1400,0,0,0,1400,0,A07,개인,F
N,1,2500,0,0,0,0,0,A03,개인,F
N,1,6500,0,0,0,0,0,A07,개인,F
N,1,6500,0,0,0,0,0,A05,개인,F
N,1,2500,0,0,0,2500,0,_,법인사업자,M
N,5,10300,2500,0,0,7800,0,A08,개인,F
N,1,10000,0,0,0,10000,0,A03,개인,M
N,2,3900,0,0,0,2500,0,A06,개인,M
N,1,2500,0,0,2500,0,0,_,법인사업자,M
Y,1,2500,0,0,0,0,2500,A07,개인,F
N,2,3900,0,0,0,3900,0,A05,개인,M
N,1,5000,0,0,5000,0,0,A05,개인,F
N,1,2500,0,0,2500,0,0,A05,개인,F
N,1,2500,0,0,0,2500,0,A07,개인,F
N,1,2500,0,0,0,2500,0,A04,개인,F
N,1,1400,0,0,0,1400,0,_,개인사업자,F
N,1,1400,0,0,1400,0,0,A06,개인,M
N,2,6400,5000,0,0,0,0,A04,개인,M
N,1,2500,0,0,2500,0,0,A07,개인,F
N,6,25900,2500,7000,10000,2500,1400,A09,개인,M
N,2,3900,0,0,3900,0,0,A10,개인,F
N,1,1400,0,0,0,1400,0,A08,개인,M
N,1,2500,0,0,0,2500,0,A06,개인,M
N,3,6675,3750,0,0,0,0,A07,개인,F
N,1,1400,0,0,1400,0,0,A07,개인,M
N,1,5000,0,0,0,5000,0,A06,개인,M
N,1,2500,0,0,0,2500,0,_,법인사업자,M
N,1,2500,0,0,2500,0,0,A06,개인,M
N,1,2500,0,0,0,2500,0,A05,개인,F
N,1,1400,0,0,1400,0,0,A09,개인,F
Y,2,2800,0,0,0,1400,1400,A09,개인,F
Y,1,2500,0,0,0,0,2500,A08,개인,F
N,2,2800,0,0,1400,0,0,A03,개인,F
N,1,1000,0,0,0,0,1000,_,정식단체,M
N,4,5600,0,0,2800,1400,0,A02,개인,M
N,1,1400,0,0,1400,0,0,A03,개인,F
N,1,5000,0,0,5000,0,0,A05,개인,F
N,2,12500,0,10000,0,2500,0,A05,개인,F
Y,6,9500,2500,1400,1400,0,1400,A05,개인,M
Y,2,2800,0,1400,0,0,1400,A10,개인사업자,F
N,1,1400,0,0,1400,0,0,A11,개인,F
N,1,2500,0,0,0,2500,0,A06,개인,F
N,7,21700,10000,3900,1400,3900,2500,A07,개인,F
Y,2,7500,5000,0,0,0,2500,A08,개인,F
N,19,46900,2500,10000,5000,9800,0,A06,개인,M
N,2,15000,0,10000,0,0,0,A04,개인,F
N,14,24000,0,6400,1400,9500,1400,A11,개인사업자,M
N,1,1400,0,0,1400,0,0,A04,개인,F
Y,3,9900,6000,0,0,0,2500,A05,개인,M
N,4,18900,10000,6400,0,0,0,A06,개인,F
N,3,7500,0,0,0,5000,0,A06,개인,F
N,3,4200,0,0,1400,0,2800,A06,개인,F
Y,1,1400,0,0,0,0,1400,_,법인사업자,M
N,1,1400,0,0,1400,0,0,A09,개인,M
N,1,1400,0,0,0,1400,0,A07,개인,F
Y,2,10000,0,5000,0,0,5000,A08,개인,F
Y,6,8400,0,1400,0,0,5600,A06,개인사업자,F
N,1,2500,0,0,2500,0,0,A08,개인,F
N,5,28900,10000,10000,0,3900,0,_,공공기관,F
Y,2,2800,0,0,0,0,1400,A09,개인사업자,F
Y,4,9900,0,2400,0,0,0,A08,개인,F
N,3,16400,5000,0,10000,0,1400,A09,개인,F
N,1,2500,0,0,0,0,0,A03,개인,F
N,1,1400,0,0,1400,0,0,A09,개인,F
N,2,16400,0,0,0,0,0,A05,개인,M
N,4,29400,0,0,0,0,0,A05,개인,M
N,1,2500,0,0,0,0,0,A06,개인,M
N,1,1400,0,0,0,0,0,A05,개인,F
Y,1,2500,0,0,0,0,2500,A05,개인,M
N,1,5000,0,0,0,5000,0,A09,개인,F
N,1,2500,0,0,2500,0,0,A04,개인,F
Y,1,2500,0,0,0,0,2500,A08,개인,F
Y,3,6400,0,0,0,0,5000,A04,개인,M
N,2,17400,0,2500,0,0,0,A05,개인,F
N,1,2500,0,2500,0,0,0,A07,개인사업자,M
N,1,10000,0,10000,0,0,0,A09,개인사업자,F
N,3,6400,0,0,0,0,0,A08,개인,M
N,1,6500,0,0,0,0,0,A05,개인,M
N,4,11400,0,3900,0,7500,0,A09,개인,M
N,2,5000,0,2500,2500,0,0,A09,개인,M
N,1,11000,0,0,11000,0,0,A07,개인사업자,F
N,1,10000,0,0,0,10000,0,A06,개인,M
N,19,52000,0,18900,1400,17500,10300,A06,개인,M
N,9,20600,0,0,20600,0,0,A03,개인,F
N,1,5000,0,0,0,5000,0,A08,개인,M
N,1,1400,0,0,0,0,0,A06,개인,F
Y,1,1400,0,0,0,0,1400,A14,개인사업자,F
N,2,7500,0,0,0,7500,0,A09,개인,F
N,1,2500,0,0,2500,0,0,A08,개인,F
N,3,5300,0,2500,2800,0,0,A05,개인,F
N,2,10000,0,5000,0,5000,0,A13,개인,F
Y,1,6500,0,0,0,0,6500,A09,개인,F
N,1,1400,0,0,0,0,0,A05,개인,M
N,1,2500,0,0,0,2500,0,A04,개인,F
N,3,7500,0,5000,0,2500,0,A07,개인,F
N,4,6700,0,2500,0,0,0,A06,개인,F
N,2,2800,0,0,2800,0,0,A06,개인사업자,F
N,4,22700,0,0,0,0,0,A08,개인,M
N,1,5000,0,0,5000,0,0,A05,개인,M
N,4,8900,0,0,0,1400,0,A05,개인,M
N,2,9000,0,0,0,9000,0,A05,개인,M
N,3,10400,0,0,0,7900,0,A03,개인,F
N,1,2500,0,0,0,2500,0,A04,개인,M
N,4,6700,0,0,0,1400,2500,A06,개인,M
N,1,1400,0,0,1400,0,0,A14,개인사업자,F
N,4,5600,2800,0,0,2800,0,A06,개인,M
N,1,1400,0,0,0,0,0,A06,개인,M
N,2,11400,0,10000,0,1400,0,A06,개인,F
N,1,2500,0,0,0,0,0,A06,개인,M
N,1,5000,0,0,0,5000,0,A08,개인사업자,F
N,1,1400,0,0,0,1400,0,A07,개인,M
N,1,1400,0,0,0,1400,0,A09,개인,M
N,1,1400,0,0,1400,0,0,A11,개인,M
N,2,3900,0,0,0,0,0,A07,개인,M
Y,1,5000,0,0,0,0,5000,A07,개인,M
Y,3,5300,0,0,0,2500,2800,A10,개인사업자,M
N,1,6500,0,0,0,6500,0,A05,개인,M
Y,4,25000,10000,10000,0,0,5000,A05,개인,F
N,3,5300,0,0,0,0,0,A01,개인,M
N,1,1400,0,0,1400,0,0,_,법인사업자,F
N,1,2500,0,0,0,0,0,A04,개인,F
N,2,5000,0,0,0,5000,0,A06,개인,F
Y,4,10300,0,0,0,0,5300,A08,개인,M
N,2,5000,0,0,0,2500,0,A06,개인,F
N,1,1400,0,0,0,0,0,A07,개인,M
N,1,2500,0,0,0,2500,0,A08,개인,F
N,1,10000,0,10000,0,0,0,A04,개인,M
Y,3,4200,1400,1400,0,0,1400,A11,개인,F
N,1,1400,0,0,0,1400,0,A08,개인,M
N,4,6700,1400,1400,1400,0,2500,A02,개인,F
N,1,2500,0,0,0,2500,0,_,개인사업자,M
N,1,5000,0,0,0,5000,0,A03,개인,M
N,1,1400,0,0,1400,0,0,_,법인사업자,M
N,2,9000,0,0,0,0,0,A10,개인,F
N,2,9000,0,0,0,0,6500,A01,개인,F
N,1,2500,0,0,0,2500,0,A06,개인,M
Y,6,14200,0,0,0,0,10300,A07,개인,M
N,1,10000,10000,0,0,0,0,A06,개인,M
N,1,2500,0,0,0,2500,0,A06,개인,M
N,1,5000,0,0,5000,0,0,A07,개인,M
N,1,5000,0,0,0,5000,0,A08,개인,M
N,1,1400,0,0,0,0,0,A10,개인,M
N,1,2500,0,0,0,2500,0,A09,개인,M
N,1,1400,0,0,1400,0,0,A08,개인,M
N,2,2800,0,0,0,2800,0,A08,개인,F
N,5,11400,0,0,0,0,0,A11,개인,M
N,1,2500,0,0,0,2500,0,A07,개인,F
N,1,6500,0,0,0,0,0,A05,개인,M
N,15,55300,10000,0,0,16000,5000,A07,개인,M
Y,1,2500,0,0,0,0,2500,A03,개인,F
N,1,2500,0,0,0,2500,0,A02,개인,F
N,2,2800,0,0,0,0,0,A06,개인,F
N,1,5000,0,0,0,5000,0,A09,개인,M
N,3,12800,0,10000,0,0,0,A10,개인사업자,F
N,1,1400,0,0,0,0,0,A07,개인,F
N,2,9000,0,0,0,0,0,A06,개인,F
N,1,10000,0,0,0,10000,0,A10,개인,M
N,4,5600,0,1400,4200,0,0,A08,개인,F
N,2,3900,1400,0,0,2500,0,A07,개인,M
N,1,1400,0,0,0,0,0,A06,개인,M
N,1,5000,0,0,0,5000,0,A04,개인,F
N,1,1400,0,0,1400,0,0,A06,개인,F
N,4,21400,11400,0,5000,5000,0,A08,개인,M
N,2,7500,0,0,0,2500,0,A06,개인,M
Y,4,19300,1400,10000,0,6500,0,A13,개인,M
N,1,1400,0,1400,0,0,0,A04,개인,M
N,2,7500,0,0,2500,0,0,A06,개인,M
N,6,9500,0,2500,0,0,0,A03,개인,M
Y,10,40900,3900,30000,0,0,4200,A09,개인,F
N,1,1400,0,0,0,1400,0,A05,개인,M
Y,1,2500,0,0,0,0,2500,A05,개인,F
N,1,6500,0,0,0,0,0,A06,개인,M
N,1,1400,0,0,1400,0,0,A07,개인,M
N,2,3900,0,0,0,0,0,A06,개인,M
N,4,10000,0,0,0,2500,0,A03,개인,F
N,2,7500,2500,0,0,0,0,A08,개인,M
N,1,1400,0,0,0,1400,0,A09,개인,M
N,1,1400,0,0,1400,0,0,A09,개인,M
N,2,2800,0,0,0,2800,0,A04,개인,M
N,4,8800,0,1000,2800,0,0,A10,개인,F
N,1,2500,0,0,0,2500,0,A07,개인,F
N,2,12000,0,7000,0,5000,0,A08,개인,M
N,3,7500,2500,2500,0,2500,0,A06,개인,F
Y,2,12500,10000,0,0,0,0,A05,개인,M
N,1,5000,0,0,5000,0,0,A07,개인,F
N,1,1400,0,0,1400,0,0,A09,개인사업자,M
Y,4,22000,0,10000,7000,0,5000,A08,개인,F
N,1,1400,0,0,1400,0,0,A07,개인,F
N,2,2800,0,0,0,1400,0,A07,개인사업자,M
Y,1,2500,0,0,0,0,2500,A08,개인사업자,M
N,1,10000,0,10000,0,0,0,A05,개인,F
N,1,2500,0,0,0,2500,0,A06,개인,M
N,3,15000,2500,10000,0,2500,0,A08,개인,M
Y,1,2500,0,0,0,0,2500,_,공공기관,M
N,2,13000,0,0,0,0,0,A06,개인,M
N,2,9000,0,0,6500,2500,0,A06,개인,F
N,2,2800,0,0,0,1400,1400,A11,개인사업자,F
N,1,2500,0,0,2500,0,0,A02,개인,F
Y,5,10300,2500,2500,0,2500,2800,A07,개인,F
N,1,2500,0,0,0,0,0,A10,개인,F
N,1,6500,0,0,0,6500,0,A06,개인사업자,F
N,1,1400,0,0,0,0,0,A10,개인,F
N,2,10000,0,0,10000,0,0,A10,개인,F
Y,1,1400,0,0,0,1400,0,A05,개인,M
N,1,1400,0,0,1400,0,0,A08,개인,F
N,1,2500,0,0,0,2500,0,A06,개인,F
N,2,15000,0,0,0,5000,0,A04,개인,F
N,1,1400,0,0,0,1400,0,A07,개인,F
Y,3,6400,2500,1400,0,0,2500,A03,개인,M
N,2,20000,0,10000,10000,0,0,_,개인,F
N,1,1400,0,0,1400,0,0,A10,개인,M
N,1,2500,0,0,0,2500,0,A07,개인,M
N,1,2500,0,0,0,2500,0,A08,개인,M
N,1,1400,0,0,1400,0,0,A06,개인,F
N,4,11400,0,5000,0,6400,0,A04,개인,F
N,1,1000,0,0,1000,0,0,_,법인사업자,M
N,2,5000,0,2500,2500,0,0,A08,개인,F
N,7,15600,2500,0,0,0,0,A07,개인,M
N,2,9000,0,0,0,0,0,A06,개인,F
N,2,2800,0,0,2800,0,0,A10,개인,M
N,1,2500,0,0,2500,0,0,A09,개인,F
N,2,7500,0,0,0,2500,0,A06,개인,M
N,3,6400,0,2500,3900,0,0,A07,개인,F
N,1,2500,0,0,0,2500,0,A08,개인,M
N,1,7000,0,0,7000,0,0,A06,개인,M
N,1,2500,0,0,0,2500,0,A07,개인,M
N,1,1400,0,0,0,1400,0,A05,개인,F
Y,1,5000,0,5000,0,0,0,_,법인사업자,M
Y,2,3900,2500,0,0,0,1400,A07,개인,M
N,1,6500,0,0,0,0,0,A07,개인,F
N,2,3900,0,0,1400,0,0,A06,개인,F
N,2,7500,0,0,6500,0,0,A03,개인,F
N,3,8900,0,0,8900,0,0,A11,개인,M
N,1,1400,0,0,1400,0,0,A03,개인,F
Y,2,12000,5000,0,0,0,7000,A02,개인,M
N,3,10000,0,5000,0,5000,0,A07,개인,F
Y,2,5000,0,0,0,0,5000,A10,개인사업자,M
N,1,2500,0,0,0,2500,0,A06,개인,M
N,2,7500,0,5000,0,2500,0,A12,개인,F
N,2,2800,0,0,2800,0,0,A09,개인,F
N,1,1400,0,0,1400,0,0,A10,개인,M
Y,1,2500,0,0,0,0,2500,A07,개인,M
N,1,2500,0,0,2500,0,0,A08,개인,M
N,2,5000,0,2500,0,2500,0,A11,개인,F
N,1,10000,0,0,10000,0,0,A03,개인,M
Y,2,5000,0,0,0,0,5000,A10,개인사업자,M
N,1,2500,0,0,0,0,0,A10,개인,M
Y,1,5000,0,0,0,0,5000,A07,개인,M
N,2,16400,0,0,0,0,0,A05,개인,F
Y,3,5300,3900,1400,0,0,0,A09,개인,M
N,1,2500,0,0,0,2500,0,A09,개인사업자,M
N,1,1400,0,0,0,1400,0,A08,개인,M
N,1,1400,0,0,0,0,0,A04,개인,M
N,2,12500,0,0,0,2500,0,A05,개인,M
N,3,4200,0,2800,0,1400,0,A07,개인,M
N,1,5000,0,0,0,5000,0,A07,개인,M
N,1,1400,0,0,0,1400,0,A07,개인,M
N,1,1400,0,0,0,1400,0,A09,개인,F
N,1,10000,0,0,10000,0,0,A08,개인,M
N,2,7900,0,0,6500,1400,0,A04,개인,F
N,2,3900,0,0,2500,1400,0,A10,개인,F
N,1,2500,0,2500,0,0,0,A07,개인,F
N,9,21700,0,2800,1400,12500,0,A09,개인,M
N,1,1400,0,0,1400,0,0,A08,개인,M
N,1,2500,0,0,2500,0,0,A07,개인,F
N,1,9900,0,0,0,9900,0,A03,개인,M
N,1,2500,0,0,2500,0,0,A11,개인,M
N,1,2500,0,0,0,2500,0,A06,개인,M
N,5,10600,0,1400,0,9200,0,A10,개인,F
N,1,1400,0,0,1400,0,0,A11,개인,F
N,1,2500,0,0,0,2500,0,A09,개인,F
N,1,1400,0,0,0,1400,0,A07,개인,M
N,1,2500,0,0,2500,0,0,A06,개인,F
N,2,3900,0,0,0,3900,0,A07,개인,F
N,5,8100,0,0,8100,0,0,A09,개인,M
N,2,5000,0,0,0,0,0,A07,개인,M
N,1,2500,0,0,0,2500,0,A04,개인,M
N,3,4200,0,0,0,4200,0,A06,개인,M
N,1,2500,0,0,0,2500,0,A07,개인사업자,F
N,1,2500,0,0,0,0,0,A10,개인,M
Y,2,3900,2500,0,0,0,1400,A07,개인,F
Y,2,5000,0,0,0,0,5000,A12,개인,M
N,1,10000,0,0,0,10000,0,A06,개인,F
N,1,5000,0,0,0,5000,0,A08,개인,F
N,1,1400,0,0,1400,0,0,A04,개인,M
N,3,13900,10000,0,0,3900,0,A05,개인,F
Y,2,5000,0,0,0,0,2500,A05,개인,F
N,1,2500,0,0,0,2500,0,A05,개인사업자,M
N,1,2500,0,0,0,2500,0,A06,개인,M
N,3,21300,10000,0,1400,0,0,A07,개인,M
Y,5,34900,10000,7000,0,0,17900,A07,개인,F
N,1,2500,0,0,2500,0,0,A07,개인,M
Y,5,24000,0,10000,0,2500,11500,A09,개인,M
N,3,19500,17000,0,2500,0,0,A09,개인,M
N,3,8900,0,0,0,6400,0,A08,개인,M
Y,1,2500,0,0,0,0,2500,A08,개인,F
N,1,6500,0,0,0,0,0,A06,개인,F
N,1,1400,0,0,0,0,0,A11,개인,M
N,1,2500,0,0,0,2500,0,A11,개인,M
N,1,2500,0,0,2500,0,0,A10,개인,F
N,1,10000,10000,0,0,0,0,A08,개인,F
Y,2,3900,0,2500,0,0,1400,A08,개인사업자,M
N,1,5000,0,0,5000,0,0,A11,개인,F
Y,2,5000,2500,0,0,0,2500,A06,개인,F
N,1,10000,0,10000,0,0,0,A04,개인,F
Y,3,15000,0,10000,0,0,5000,A08,개인사업자,F
N,3,12800,10000,0,2800,0,0,A11,개인,M
N,1,1400,0,0,1400,0,0,A07,개인사업자,F
N,5,14200,0,5000,0,7800,1400,A09,개인,F
N,2,11400,0,10000,0,1400,0,A07,개인,M
N,4,10700,3200,2500,2500,0,0,A06,개인,M
Y,3,7500,0,0,0,0,5000,A04,개인,F
N,2,12500,0,10000,0,0,0,A02,개인,F
N,1,2500,2500,0,0,0,0,A05,개인,F
N,1,5000,0,0,5000,0,0,A04,개인,F
N,2,5000,0,2500,0,2500,0,A06,개인,M
N,5,7000,0,0,0,0,0,A06,개인,F
N,1,1400,0,0,0,0,0,A04,개인,F
N,1,1400,0,0,1400,0,0,A06,개인,F
N,1,2500,0,0,0,2500,0,A04,개인,F
N,1,6500,0,0,0,6500,0,A11,개인사업자,M
N,5,13700,1400,9500,1400,0,0,A09,개인,F
Y,1,1400,0,0,0,0,1400,A09,개인,M
Y,8,23900,0,0,0,2500,15000,A13,개인,M
N,3,5300,0,0,0,0,0,A05,개인,M
N,1,1400,0,0,0,1400,0,A05,개인,M
N,2,7500,0,5000,0,2500,0,A07,개인,F
N,1,1400,0,0,1400,0,0,A08,개인,M
Y,2,11400,10000,0,0,0,1400,A08,개인,F
N,2,3900,0,0,0,2500,0,A07,개인,M
N,1,2500,0,0,0,0,0,A13,개인,M
N,3,16400,11400,0,0,0,0,A08,개인,M
N,1,6500,0,0,0,0,0,A06,개인,F
N,1,1400,0,0,1400,0,0,A10,개인,F
N,3,15000,0,0,0,5000,0,A07,개인,M
Y,1,2500,0,0,0,0,2500,_,법인사업자,M
N,5,25400,0,7000,7000,1400,0,A07,개인,M
N,3,12000,0,2500,7000,0,0,A05,개인,M
N,1,1400,0,0,1400,0,0,A08,개인,M
N,1,2500,0,0,0,0,0,A02,개인,F
N,1,2500,0,0,2500,0,0,A04,개인,F
N,1,1400,0,0,1400,0,0,A05,개인,M
N,1,6500,0,0,0,0,0,A14,개인,M
N,4,10700,2800,0,0,0,0,A06,개인,F
N,3,4200,1400,0,2800,0,0,A07,개인,M
N,3,12800,0,10000,1400,0,0,A08,개인사업자,M
N,1,1400,0,0,0,0,0,A14,개인,M
N,3,8900,2500,0,1400,0,0,A04,개인,F
N,1,2500,0,0,0,2500,0,A07,개인,F
N,1,1400,0,0,1400,0,0,A02,개인,F
N,1,2500,0,0,2500,0,0,A03,개인,F
N,6,43000,10000,7000,0,0,0,A06,개인,F
N,2,5000,0,0,0,0,0,A06,개인,F
N,2,3900,0,0,0,1400,0,A07,개인,M
N,2,3900,0,0,1400,0,0,A04,개인,F
N,2,2800,0,0,0,0,0,A07,개인,M
N,1,2500,0,0,0,2500,0,A10,개인,M
N,4,8900,0,0,0,0,0,A09,개인,F
Y,1,2500,0,0,0,0,2500,A06,개인,M
Y,4,10700,1400,1400,0,0,7900,A11,개인,M
N,1,2500,0,0,2500,0,0,A08,개인,M
N,2,11500,0,5000,0,6500,0,A11,개인,F
Y,1,5000,0,0,0,0,5000,A07,개인,F
N,1,1400,0,0,1400,0,0,A05,개인,F
N,1,2500,0,0,2500,0,0,A07,개인,M
Y,1,6500,0,0,0,0,6500,A04,개인,M
N,2,10000,0,5000,0,5000,0,A06,개인,F
Y,1,1400,0,0,0,0,1400,A03,개인,M
Y,1,1400,0,0,0,0,1400,A09,개인,M
N,1,6500,0,0,0,0,0,A04,개인,M
Y,1,1400,0,0,0,0,1400,A11,개인사업자,M
N,1,1400,0,0,1400,0,0,A10,개인,M
N,2,7500,0,0,7500,0,0,A07,개인,F
Y,1,5000,0,0,0,0,5000,A07,개인,F
N,1,1400,0,0,0,0,0,A09,개인,F
N,1,1400,0,0,0,1400,0,A06,개인,F
N,1,1400,0,0,0,1400,0,A05,개인,M
N,2,8000,0,0,0,5500,0,A03,개인,M
N,1,1400,0,0,0,0,0,A07,개인,F
N,6,38900,15000,11400,12500,0,0,A09,개인,M
Y,1,2500,0,0,0,0,2500,A04,개인,M
N,1,6500,0,0,0,6500,0,A04,개인,M
N,3,5300,0,1400,1400,2500,0,A09,개인,M
Y,1,1400,0,0,0,0,1400,A05,개인,F
N,1,10000,0,0,0,10000,0,A07,개인,M
N,7,30300,0,10000,1400,13900,0,A06,개인,F
N,1,6500,0,0,0,0,0,A11,개인,M
N,1,2500,0,0,0,2500,0,A07,개인,F
N,1,10000,0,10000,0,0,0,A09,개인,F
Y,2,7500,5000,0,0,0,2500,A09,개인사업자,F
N,1,2500,0,0,2500,0,0,A06,개인,F
N,1,5000,0,0,0,0,0,A07,개인,F
N,1,1400,0,0,0,1400,0,A07,개인,M
N,1,5000,5000,0,0,0,0,A09,개인사업자,F
Y,1,2500,0,0,0,0,2500,A05,개인,M
N,2,6400,0,0,6400,0,0,A07,개인사업자,F
Y,2,2800,0,0,1400,0,1400,A08,개인,M
N,2,3900,0,0,1400,0,0,A09,개인,M
Y,1,2500,0,0,0,0,2500,A09,개인,F
N,1,1400,0,0,0,0,0,A07,개인,M
N,2,20000,0,10000,10000,0,0,_,법인사업자,F
Y,3,12800,10000,0,0,0,2800,A07,개인,M
N,1,1400,0,0,1400,0,0,A05,개인,M
Y,3,10400,0,9000,0,0,1400,A07,개인,F
Y,3,8900,0,0,0,0,8900,A08,개인,F
N,1,1400,0,0,1400,0,0,_,법인사업자,M
N,1,5000,0,0,0,0,0,A05,개인,F
N,4,10000,0,0,0,0,0,A04,개인,F
N,1,1400,0,0,0,1400,0,A06,개인,M
N,1,5000,0,0,5000,0,0,A09,개인,F
N,1,14900,14900,0,0,0,0,A08,개인,M
N,1,2500,0,0,0,2500,0,A08,개인사업자,M
N,1,1400,0,0,1400,0,0,A08,개인,F
Y,1,2500,0,2500,0,0,0,A09,개인,F
N,1,1400,0,0,1400,0,0,A07,개인,F
N,1,5000,0,0,5000,0,0,A04,개인,M
N,1,6500,0,0,6500,0,0,A07,개인,F
Y,1,1400,0,0,0,0,1400,A09,개인사업자,M
Y,1,7000,7000,0,0,0,0,A08,개인,M
N,1,5000,0,0,5000,0,0,A05,개인,F
N,1,2500,0,0,0,2500,0,_,정식단체,M
N,1,1400,0,0,0,1400,0,A09,개인,F
Y,3,17500,0,10000,0,0,7500,A06,개인,M
N,3,5300,0,0,0,3900,0,A07,개인,M
Y,3,12000,0,7000,0,0,5000,A03,개인,F
N,3,6400,0,0,0,0,0,A04,개인,F
N,4,10300,0,0,7500,0,0,A08,개인,M
N,6,24000,5000,7500,2500,9000,0,A11,개인,M
N,1,5000,0,0,0,5000,0,A05,개인,F
N,2,3900,0,1400,0,2500,0,A04,개인,F
Y,4,18400,0,7000,0,5000,1400,A09,개인,M
N,1,2500,0,0,2500,0,0,A10,개인,M
N,1,1400,0,0,1400,0,0,A08,개인,F
N,1,2500,0,0,0,0,0,A09,개인,F
Y,2,2800,0,0,0,0,2800,A05,개인,M
N,1,2500,0,0,0,2500,0,A10,개인,M
N,1,2500,0,0,0,2500,0,A03,개인,F
N,1,1400,0,0,1400,0,0,A09,개인,F
Y,1,1400,0,0,0,0,1400,A13,개인,M
N,1,1400,0,0,0,1400,0,A08,개인,F
Y,1,2500,0,0,0,0,2500,A07,개인,F
Y,5,7700,4900,0,0,0,2800,_,공공기관,F
N,1,2500,0,0,2500,0,0,A08,개인,M
N,4,30000,0,20000,10000,0,0,A10,개인,M
Y,3,18000,0,0,0,0,18000,A08,개인,F
N,1,1400,0,0,1400,0,0,A09,개인,F
N,1,6500,0,0,0,0,0,A06,개인,F
N,3,5300,0,0,5300,0,0,A07,개인,F
N,1,1400,0,0,0,1400,0,A06,개인,F
N,1,2500,0,0,0,2500,0,A10,개인,M
N,2,6400,0,1400,5000,0,0,A09,개인,M
N,1,2500,0,0,0,2500,0,A05,개인,F
Y,1,1400,0,0,0,0,1400,A03,개인,M
N,1,1400,0,0,0,0,0,A12,개인,F
N,1,5000,0,0,0,5000,0,A06,개인,F
N,1,1400,0,0,0,0,0,A04,개인,M
N,1,1400,0,0,0,1400,0,A06,개인,F
N,2,7500,5000,0,0,2500,0,A03,개인,F
N,5,37400,14900,5000,17500,0,0,A08,개인,M
N,1,2500,0,0,0,2500,0,A05,개인,F
N,1,5000,0,0,5000,0,0,A09,개인,M
N,1,6500,0,0,0,6500,0,A05,개인,M
Y,1,7000,0,7000,0,0,0,A11,개인사업자,F
N,3,5300,0,0,0,0,0,A04,개인,M
N,2,17000,0,7000,10000,0,0,A09,개인,M
N,1,2500,0,0,2500,0,0,A03,개인,F
N,1,1400,0,0,0,0,0,A05,개인,F
N,2,2800,0,0,2800,0,0,A05,개인,M
N,1,1400,0,0,0,0,1400,A09,개인,F
N,2,5000,0,0,0,0,0,A06,개인,M
N,2,7900,0,0,0,0,0,A04,개인,F
N,2,12500,0,10000,2500,0,0,A08,개인,F
Y,1,1400,0,0,0,0,1400,_,법인사업자,M
N,2,20000,0,10000,10000,0,0,A06,개인,M
N,4,13900,0,5000,0,5000,0,A04,개인,M
N,1,2500,0,0,0,2500,0,A09,개인,F
N,1,1400,0,0,0,1400,0,A04,개인,F
Y,2,9500,0,7000,0,0,2500,A12,개인,M
Y,1,10000,0,10000,0,0,0,A05,개인,M
N,1,2500,0,0,0,0,0,A06,개인,F
N,2,3900,0,0,1400,0,0,A05,개인,M
N,22,45100,0,5000,40100,0,0,A10,개인,M
Y,1,7000,0,7000,0,0,0,A05,개인,F
N,1,7000,0,7000,0,0,0,A06,개인사업자,F
N,3,4200,0,1400,2800,0,0,A08,개인,F
N,2,5000,0,0,2500,0,2500,A05,개인,M
Y,1,1400,0,0,0,1400,0,A04,개인사업자,F
N,11,21300,1000,9500,4500,6300,0,A08,개인,F
N,2,2800,0,0,1400,0,0,A07,개인,F
N,1,5000,0,0,5000,0,0,A08,개인,M
N,1,2500,0,0,0,2500,0,A04,개인,F
N,1,1400,0,0,1400,0,0,A06,개인,F
N,1,7000,7000,0,0,0,0,A08,개인,F
N,1,2500,0,0,2500,0,0,A16,개인,F
N,1,5000,0,0,0,5000,0,A13,개인사업자,M
N,2,3900,0,0,1400,2500,0,A07,개인,M
Y,2,2800,0,0,0,0,2800,A11,개인사업자,M
N,2,7500,0,5000,0,2500,0,A08,개인,F
N,1,5000,0,0,0,5000,0,A03,개인,M
N,11,20900,0,2500,18400,0,0,A13,개인,F
N,1,2500,0,0,0,2500,0,A07,개인,M
N,3,12800,10000,1400,1400,0,0,A05,개인,M
N,1,2500,0,0,0,2500,0,A04,개인,F
N,1,2500,0,0,0,2500,0,A09,개인,M
N,1,1400,0,0,0,0,0,A05,개인,F
N,1,5000,0,0,0,5000,0,A04,개인,M
N,1,2500,0,0,0,2500,0,A02,개인,M
N,1,1400,0,0,1400,0,0,A08,개인,M
N,2,3900,0,1400,2500,0,0,A08,개인사업자,M
Y,3,8900,1400,2500,0,0,5000,A08,개인,F
N,1,1400,0,0,0,0,0,A05,개인,M
N,1,1400,0,0,1400,0,0,A07,개인,F
N,4,5600,0,0,0,0,0,A05,개인,F
Y,1,1400,0,0,0,0,1400,A06,개인사업자,F
N,1,1400,0,0,0,0,0,A06,개인,M
N,1,5000,0,5000,0,0,0,A10,개인,F
Y,5,12500,2500,5000,0,2500,2500,A11,개인,M
N,1,1400,0,0,0,1400,0,A06,개인,F
N,1,1400,0,0,1400,0,0,A07,개인,M
N,1,2500,0,0,0,0,0,A09,개인,M
N,3,7800,1400,0,1400,0,0,A11,개인,M
Y,1,2500,0,0,0,0,2500,A04,개인,M
N,1,1400,0,0,0,0,0,A04,개인,F
Y,4,20000,0,10000,0,2500,5000,A04,개인사업자,F
N,1,6500,0,0,0,0,0,A10,개인,M
N,1,2500,0,0,0,2500,0,A05,개인,M
N,4,7800,0,0,7800,0,0,A08,개인,M
N,1,1400,0,0,0,1400,0,A06,개인,F
N,2,2800,0,0,2800,0,0,A05,개인,F
N,6,11700,1400,5000,2800,0,0,A10,개인,F
N,2,12500,10000,0,0,2500,0,A04,개인,M
Y,2,3900,0,0,2500,0,1400,A08,개인,F
N,1,2500,0,0,0,2500,0,A04,개인,F
N,1,10000,10000,0,0,0,0,A05,개인,M
N,1,1400,0,0,0,0,0,A07,개인,M
N,1,2500,0,0,0,0,2500,A08,개인,F
N,1,2500,0,0,2500,0,0,_,개인,M
N,4,10000,5000,0,2500,0,0,A05,개인,M
N,2,12750,0,5250,7500,0,0,A07,개인,F
N,1,1400,0,0,0,1400,0,A09,개인,M
N,1,1400,0,0,1400,0,0,A09,개인,M
N,1,2500,0,0,0,2500,0,A06,개인,M
Y,1,1400,0,0,0,0,1400,A09,개인,M
N,2,2800,1400,0,0,1400,0,A09,개인,F
N,1,2500,0,0,0,2500,0,A04,개인,M
N,1,2500,0,0,0,0,0,A08,개인,M
N,1,1400,1400,0,0,0,0,A08,개인,F
N,1,5000,0,5000,0,0,0,A08,개인,M
N,2,12000,0,0,12000,0,0,A07,개인,M
Y,1,2500,0,0,0,0,2500,A11,개인,F
N,3,6400,0,0,0,0,0,A04,개인,F
Y,1,2500,0,0,0,0,2500,A07,개인,M
N,2,3900,0,0,0,3900,0,A11,개인,F
N,1,2500,0,0,0,2500,0,A02,개인,F
N,1,1400,0,0,0,1400,0,A05,개인,M
N,1,1400,0,0,1400,0,0,A10,개인,F
N,1,1400,0,0,1400,0,0,A06,개인,M
Y,2,2800,0,0,0,1400,1400,A02,개인,M
N,1,2500,0,0,0,2500,0,A06,개인,F
N,1,1400,0,0,1400,0,0,A07,개인,F
N,5,30000,10000,15000,0,5000,0,A06,개인,F
N,2,12500,0,0,0,2500,0,A14,개인,F
N,5,29300,1400,20000,0,7900,0,A07,개인,F
N,1,2500,0,0,0,2500,0,A10,개인,F
N,1,1400,0,0,1400,0,0,A09,개인,M
Y,2,7900,1400,0,0,0,6500,A12,개인사업자,F
N,2,7900,0,0,0,1400,6500,A07,개인,F
Y,1,1400,0,1400,0,0,0,A06,개인,F
Y,2,5000,0,0,0,0,5000,A08,개인,F
N,3,6400,0,2500,0,3900,0,A02,개인,F
N,1,2500,0,0,0,2500,0,A04,개인,F
N,2,6400,0,0,1400,0,5000,A10,개인사업자,F
Y,3,5300,1400,0,0,0,3900,_,개인사업자,F
N,1,1400,0,0,0,0,0,A09,개인,M
Y,2,3900,0,0,0,0,3900,A03,개인,F
N,1,2500,0,0,2500,0,0,A05,개인,F
N,5,7000,2800,2800,1400,0,0,A10,개인,M
N,1,2500,0,0,0,2500,0,A02,개인,F
N,2,7500,0,5000,0,2500,0,A09,개인,F
Y,2,5000,0,0,0,2500,2500,A07,개인,M
N,4,12500,0,0,12500,0,0,A08,개인,F
N,1,5000,0,0,0,5000,0,A06,개인,F
Y,1,1400,0,0,0,0,1400,A09,개인,M
N,4,6700,1400,0,2800,2500,0,A08,개인,F
N,3,5300,2500,0,0,2800,0,A07,개인,F
N,2,2800,0,0,2800,0,0,A07,개인,F
N,1,1400,0,0,0,1400,0,A09,개인,M
Y,3,8900,0,2500,5000,0,1400,A13,개인,F
N,1,2500,0,0,2500,0,0,A04,개인,F
N,1,2500,2500,0,0,0,0,A08,개인,M
N,2,13000,0,0,0,0,0,A06,개인,M
N,2,12500,10000,0,0,2500,0,A07,개인,F
Y,1,1400,0,0,0,0,1400,A07,개인,M
N,3,6400,2500,1400,0,0,0,A07,개인,M
N,1,2500,0,0,0,2500,0,A10,개인,M
N,1,1400,0,0,1400,0,0,A06,개인,M
N,1,6500,0,0,0,6500,0,A04,개인,M
N,3,6400,0,2500,1400,0,0,A09,개인,M
N,2,3900,0,0,0,0,0,A06,개인,F
N,1,2500,0,0,0,2500,0,A05,개인,F
N,1,2500,0,0,0,2500,0,A08,개인,F
N,2,11400,0,0,0,11400,0,A07,개인,F
N,2,2800,0,0,0,2800,0,A07,개인,F
N,1,1400,0,0,0,0,0,A09,개인,F
N,3,5300,0,0,0,0,0,A11,개인,F
N,1,1400,0,0,1400,0,0,A05,개인,F
N,5,10300,1400,0,5000,2500,0,A08,개인,F
Y,1,2500,0,0,0,0,2500,A07,개인,F
N,1,2500,0,0,0,2500,0,A08,개인,M
N,2,3900,0,0,0,3900,0,A07,개인,M
N,2,16500,0,10000,0,6500,0,A08,개인,F
N,1,2500,0,0,0,2500,0,A05,개인사업자,M
N,1,1400,0,0,1400,0,0,A05,개인,F
N,3,27000,0,17000,0,0,10000,A09,개인,M
N,1,6500,0,0,6500,0,0,_,법인사업자,F
N,3,8900,0,0,8900,0,0,A05,개인,F
N,1,1400,0,0,1400,0,0,A07,개인,M
N,7,16000,1400,5300,6500,0,1400,A08,개인,M
N,1,2500,0,2500,0,0,0,A06,개인,M
N,2,10000,0,0,0,0,0,A05,개인,F
N,1,5000,0,0,5000,0,0,_,법인사업자,F
N,2,5000,0,0,0,2500,0,A06,개인,M
Y,4,10000,5000,0,0,0,5000,A05,개인,M
N,9,12600,0,0,0,0,0,A07,개인,F
Y,2,2800,0,0,0,0,2800,_,법인사업자,M
N,1,10000,10000,0,0,0,0,A06,개인,M
N,1,2500,0,0,2500,0,0,A04,개인,M
N,2,2800,0,1400,1400,0,0,A07,개인,M
N,3,4200,0,1400,2800,0,0,_,개인사업자,F
N,1,5000,0,0,5000,0,0,A05,개인,F
Y,2,9000,0,6500,0,0,2500,A05,개인,M
N,1,2500,0,0,0,2500,0,A05,개인,F
Y,1,5000,0,0,0,0,5000,A07,개인,F
Y,1,6500,0,0,0,0,6500,A04,개인,F
Y,1,1400,0,0,0,0,0,A09,개인,F
N,5,25400,2500,10000,5000,7900,0,A06,개인사업자,M
Y,1,1400,0,0,0,0,1400,A09,개인,M
N,1,1400,0,0,0,1400,0,A10,개인,M
N,1,2500,0,0,0,2500,0,A03,개인사업자,F
N,1,1400,1400,0,0,0,0,A04,개인,F
N,1,1400,0,0,0,0,0,A09,개인,F
N,1,2500,0,0,0,2500,0,A06,개인,F
N,1,2500,0,0,0,0,0,A05,개인,F
N,2,3900,0,0,3900,0,0,A05,개인,F
N,2,7500,5000,0,0,2500,0,A07,개인,M
N,3,5300,0,2500,1400,0,0,A10,개인,M
N,4,22800,0,10000,0,0,0,A06,개인,M
Y,1,2500,0,0,0,0,2500,A09,개인,F
N,1,2500,0,0,0,2500,0,A07,개인,F
N,1,5000,0,5000,0,0,0,A03,개인,M
N,1,2500,0,0,2500,0,0,A11,개인,F
N,2,2800,0,0,1400,1400,0,A04,개인,F
N,3,8900,2500,0,0,0,0,A10,개인,F
N,1,2500,0,0,0,2500,0,A07,개인,F
N,1,1400,0,0,1400,0,0,A07,개인,M
N,6,11700,5300,0,3900,0,2500,_,공공기관,F
Y,1,1400,0,0,0,0,1400,_,정식단체,M
N,12,24100,0,6700,2800,12100,2500,A10,개인,M
N,2,9500,7000,0,0,0,0,A06,개인,M
Y,1,2500,0,0,0,0,2500,A05,개인,M
N,2,2800,0,0,2800,0,0,A10,개인,M
N,4,15000,0,0,15000,0,0,A09,개인,F
N,1,1400,0,0,0,1400,0,A02,개인,F
N,6,10600,2500,2800,5300,0,0,A10,개인,M
N,1,5000,0,0,0,0,0,A05,개인,M
N,6,15000,0,2500,7500,2500,2500,A07,개인,M
N,1,1400,0,0,0,1400,0,A08,개인,M
N,1,1400,0,0,0,1400,0,A05,개인,F
N,1,1400,0,0,0,0,0,A07,개인,M
Y,1,1400,0,0,0,0,1400,A06,개인,F
N,1,2500,0,0,2500,0,0,A07,개인,F
N,1,2500,0,0,0,0,0,A06,개인,M
Y,3,12800,10000,1400,0,0,1400,A09,개인,F
Y,3,5300,0,2500,0,0,2800,A08,개인,F
Y,2,2800,0,0,0,0,2800,A04,개인,M
Y,6,26400,10000,5000,0,0,6400,A08,개인,M
N,1,5000,0,5000,0,0,0,A04,개인,F
N,1,10000,0,0,0,10000,0,A09,개인,M
N,5,10300,3900,3900,0,2500,0,A07,개인,M
N,1,1400,0,0,0,1400,0,A05,개인,M
N,4,20000,10000,2500,0,5000,0,A06,개인,F
N,1,6500,0,0,0,6500,0,A08,개인,M
Y,2,3900,2500,0,0,0,1400,A05,개인,M
N,5,22400,5000,9900,7500,0,0,A10,개인사업자,M
N,1,2500,0,0,2500,0,0,A07,개인,M
N,2,5000,0,0,5000,0,0,A07,개인,F
N,1,1400,0,0,0,0,0,A11,개인,M
N,1,2500,0,0,2500,0,0,A06,개인,M
N,3,6400,0,0,0,2500,0,A10,개인,F
N,3,15000,0,0,15000,0,0,A09,개인,F
N,1,1400,0,0,0,1400,0,A06,개인,M
Y,2,16500,0,10000,0,0,6500,A10,개인,M
Y,1,1400,0,0,0,0,1400,A09,개인사업자,F
N,7,9700,0,3500,4800,1400,0,A10,개인,F
N,1,1400,0,0,0,0,0,A09,개인,M
N,1,2500,0,0,0,2500,0,A05,개인,F
N,6,11700,1400,3900,6400,0,0,A07,개인,F
N,1,1400,0,1400,0,0,0,A12,개인,F
N,1,1400,0,0,0,0,0,A05,개인,F
N,3,10400,0,0,0,0,0,A05,개인,M
N,1,6500,0,6500,0,0,0,A03,개인,F
N,1,1400,0,0,1400,0,0,A11,개인사업자,F
N,1,10000,10000,0,0,0,0,A05,개인,M
N,3,14500,0,7000,0,2500,5000,A03,개인,M
Y,5,16700,0,11400,0,2500,2800,A06,개인,F
N,2,6000,0,0,0,1000,0,A03,개인,M
N,1,2500,0,0,0,2500,0,A08,개인,M
Y,1,10000,0,10000,0,0,0,A06,개인,M
N,1,2500,0,0,2500,0,0,A08,개인,M
Y,1,1400,0,0,0,0,1400,A07,개인사업자,F
Y,1,1400,0,0,0,0,1400,A07,개인,M
N,2,11500,0,0,0,11500,0,A07,개인사업자,F
N,3,12500,0,0,0,0,0,A07,개인,F
N,1,2500,0,0,0,2500,0,A07,개인,M
N,1,1400,0,1400,0,0,0,A08,개인,F
N,2,3900,0,0,0,1400,0,A03,개인,M
N,1,10000,0,0,10000,0,0,A03,개인,M
N,3,12500,0,5000,0,2500,0,A08,개인,M
N,1,2500,0,0,2500,0,0,_,법인사업자,F
N,4,17500,0,10000,0,5000,2500,A06,개인,F
N,4,6700,0,0,0,0,0,A07,개인,F
Y,7,44800,17400,7000,0,0,20400,A07,개인,M
Y,2,11400,0,0,0,0,1400,A07,개인,F
N,1,2500,0,2500,0,0,0,A09,개인,M
N,1,6500,0,0,0,6500,0,A04,개인,M
N,3,7800,0,1400,6400,0,0,A07,개인,F
N,2,3900,0,0,1400,2500,0,A10,개인,M
N,8,50000,20000,17500,0,12500,0,A07,개인,M
N,2,7500,0,0,7500,0,0,A07,개인,F
N,1,2500,0,0,0,2500,0,A08,개인,F
N,1,2500,0,0,0,2500,0,A04,개인,F
N,2,2800,0,0,2800,0,0,A06,개인,M
Y,2,12500,0,0,0,0,12500,A04,개인,M
Y,1,2500,0,0,0,0,2500,A07,개인사업자,M
Y,2,7500,0,0,0,0,7500,A05,개인,M
N,5,18900,10000,0,8900,0,0,A01,개인,M
N,4,7800,0,0,1400,0,0,A03,개인,F
Y,1,1400,0,0,0,0,1400,A09,개인사업자,M
Y,2,12500,0,10000,0,0,2500,A07,개인,F
Y,3,6400,0,0,0,0,3900,A07,개인,M
N,1,2500,0,0,2500,0,0,A08,개인,F
N,1,1400,0,0,0,1400,0,_,정식단체,F
N,2,12400,0,0,0,0,0,A10,개인,F
N,5,19400,0,0,0,0,0,A03,개인,M
Y,1,2500,0,0,0,0,2500,A07,개인,F
N,2,3900,1400,0,0,0,0,A08,개인,F
N,1,10000,10000,0,0,0,0,A07,개인,F
N,1,1400,1400,0,0,0,0,A12,개인사업자,M
Y,1,1400,0,0,0,0,1400,A08,개인,M
N,1,6500,0,0,0,6500,0,A07,개인,M
N,2,2800,0,0,0,0,0,A06,개인,F
N,4,8900,0,0,0,0,0,A06,개인,M
N,1,5000,0,0,0,5000,0,A03,개인,M
Y,1,1400,0,0,0,0,1400,A06,개인,F
N,5,21400,0,5000,15000,1400,0,A10,개인,M
N,9,18400,0,0,0,0,0,A07,개인,M
N,1,1400,0,0,1400,0,0,A13,개인사업자,F
Y,1,1400,0,0,0,0,1400,A06,개인,M
Y,3,6400,0,0,0,2500,2500,A08,개인,F
N,1,2500,0,0,0,2500,0,A10,개인사업자,M
Y,1,1400,0,0,0,0,1400,A09,개인,F
N,1,1400,0,0,1400,0,0,A02,개인,F
N,1,1400,0,0,1400,0,0,A06,개인,F
N,1,1400,0,0,1400,0,0,A02,개인,F
N,7,16000,0,10400,2800,1400,0,A09,개인,M
N,3,4200,0,1400,0,2800,0,A06,개인,F
Y,2,5000,0,2500,0,0,0,A08,개인,M
N,4,13900,0,0,0,3900,5000,A10,개인,M
Y,3,13900,12500,0,1400,0,0,A09,개인,M
Y,1,2500,0,0,0,0,2500,A08,개인,M
Y,1,2500,0,0,0,0,2500,A05,개인,M
N,3,7500,0,0,0,0,0,A07,개인,F
Y,5,11400,0,1400,0,0,7500,A10,개인,F
N,1,5000,0,0,5000,0,0,A05,개인,F
N,1,1400,0,0,0,1400,0,A04,개인,M
Y,1,2500,0,0,0,0,2500,A10,개인,F
N,8,23100,0,5000,8100,0,10000,_,법인사업자,F
Y,2,5000,0,0,0,0,5000,A08,개인,M
N,3,10000,0,0,7500,0,0,A09,개인,F
N,4,13800,4000,7000,0,2800,0,A05,개인,F
Y,2,5000,0,0,2500,0,2500,A05,개인,F
Y,1,2500,0,0,0,2500,0,A07,개인,M
N,4,25200,0,0,0,0,1400,A06,개인,M
N,3,5300,0,0,0,0,0,A05,개인,F
N,1,1400,0,0,0,1400,0,A03,개인,F
Y,4,5600,1400,0,0,0,2800,A06,개인,M
N,3,17500,0,5000,10000,2500,0,A13,개인,M
N,1,1400,0,0,0,0,0,A06,개인,F
N,1,2500,0,0,0,2500,0,A13,개인,F
N,2,5000,0,2500,2500,0,0,A10,개인,F
Y,1,2500,0,0,0,0,2500,A07,개인,F
N,2,13000,0,0,0,0,0,A06,개인,M
Y,1,2500,0,0,0,0,2500,A05,개인,M
N,3,8900,2500,0,0,1400,0,A08,개인,M
Y,1,6500,0,0,0,0,6500,A07,개인,M
N,3,5300,1400,1400,0,2500,0,A04,개인,F
N,3,6400,0,0,0,0,0,A06,개인,M
N,4,23900,0,10000,2500,11400,0,A03,개인,M
N,1,1400,0,0,0,0,0,A11,개인,F
N,1,5000,0,0,5000,0,0,_,법인사업자,M
N,3,8400,7000,0,0,0,1400,A12,개인,M
N,1,2500,0,0,2500,0,0,A10,개인,F
N,2,5000,0,0,0,5000,0,A06,개인,F
N,1,2500,0,0,0,2500,0,A08,개인,F
N,1,2500,0,0,0,0,0,A10,개인,M
N,1,1400,0,0,0,1400,0,A07,개인,M
N,1,1400,0,0,0,0,0,A09,개인,M
N,1,6500,0,0,6500,0,0,A10,개인,F
N,2,13000,0,0,0,0,0,A07,개인,M
N,1,1400,0,0,0,1400,0,A08,개인,M
N,1,1400,0,0,1400,0,0,A06,개인,F
N,2,3900,0,0,2500,0,0,A09,개인,M
Y,5,25000,10000,0,10000,0,5000,A07,개인,F
Y,1,1400,0,0,0,0,1400,A07,개인,F
N,1,2500,0,0,0,2500,0,A10,개인사업자,F
N,2,12500,0,10000,0,0,0,A05,개인,M
Y,3,10900,0,7000,1400,0,2500,A04,개인,F
N,2,3900,0,0,3900,0,0,A06,개인,M
N,1,1400,0,0,1400,0,0,A09,개인,F
N,1,10000,0,10000,0,0,0,A05,개인,F
N,1,1400,0,0,0,1400,0,A07,개인,M
N,2,9000,0,0,0,0,6500,A05,개인,M
N,1,2500,0,0,0,0,0,A06,개인,M
N,1,2500,0,0,2500,0,0,A07,개인,M
N,1,16900,0,0,0,0,0,A12,개인,F
N,1,2500,0,0,0,2500,0,A06,개인,M
N,1,2500,0,0,2500,0,0,A12,개인사업자,F
N,1,1400,0,0,1400,0,0,A10,개인,M
N,1,1400,0,0,1400,0,0,A08,개인,F
Y,2,2800,0,0,0,0,0,A08,개인,M
Y,12,34500,3900,1400,2500,0,6700,A04,개인,M
N,2,5000,2500,0,2500,0,0,A09,개인,M
N,1,1000,0,0,0,1000,0,A03,개인,M
Y,1,1400,0,0,0,0,1400,_,법인사업자,F
N,1,2500,0,2500,0,0,0,A05,개인,M
N,1,1400,0,0,1400,0,0,A08,개인,M
N,2,11800,10400,0,1400,0,0,A07,개인,M
N,1,7000,0,0,7000,0,0,A04,개인,M
N,1,1400,0,0,1400,0,0,A09,개인,M
N,1,10000,0,0,10000,0,0,A07,개인,F
N,1,2500,0,0,2500,0,0,A04,개인,M
Y,3,8900,0,1400,0,0,5000,A04,개인,F
N,6,13900,0,0,13900,0,0,A06,개인,F
N,1,1400,0,0,1400,0,0,A07,개인,F
N,1,1400,0,1400,0,0,0,A05,개인,M
N,2,5000,2500,0,0,2500,0,_,법인사업자,M
Y,7,17500,0,0,0,2500,15000,A06,개인,F
N,1,2500,0,0,0,2500,0,A05,개인,F
N,3,7800,0,1400,0,0,0,A05,개인,M
N,2,11400,0,0,11400,0,0,A07,개인,M
N,1,1400,0,0,1400,0,0,A06,개인,M
N,1,6500,0,0,0,6500,0,A08,개인사업자,F
N,1,1400,0,0,0,0,0,A10,개인사업자,F
N,2,2800,0,1400,0,1400,0,A06,개인,F
N,1,1400,0,0,0,1400,0,A07,개인,F
N,1,2500,0,0,2500,0,0,A09,개인,M
N,1,5000,0,0,0,5000,0,A07,개인,F
N,5,14300,0,9000,0,0,0,A07,개인,F
N,2,15000,10000,0,5000,0,0,A09,개인,M
N,4,24200,16300,0,0,7900,0,A08,개인,M
N,3,4200,0,0,0,0,0,A07,개인,M
N,2,3900,0,0,2500,1400,0,A07,개인,M
N,1,1400,0,0,0,0,0,A06,개인,M
N,2,8400,0,7000,1400,0,0,A08,개인,F
N,1,5000,0,0,5000,0,0,A09,개인,F
N,1,1400,0,0,1400,0,0,A06,개인,F
N,1,2500,0,0,0,2500,0,A07,개인사업자,F
N,3,4200,0,0,0,4200,0,A04,개인,F
N,1,1400,0,0,0,1400,0,A07,개인,M
N,1,1400,0,0,0,1400,0,A05,개인,F
N,1,5000,0,0,5000,0,0,A07,개인,F
N,11,22000,0,10300,3900,7800,0,A11,개인,F
Y,2,2800,0,0,1400,0,1400,A07,개인,F
N,1,10000,0,10000,0,0,0,A08,개인,F
Y,1,2500,0,0,0,0,2500,A10,개인,F
N,2,3900,0,0,0,0,0,A07,개인,F
Y,3,9800,0,0,0,0,2800,A12,개인,F
N,1,2500,0,0,0,2500,0,A07,개인,M
N,2,2800,0,0,2800,0,0,A09,개인,M
N,1,2500,0,0,0,0,0,A03,개인,M
N,1,2500,0,0,0,0,0,A09,개인사업자,F
N,2,9500,0,7000,0,2500,0,A06,개인,F
N,6,10600,0,3900,0,1400,0,A08,개인,F
N,3,6400,0,2500,1400,2500,0,A09,개인,F
N,3,10900,7000,0,0,0,0,A09,개인,M
N,8,13400,0,0,0,2800,0,A06,개인,F
N,2,2800,0,0,0,0,0,A09,개인,F
N,1,6500,0,0,0,6500,0,A04,개인,M
Y,1,1400,0,0,0,0,1400,A05,개인,F
N,3,7800,0,5000,2800,0,0,A10,개인,M
Y,5,14300,0,6500,0,0,7800,A02,개인,F
N,4,11400,0,6400,2500,0,0,A10,개인,F
N,1,5000,0,0,5000,0,0,A02,개인,F
N,4,14200,10000,0,1400,2800,0,A04,개인,M
N,1,1400,0,0,1400,0,0,A10,개인,F
N,3,13900,0,10000,3900,0,0,A10,개인,F
N,1,2500,0,0,0,2500,0,A04,개인,M
N,1,5000,0,0,0,5000,0,A08,개인,M
N,2,3900,0,0,1400,2500,0,A07,개인,M
Y,2,3900,0,0,0,0,3900,A07,개인,M
Y,2,7500,2500,0,0,0,0,A01,개인,M
N,1,1400,0,0,0,1400,0,A08,개인,M
N,1,2500,0,0,2500,0,0,A05,개인,F
Y,1,1400,1400,0,0,0,0,A06,개인,F
Y,1,10000,0,0,0,0,10000,A07,개인,F
N,2,2400,0,0,2400,0,0,A09,개인,M
N,3,12500,0,5000,0,2500,0,A04,개인,F
N,1,2500,0,0,0,2500,0,A07,개인,F
N,6,15300,0,2500,0,5300,0,A08,개인,F
N,1,2500,0,0,2500,0,0,A08,개인,M
Y,1,2500,0,0,0,0,2500,A04,개인,M
N,2,9000,0,0,2500,0,0,A05,개인,F
N,5,20300,0,2500,16400,1400,0,A08,개인,F
N,3,7500,2500,0,0,5000,0,A03,개인,M
Y,1,10000,0,0,0,0,10000,A05,개인,M
N,2,8400,0,7000,1400,0,0,A11,개인사업자,M
N,1,1400,0,0,0,0,0,A12,개인,F
Y,1,5000,0,0,0,0,5000,A05,개인,F
N,1,5000,0,0,0,0,0,A03,개인,M
N,2,5000,0,0,0,0,0,A04,개인,F
N,1,7000,7000,0,0,0,0,A06,개인,M
N,1,7000,0,0,7000,0,0,A11,개인,F
N,2,3900,0,0,0,0,0,A11,개인,M
N,1,10000,10000,0,0,0,0,A09,개인,F
Y,2,6400,0,0,0,0,6400,A13,개인,M
Y,1,1400,0,0,0,0,1400,A07,개인,F
N,1,1400,0,0,0,0,0,A03,개인,M
N,4,14200,0,1400,1400,1400,0,A08,개인,F
N,2,15000,0,10000,0,5000,0,A08,개인,F
Y,4,7800,0,6400,0,1400,0,A09,개인,F
N,1,2500,0,0,0,0,0,A09,개인,F
N,5,9200,1400,0,0,0,0,A08,개인,F
N,5,10100,7300,0,2800,0,0,A08,개인,F
N,1,1400,0,0,1400,0,0,A09,개인,M
Y,2,2800,0,0,0,0,2800,A05,개인,M
N,1,2500,0,0,2500,0,0,A10,개인,M
Y,2,7500,0,0,0,0,2500,A14,개인,M
Y,1,1400,0,0,0,0,1400,A12,개인,F
N,2,5000,0,0,5000,0,0,A07,개인,F
N,1,2500,0,0,2500,0,0,A09,개인,M
Y,1,1400,0,0,0,0,1400,A09,개인,F
N,1,5000,0,0,0,0,5000,A05,개인,M
N,1,1400,0,0,1400,0,0,_,정식단체,F
Y,11,30700,2500,3900,0,0,16400,A11,개인,F
N,1,1400,0,0,1400,0,0,A07,개인,F
Y,1,5000,0,0,0,0,5000,A07,개인,M
N,1,6000,0,0,0,0,0,A06,개인,M
N,4,12500,0,5000,2500,2500,0,A03,개인,F
Y,1,1400,0,0,0,0,1400,A05,개인,F
N,3,9300,0,0,2800,0,0,A07,개인,M
N,3,6400,0,2500,3900,0,0,A05,개인,M
N,6,14000,0,7000,0,0,0,A07,개인,M
Y,1,1400,0,0,0,0,1400,A07,개인사업자,F
Y,1,5000,0,0,0,0,5000,A05,개인,M
N,1,2500,0,0,2500,0,0,A07,개인,M
Y,1,2500,0,0,0,0,2500,A10,개인,F
N,5,47800,0,0,5000,2500,2500,A02,개인,F
N,3,15000,0,0,15000,0,0,A07,개인,M
N,2,12500,2500,10000,0,0,0,A10,개인,M
N,1,2500,0,0,2500,0,0,A12,개인,F
Y,2,9500,0,7000,0,0,2500,A11,개인사업자,F
N,1,2500,0,0,2500,0,0,A07,개인사업자,F
Y,1,2500,0,0,0,0,2500,A04,개인,M
N,1,1400,0,0,1400,0,0,A08,개인,M
Y,1,2500,0,0,0,0,2500,A09,개인,F
Y,2,12500,0,0,0,0,2500,A08,개인,F
N,2,2800,0,0,0,0,0,A04,개인,M
Y,3,6400,1400,0,0,0,2500,A09,개인,M
Y,2,17000,0,17000,0,0,0,A06,개인,M
N,1,6500,0,0,0,0,0,A07,개인,M
Y,2,9000,6500,0,0,0,2500,A06,개인,M
N,5,22800,10000,0,10000,2800,0,A08,개인,M
N,5,26400,10000,10000,0,0,2500,A06,개인,F
N,1,1400,0,0,0,0,0,A06,개인,M
N,2,3900,0,0,0,0,0,A09,개인,F
N,1,2500,0,0,0,0,0,A06,개인,M
N,1,1400,0,0,0,0,0,A02,개인,M
N,4,19300,0,10000,1400,6500,0,A07,개인,M
Y,1,1400,0,0,0,0,1400,A10,개인,M
N,2,15000,0,5000,10000,0,0,A05,개인,M
N,2,3900,1400,0,0,2500,0,A09,개인사업자,F
Y,1,6500,0,0,0,0,6500,A07,개인,M
N,1,6500,0,0,0,0,0,A05,개인,M
N,1,10000,10000,0,0,0,0,A05,개인,F
Y,7,43900,12500,5000,5000,0,10000,A05,개인,M
N,1,5000,0,0,5000,0,0,A08,개인,F
Y,1,1400,0,0,0,0,1400,A07,개인,M
N,2,3900,0,1400,0,0,0,A06,개인,F
N,1,1400,0,0,1400,0,0,A08,개인,M
N,1,1400,0,0,0,0,0,A06,개인,F
Y,1,1400,0,0,0,0,1400,A08,개인,M
N,2,7500,0,0,7500,0,0,A09,개인,F
Y,2,3900,0,0,3900,0,0,A10,개인,M
N,4,8900,0,0,2500,0,0,A07,개인,F
N,1,2500,0,0,2500,0,0,A07,개인,M
N,3,4200,0,1400,2800,0,0,A05,개인,F
N,1,5000,5000,0,0,0,0,A07,개인,F
Y,2,15000,10000,0,0,0,5000,A06,개인,F
N,1,1400,0,0,1400,0,0,A08,개인,F
N,1,2500,0,0,2500,0,0,A08,개인,M
Y,1,1400,0,0,0,0,1400,A12,개인사업자,M
Y,2,15000,0,0,10000,0,5000,A07,개인,M
N,1,6500,0,0,6500,0,0,A11,개인,F
Y,2,7500,2500,0,0,0,5000,A07,개인,F
N,5,8800,0,0,0,0,5000,A06,개인,F
N,2,5000,0,0,5000,0,0,A08,개인,F
Y,2,2800,1400,0,1400,0,0,A08,개인,F
N,1,1400,0,0,1400,0,0,A06,개인,M
N,2,5000,0,2500,0,0,0,A07,개인,F
N,1,2500,0,0,2500,0,0,A04,개인,M
N,1,5000,0,0,5000,0,0,A05,개인,F
Y,1,5000,0,0,0,0,5000,A04,개인,M
Y,1,1000,0,0,0,0,1000,A10,개인,M
N,2,2800,0,0,0,0,0,A06,개인,F
N,3,4400,0,0,0,0,0,A05,개인,F
Y,1,5000,0,0,0,0,5000,_,법인사업자,F
N,2,9700,3200,0,0,0,0,A07,개인,M
N,3,12000,3000,0,0,0,0,A04,개인,M
N,1,1400,0,0,1400,0,0,A06,개인,M
Y,1,2500,0,0,0,0,2500,A11,개인,F
N,1,1400,0,0,0,0,0,A05,개인,M
N,2,2800,0,0,2800,0,0,A09,개인,M
N,2,2800,0,0,0,0,0,A06,개인,F
N,1,9900,0,0,0,0,0,A05,개인,F
Y,1,1400,1400,0,0,0,0,A09,개인,F
N,2,20000,10000,10000,0,0,0,A05,개인,M
Y,7,18200,0,1400,0,0,10300,A10,개인,F
N,2,2800,0,0,2800,0,0,A06,개인,F
N,1,7000,0,0,0,0,0,_,법인사업자,M
N,2,8400,0,7000,1400,0,0,A02,개인,M
N,1,1400,0,0,0,0,0,A06,개인,F
N,1,2500,0,0,2500,0,0,A09,개인,F
N,2,2800,0,0,2800,0,0,A09,개인,M
N,1,5000,0,0,5000,0,0,A08,개인,M
N,4,29700,10000,10000,0,0,0,A04,개인,F
Y,1,2500,0,2500,0,0,0,A08,개인,F
Y,3,12500,0,5000,0,0,2500,A09,개인,F
N,1,10000,0,0,10000,0,0,A10,개인,F
N,9,33600,10000,2800,0,0,0,A04,개인,M
N,1,5000,5000,0,0,0,0,A03,개인,M
Y,2,11400,10000,0,0,0,1400,A09,개인,M
Y,2,2800,0,0,0,0,2800,A08,개인사업자,M
N,3,6400,0,2500,3900,0,0,A04,개인,F
N,8,16300,7000,0,0,1400,0,A05,개인,M
N,1,1400,0,0,0,0,0,A06,개인,F
Y,1,2500,0,0,0,0,2500,A10,개인,M
N,1,2500,0,0,0,0,0,A06,개인,M
Y,1,1400,0,0,0,0,1400,A04,개인,F
N,3,16400,15000,1400,0,0,0,A07,개인,M
Y,1,1400,0,0,0,0,1400,A06,개인,M
Y,1,2500,0,0,0,0,2500,A04,개인,F
N,1,2500,0,0,2500,0,0,A10,개인,M
Y,1,2500,0,0,0,0,2500,A06,개인,M
N,1,1400,0,0,1400,0,0,A06,개인,F
N,1,1400,0,0,0,0,0,A14,개인,F
N,1,1400,0,0,1400,0,0,A10,개인,F
N,1,2500,0,0,2500,0,0,A07,개인,M
N,1,1400,0,0,0,0,0,A07,개인,F
N,2,5000,0,0,5000,0,0,A08,개인,M
N,1,1400,0,0,1400,0,0,A09,개인,F
Y,1,2500,0,0,0,0,2500,A10,개인,M
Y,14,32300,2800,1400,2500,2500,20600,A08,개인,M
N,1,1400,0,0,1400,0,0,A05,개인,M
N,2,5000,0,0,0,0,0,A06,개인,M
N,1,5000,0,0,5000,0,0,A10,개인사업자,M
N,1,2500,0,0,2500,0,0,A06,개인,M
Y,2,11400,10000,1400,0,0,0,A07,개인,F
Y,1,1400,0,0,0,0,1400,A05,개인,F
N,1,5000,0,0,5000,0,0,A09,개인,F
N,4,12300,0,7000,1400,0,0,A10,개인,F
N,1,1400,0,0,1400,0,0,A10,개인,F
N,2,5000,0,0,5000,0,0,A07,개인,F
N,2,5000,0,2500,2500,0,0,A05,개인,M
N,6,12800,0,0,12800,0,0,A07,개인,F
N,1,2500,0,0,2500,0,0,A08,개인사업자,F
N,1,1400,0,0,1400,0,0,A08,개인,M
N,3,6400,0,0,6400,0,0,A07,개인,M
N,1,1400,0,0,0,0,0,A06,개인,F
N,1,10000,0,0,10000,0,0,A07,개인,M
Y,1,2500,0,0,0,0,2500,A09,개인,F
Y,1,1400,0,0,0,0,1400,A08,개인,F
Y,2,3900,1400,0,0,0,2500,A08,개인,M
Y,10,24200,0,6400,0,0,12500,A09,개인,F
Y,2,3900,0,0,0,0,2500,A08,개인,F
N,1,1400,0,0,0,1400,0,A07,개인,F
Y,1,2500,0,0,0,0,2500,A12,개인사업자,M
Y,2,12500,0,10000,0,0,2500,A05,개인,F
Y,9,15900,2800,3900,0,0,6700,_,공공기관,F
N,2,2800,0,0,0,0,0,A05,개인,F
Y,4,9200,1400,5000,0,0,2800,A05,개인,F
N,1,1400,0,0,1400,0,0,A06,개인,F
N,1,1400,0,0,1400,0,0,A09,개인,M
Y,1,1400,0,0,0,0,1400,A07,개인,M
Y,2,3900,0,0,0,0,3900,A03,개인,M
N,1,1400,0,0,1400,0,0,A05,개인,M
N,18,48900,0,1400,47500,0,0,A05,개인,M
Y,2,12500,0,0,0,0,12500,A08,개인,M
N,1,5000,0,0,5000,0,0,A07,개인사업자,F
N,2,5000,0,0,0,0,0,A06,개인,F
N,7,9800,0,1400,4200,2800,0,A06,개인,M
N,1,2500,0,0,0,0,0,A05,개인,F
N,1,10000,10000,0,0,0,0,A08,개인,F
N,1,1400,0,0,1400,0,0,A08,개인,M
N,1,1400,0,0,1400,0,0,A09,개인,M
N,4,14000,0,0,0,0,0,A10,개인,F
Y,2,2800,1400,0,0,0,1400,A03,개인,M
N,9,19500,1400,0,18100,0,0,_,공공기관,F
Y,3,5300,2500,0,1400,0,1400,A07,개인,M
Y,1,2500,0,0,0,0,2500,A12,개인,M
Y,1,1400,0,0,0,0,1400,A03,개인,F
N,1,1400,0,0,1400,0,0,A05,개인사업자,F
N,5,11400,0,0,11400,0,0,A05,개인,F
N,1,2500,0,0,2500,0,0,A06,개인,M
N,1,2500,0,0,2500,0,0,A11,개인,F
Y,1,2500,0,0,0,0,2500,A09,개인,F
N,2,3900,0,0,0,0,0,A06,개인,F
N,1,2500,0,0,2500,0,0,A07,개인,M
N,1,1400,0,1400,0,0,0,A08,개인,F
N,1,2500,0,0,2500,0,0,A10,개인,M
N,4,6700,0,1400,2800,0,2500,A04,개인,F
N,1,1400,0,0,0,0,0,A04,개인,M
N,2,9500,0,2500,0,0,0,A05,개인,M
Y,3,12900,0,0,0,0,12900,A06,개인,M
N,8,11200,2800,0,0,0,0,A06,개인,M
Y,1,1400,0,0,0,0,1400,A04,개인,M
Y,2,3900,0,0,0,0,2500,A07,개인,F
Y,1,1400,0,0,0,0,1400,A09,개인사업자,M
Y,2,7500,0,0,0,0,2500,A08,개인,M
N,2,11400,0,0,0,0,0,A06,개인,F
Y,2,3900,0,0,0,0,3900,A03,개인,F
N,2,12500,10000,0,0,0,0,A04,개인,F
Y,4,27800,1400,10000,0,0,16400,A04,개인,M
Y,2,5000,0,0,0,0,5000,A07,개인,M
N,1,1400,0,0,0,0,0,A07,개인,M
N,5,9200,5000,0,0,0,0,A04,개인,M
Y,5,7000,1400,0,0,0,4200,A08,개인,F
N,1,1400,0,0,0,0,0,A08,개인,M
N,2,6400,0,0,5000,0,0,A08,개인,F
Y,1,2500,0,0,0,0,2500,A07,개인,F
N,4,9200,5000,1400,0,0,1400,A06,개인,F
N,3,5300,0,0,2500,0,1400,A10,개인,F
N,3,4200,0,0,0,0,0,A11,개인,M
N,2,5000,0,0,0,0,0,A08,개인,F
N,2,13000,0,0,0,0,0,A05,개인,M
Y,3,5300,0,2500,0,0,2800,A08,개인,M
Y,1,2500,2500,0,0,0,0,A09,개인사업자,F
Y,2,12500,0,10000,0,0,2500,A04,개인,F
Y,3,7500,0,0,0,0,7500,A05,개인,M
Y,9,28100,11400,0,0,1400,12800,A04,개인,M
N,1,10000,10000,0,0,0,0,_,개인사업자,M
N,6,8400,0,1400,0,0,4200,A05,개인,M
Y,1,2500,0,0,0,0,2500,A07,개인,M
Y,4,6700,0,0,0,1400,2800,A06,개인,F
N,1,1400,0,0,0,0,0,A06,개인,F
Y,1,1400,0,0,0,0,1400,A05,개인,F
N,1,1400,0,0,0,0,0,A06,개인,F
Y,4,20000,20000,0,0,0,0,A08,개인,M
Y,3,10000,0,2500,0,0,7500,A04,개인,M
Y,1,1400,0,0,0,0,1400,A11,개인,M
N,1,6500,0,0,0,0,0,A05,개인,M
Y,1,1400,0,0,0,0,1400,A04,개인,F
Y,1,5000,0,0,0,0,5000,A04,개인,F
N,7,24900,0,9500,0,0,0,A03,개인,M
N,2,3900,0,0,0,0,0,A06,개인,F
Y,1,2500,0,0,0,0,2500,A08,개인,M
N,1,6500,0,0,0,0,0,A09,개인,F
Y,1,2500,0,0,0,0,2500,A05,개인,F
N,1,6500,0,0,0,0,0,A05,개인,M
N,3,5300,0,1400,0,1400,0,A06,개인,F
N,4,11800,0,2500,0,0,0,A05,개인,M
N,7,18200,0,0,2500,0,0,A11,개인,F
N,7,35500,5000,0,0,0,0,A08,개인,F
N,1,1400,0,0,0,0,0,A06,개인,M
Y,1,10000,0,0,0,0,10000,A09,개인사업자,F
N,1,1400,0,0,0,0,0,A06,개인,M
N,5,7000,0,0,0,0,0,A03,개인,F
N,2,42900,0,0,0,0,0,A12,개인,F
N,4,5600,0,0,0,0,0,A08,개인,M
N,2,6400,0,0,0,0,0,A06,개인,M
Y,1,1400,0,0,0,0,0,_,법인사업자,F
N,1,6500,0,0,0,0,0,A06,개인,F
N,1,9900,0,0,0,0,0,A06,개인,F
N,5,15400,0,2500,0,0,0,A05,개인,F
Y,3,25000,5000,10000,0,0,10000,A07,개인,F
N,1,6500,0,0,0,0,0,A03,개인,F
N,4,17400,0,0,7000,0,0,A10,개인,F
Y,1,2500,0,0,0,0,2500,A10,개인사업자,F
Y,1,1400,0,0,0,0,1400,A08,개인,F
N,1,2500,0,0,0,0,0,A05,개인,M
N,1,2500,0,0,0,0,0,A07,개인,F
N,1,2500,0,0,0,0,0,_,법인사업자,F
Y,1,1400,0,0,0,0,1400,A07,개인,F
N,1,2500,0,0,0,0,0,A04,개인,M
Y,1,10000,10000,0,0,0,0,A06,개인,M
Y,1,2500,0,0,0,0,2500,A04,개인,M
Y,1,2500,0,0,0,0,2500,A06,개인,F
Y,2,7900,0,0,0,0,7900,A05,개인,M
N,1,2500,2500,0,0,0,0,A07,개인,F
N,2,13000,0,0,0,0,0,A06,개인,M
Y,1,2500,0,0,2500,0,0,A12,개인,F
N,4,6700,2500,0,0,0,0,A06,개인,F
N,1,1400,0,0,0,0,0,A06,개인,M
N,1,2500,0,0,0,0,0,A10,개인사업자,M
Y,1,2500,0,0,0,0,2500,A09,개인,F
N,2,2800,0,0,0,0,0,A06,개인,M
N,2,15000,5000,10000,0,0,0,A06,개인,M
N,9,27400,0,0,10000,2500,0,A07,개인,F
N,2,7900,1400,0,0,0,0,A07,개인,F
N,3,5300,0,0,0,0,0,A08,개인,F
N,1,6500,0,0,0,0,0,A06,개인,F
Y,1,1400,0,0,0,0,1400,A05,개인,M
N,1,1400,0,0,0,0,0,A06,개인,M
N,2,3900,0,0,0,0,0,A04,개인,F
Y,1,1400,0,0,0,0,1400,A08,개인,M
N,1,1400,0,0,0,0,0,A11,개인,M
Y,4,15300,0,10000,0,0,3900,_,공공기관,F
Y,1,1400,0,0,0,0,1400,A08,개인,F
Y,3,10000,5000,2500,0,2500,0,A01,개인,F
Y,1,1400,0,0,0,0,1400,A09,개인,M
Y,1,1400,0,0,0,0,1400,A08,개인,M
N,1,7000,0,7000,0,0,0,A08,개인,F
N,2,5000,0,0,0,0,0,A06,개인,F
N,3,6400,0,0,0,0,0,A05,개인,M
N,1,2500,0,0,0,0,0,A06,개인,M
Y,2,11400,0,10000,0,0,1400,A06,개인,M
N,3,7500,0,0,2500,0,0,A05,개인,F
N,1,1400,0,0,0,0,0,A05,개인,F
N,1,6500,0,0,0,0,0,A09,개인,F
N,2,11500,0,0,5000,0,0,A06,개인,M
N,5,26300,17400,1400,0,0,0,A06,개인,F
Y,2,12500,0,10000,0,0,2500,A09,개인,M
N,2,3900,0,0,0,0,0,A11,개인,F
Y,1,10000,10000,0,0,0,0,A03,개인,F
Y,18,48600,11400,11000,0,5300,10900,_,법인사업자,F
N,3,7500,0,0,2500,0,0,A11,개인,M
N,1,1400,0,0,0,0,0,A07,개인,M
N,1,1400,0,0,0,0,0,A11,개인,F
Y,2,9000,0,0,0,0,9000,A08,개인,M
Y,7,9800,1400,4200,0,0,2800,A04,개인,F
N,1,1400,0,0,0,0,0,A07,개인,F
Y,2,12500,0,0,0,0,12500,A07,개인,F
N,1,6500,0,0,0,0,0,A09,개인,F
Y,2,3900,0,0,0,0,3900,A05,개인,M
Y,1,2500,0,0,0,0,2500,A08,개인,M
Y,6,22500,5000,5000,0,0,5000,A07,개인,F
N,1,1400,0,0,0,0,0,A05,개인,F
Y,1,2500,0,0,0,0,2500,A09,개인,F
N,1,1400,0,0,0,1400,0,_,법인사업자,M
N,1,10000,0,10000,0,0,0,A08,개인,M
Y,2,10000,0,0,0,0,5000,A08,개인,F
N,1,6500,0,0,0,0,0,A10,개인,M
Y,4,10300,0,5000,0,0,3900,A06,개인,M
N,2,2800,0,0,0,0,0,A08,개인,M
Y,7,39400,14900,9500,0,2500,7500,A11,개인,M
Y,7,28400,17000,0,0,0,11400,A07,개인,F
Y,1,2500,0,0,0,0,2500,A05,개인,F
N,2,5000,0,0,0,0,0,A08,개인,M
Y,1,2500,0,0,0,0,2500,A04,개인,F
Y,2,2800,0,0,0,0,2800,A08,개인사업자,F
N,1,2500,0,0,0,0,0,A07,개인,F
Y,6,18700,0,1400,0,0,14800,A06,개인,F
N,2,2800,0,0,0,0,0,A06,개인,F
Y,3,7500,2500,0,0,0,5000,A08,개인,M
N,1,1400,0,0,0,0,0,A05,개인,F
Y,1,1400,0,0,0,0,1400,A12,개인,F
Y,1,1400,0,0,0,0,1400,A04,개인,F
Y,1,1400,0,0,0,0,1400,A08,개인,M
Y,1,2500,0,0,0,0,2500,A09,개인사업자,F
Y,1,1400,0,0,0,0,1400,A11,개인,M
Y,1,2500,0,0,0,0,2500,A07,개인,M
N,4,6700,2500,0,0,0,0,A06,개인,M
Y,3,5300,0,1400,0,0,2500,A08,개인,F
N,3,7500,0,2500,0,0,0,A06,개인,F
Y,2,3900,0,0,0,0,0,A10,개인사업자,F
Y,8,61400,31400,0,0,0,20000,A09,_,M
N,1,6500,0,0,0,0,0,A05,개인,F
N,1,1400,0,0,0,0,0,A07,개인,M
N,3,7500,0,0,0,0,0,A11,개인,F
N,1,1400,0,0,0,0,0,A04,개인,F
Y,2,5000,0,0,0,0,5000,A04,개인,F
N,3,19000,0,10000,0,0,0,A03,개인,F
N,2,2800,0,0,0,0,0,A02,개인,F
Y,4,8900,0,2500,0,0,6400,A07,개인,F
Y,4,10300,0,5000,0,1400,1400,A04,개인,M
N,1,1400,0,0,0,0,0,_,법인사업자,F
N,1,1400,0,0,0,0,0,A10,개인,F
N,3,14900,7000,0,0,0,0,A11,개인,M
Y,1,2500,0,0,0,0,2500,A05,개인,M
Y,1,2500,0,0,0,0,2500,A07,개인,F
Y,1,1400,0,0,0,0,1400,A07,개인,M
Y,4,8900,0,0,1400,2500,5000,A09,개인,M
Y,3,12800,11400,0,0,0,1400,A07,개인,M
Y,2,2800,0,0,1400,0,1400,A10,개인,F
N,3,5300,3900,1400,0,0,0,A10,개인,F
Y,1,1400,0,0,0,0,1400,A08,개인,F
N,1,1400,0,0,0,0,0,A04,개인,M
N,2,3900,0,0,0,0,0,A11,개인,F
N,1,1400,0,0,0,0,0,A06,개인,M
Y,1,2500,0,0,0,0,2500,A04,개인,F
Y,1,1400,0,0,0,0,1400,_,법인사업자,F
Y,4,16400,10000,2500,0,0,3900,A09,개인,F
Y,2,2800,1400,0,0,0,1400,A07,개인,F
N,7,26100,1400,7000,0,0,0,A06,개인,F
N,7,12000,0,0,0,0,0,A08,개인,M
Y,4,32500,10000,20000,0,0,0,A06,개인,M
Y,1,6500,0,0,0,0,6500,A02,개인,M
N,3,13900,0,0,0,0,0,A06,개인,F
Y,1,1400,0,1400,0,0,0,A10,개인,F
Y,1,7000,0,0,0,0,7000,A12,개인사업자,M
N,1,6500,0,0,0,0,0,A06,개인,F
Y,1,2500,0,0,0,0,2500,A09,개인,F
Y,1,2500,0,0,0,0,2500,_,정식단체,F
Y,1,1400,0,0,0,0,1400,A08,개인사업자,M
Y,1,10000,0,10000,0,0,0,A08,개인,F
Y,2,9000,2500,0,0,0,6500,A04,개인,F
N,1,2500,0,0,0,0,0,A06,개인사업자,M
N,5,10300,0,1400,0,0,0,A10,개인,F
N,3,11500,2500,0,0,0,0,A05,개인,F
N,11,22700,1400,0,0,7900,0,A05,개인,F
Y,2,15000,0,0,0,0,10000,A09,개인,F
N,5,10300,2500,2500,0,0,0,A05,개인,M
Y,12,33100,0,2500,0,0,21700,A08,개인,M
Y,3,5300,0,0,0,0,3900,A08,개인,M
N,2,2800,0,0,0,0,0,A07,개인,M
N,4,8900,2500,1400,0,0,0,A03,개인,M
N,3,5300,0,2800,0,0,0,A04,개인,F
Y,11,18300,0,2800,0,2400,10600,A08,개인,M
Y,5,25000,5000,0,0,0,15000,_,공공기관,M
N,5,20400,2500,0,1400,0,0,A07,개인,F
N,1,2500,0,0,0,0,0,A06,개인,F
Y,12,32300,0,5000,0,0,27300,A04,개인,M
N,1,2500,2500,0,0,0,0,A05,개인,M
N,2,3900,0,0,0,0,0,A06,개인,F
Y,2,5000,2500,0,0,0,2500,A04,개인,M
N,3,6400,0,0,0,0,0,A09,개인,F
N,3,5300,0,0,0,0,0,A07,개인,F
Y,1,1400,0,0,0,0,1400,A05,개인,F
N,1,2500,0,0,0,0,0,A08,개인,F
N,1,2500,0,0,0,0,0,A06,개인,M
Y,1,2500,0,0,0,0,2500,A06,개인,M
Y,1,5000,0,0,0,0,5000,A07,개인,M
N,5,30000,0,5000,0,0,0,A06,개인,M
N,1,1400,0,0,0,0,0,A05,개인,M
N,2,9000,0,0,0,0,0,A05,개인,M
N,1,1400,0,0,0,0,0,A05,개인,F
Y,2,5000,2500,0,0,0,2500,A03,개인,M
N,1,6500,0,0,0,0,0,A05,개인,M
N,1,6500,0,0,0,0,0,A05,개인,F
Y,1,1400,0,0,0,0,1400,A10,개인사업자,F
Y,1,1400,0,0,0,0,1400,A03,개인,M
Y,1,2500,0,0,0,0,2500,A04,개인,M
Y,2,20000,0,10000,0,0,10000,A07,개인,M
N,5,15600,10000,0,0,0,0,A07,개인,F
N,2,5000,0,0,0,0,0,A05,개인,M
Y,3,15000,0,10000,0,0,5000,A08,개인,F
Y,3,4200,0,0,0,0,4200,A05,개인,F
Y,1,10000,0,0,0,0,10000,A08,개인,F
Y,1,1400,0,0,0,0,1400,A09,개인,M
Y,4,9200,0,1400,0,0,6400,A05,개인,M
N,5,8100,0,0,0,0,0,A06,개인,M
N,1,2500,0,0,0,0,0,A03,개인,M
Y,1,6500,0,0,0,0,6500,A07,개인,F
N,2,2800,0,0,0,0,0,A11,개인,F
N,6,15000,0,0,0,0,0,A07,개인,M
N,3,4200,0,0,0,0,0,A08,개인,F
N,1,2500,0,0,0,0,0,A09,개인,F
Y,1,6500,0,0,0,0,6500,A12,개인,M
Y,1,1400,0,0,0,0,1400,A07,개인,F
Y,1,1400,0,0,0,0,1400,A05,개인,F
Y,1,5000,0,0,0,0,0,A08,개인,M
Y,1,1400,0,0,0,0,1400,A07,개인,M
Y,2,3900,0,1400,0,0,2500,A12,개인,F
N,1,7000,7000,0,0,0,0,A05,개인,F
N,1,2500,0,0,0,0,0,A12,개인,M
Y,1,2500,0,0,0,0,2500,A04,개인,F
N,1,1600,0,0,0,0,0,A05,개인,F
N,5,11400,2500,0,0,0,0,A08,개인,M
N,4,6700,0,0,0,0,0,A07,개인,F
Y,2,12500,10000,0,0,0,2500,A06,개인,M
Y,2,2800,0,0,1400,0,1400,A09,개인,M
Y,1,1400,0,0,0,0,1400,A06,개인,M
N,1,2500,0,0,0,0,0,A07,개인,F
Y,3,17500,0,10000,0,0,2500,A07,개인,F
N,4,10700,0,0,0,0,0,A05,개인,M
N,1,1400,0,0,0,0,0,A10,개인,M
N,1,1400,0,0,0,0,0,A06,개인,F
Y,1,2500,0,0,0,0,2500,A03,개인,F
Y,1,1400,0,0,0,0,1400,A09,개인,F
N,1,7000,7000,0,0,0,0,A05,개인,M
Y,1,2500,0,2500,0,0,0,A06,개인,M
N,1,6500,0,0,0,0,0,A12,개인,M
Y,4,12500,2500,5000,0,0,2500,A05,개인,F
Y,8,10800,0,0,0,2400,7000,A04,개인,M
Y,5,8100,0,0,0,0,6700,A10,개인,M
Y,1,2500,0,0,0,0,2500,A03,개인,M
Y,9,34500,10000,9500,0,2500,7500,A07,개인,M
N,4,10000,0,0,0,0,0,A06,개인,M
Y,5,10300,0,1400,0,0,7500,A11,개인사업자,F
Y,1,2500,0,0,0,0,2500,A03,개인,M
Y,4,22400,1400,0,0,0,21000,A03,개인,M
N,7,15300,0,0,0,0,0,A05,개인,F
Y,10,17300,0,2800,0,1400,9200,A09,개인,F
N,1,1400,1400,0,0,0,0,A11,개인,M
N,2,7500,0,0,0,0,0,A04,개인,F
Y,1,1400,0,0,0,0,1400,A07,개인,F
Y,1,2500,0,0,0,0,2500,A08,개인,M
N,2,2800,0,0,0,0,0,A06,개인,F
N,1,2500,0,0,0,0,0,A06,개인,F
Y,1,6500,0,0,0,0,6500,A08,개인,M
Y,2,5000,0,0,0,0,5000,A09,개인,M
Y,1,2500,0,0,0,0,2500,A04,개인,F
Y,1,2500,0,0,0,0,2500,A06,개인,M
Y,4,7800,0,0,0,0,7800,A08,개인,M
Y,4,15900,10000,0,0,0,5900,A10,개인사업자,M
N,1,10000,0,0,0,0,0,A06,개인,F
N,2,11500,0,5000,0,0,0,A06,개인,M
N,7,16700,2500,2500,0,0,0,A07,개인,M
Y,1,1400,0,0,0,0,1400,A06,개인,M
Y,1,2500,2500,0,0,0,0,A08,개인,M
Y,1,1400,0,0,0,0,1400,A06,개인,F
N,1,10000,0,10000,0,0,0,A04,개인,M
Y,1,1400,0,0,0,0,1400,A08,개인,F
N,2,2800,0,0,0,0,0,A05,개인,F
N,2,2800,0,0,0,0,0,A06,개인,F
Y,3,14000,0,0,0,0,9000,A06,개인,F
N,4,14000,5000,2500,0,0,0,A08,개인,F
Y,1,2500,0,0,0,0,2500,A09,개인,F
N,1,1400,1400,0,0,0,0,A11,개인,F
Y,1,1400,1400,0,0,0,0,_,개인,M
N,1,6500,0,0,0,0,0,A06,개인,M
Y,2,9500,0,0,0,0,9500,A09,개인사업자,F
Y,2,2800,1400,0,0,0,1400,A04,개인,F
N,1,9900,0,0,0,0,0,A06,개인,F
Y,2,5000,0,0,0,0,5000,A08,개인사업자,M
N,2,12500,10000,0,0,2500,0,A05,개인,F
N,2,3900,0,0,0,0,0,A05,개인,F
N,10,39600,6500,12800,10000,0,1400,A03,개인,M
Y,5,22300,10000,7000,0,0,5300,A05,개인,F
Y,1,2500,0,0,0,0,2500,A03,개인,M
N,1,1400,0,0,0,0,0,A05,개인,M
N,2,2800,0,0,0,0,0,A07,개인,F
N,1,1400,0,1400,0,0,0,A07,개인,F
Y,1,2500,0,0,0,0,2500,A03,개인,M
N,1,14900,0,14900,0,0,0,A06,개인,M
N,2,9000,0,0,0,0,0,A05,개인,F
N,5,7000,0,0,0,0,0,A04,개인,F
N,2,2800,0,0,0,0,0,A08,개인,M
Y,1,2500,0,0,0,0,2500,A11,개인,M
N,3,22500,0,0,0,0,0,A05,개인,F
N,5,7000,0,0,0,0,0,A06,개인,F
N,1,2500,0,0,0,0,0,A06,개인,F
N,2,3900,0,0,1400,0,0,A04,개인,F
Y,9,26400,2500,0,0,0,8900,A08,개인,F
Y,2,3900,0,0,1400,0,2500,A08,개인,M
N,1,2500,0,0,0,0,0,A08,개인,M
Y,1,1000,1000,0,0,0,0,A04,개인,F
N,1,1400,0,0,0,0,0,A05,개인,M
Y,1,1400,0,0,0,0,1400,A10,개인사업자,M
Y,1,2500,0,0,0,0,2500,A08,개인,M
Y,2,11400,10000,0,0,0,1400,A05,개인,F
Y,2,3900,0,0,0,0,1400,A10,개인,M
Y,1,1400,0,0,0,0,1400,A04,개인,F
N,1,1400,0,0,0,0,0,A07,개인,F
Y,1,2500,0,0,0,0,2500,A07,개인,M
N,1,6500,0,0,0,0,0,A12,개인,F
Y,3,6400,2500,0,0,0,3900,A05,개인,M
Y,2,2800,0,0,0,0,2800,A08,개인,F
N,1,1400,0,0,0,0,0,A05,개인,M
Y,2,5000,0,0,0,0,5000,A09,개인,F
Y,1,2500,0,0,2500,0,0,A09,개인,F
N,4,6700,3900,0,0,0,0,A03,개인,F
N,6,10600,2500,0,1400,0,0,A08,개인,M
N,1,7000,0,7000,0,0,0,A06,개인,F
N,2,2800,0,0,0,0,0,A04,개인,M
N,1,1400,0,0,0,0,0,A05,개인,M
Y,1,2500,0,0,0,0,2500,A03,개인,M
Y,2,7900,1400,0,6500,0,0,A14,개인사업자,M
Y,1,2500,0,0,0,0,2500,A08,개인,M
Y,2,5000,0,0,0,0,5000,A09,개인,M
Y,4,19300,0,10000,0,0,9300,A04,개인,M
Y,3,5300,0,0,0,0,5300,A13,개인사업자,F
Y,6,17000,0,11400,0,0,2800,A03,개인,F
Y,1,5000,0,0,0,0,5000,A08,개인사업자,M
N,1,6500,0,0,0,0,0,A06,개인,M
N,1,1400,1400,0,0,0,0,A05,개인,F
N,1,6500,0,0,0,0,0,A05,개인,M
Y,4,5600,1400,0,0,0,1400,A07,개인,M
Y,1,2500,0,0,0,0,2500,A07,개인,F
N,1,2500,0,0,0,0,0,A08,개인,M
Y,4,11400,0,2500,0,0,6400,A09,개인,F
N,2,6400,0,5000,0,0,0,A07,개인,F
Y,4,8900,0,2500,0,0,3900,_,공공기관,F
Y,1,1400,0,0,0,0,1400,A10,개인사업자,M
N,3,6400,0,0,0,0,0,A10,개인,M
Y,19,54500,14900,1400,0,3900,28700,A07,개인,M
N,1,1400,0,0,0,0,0,A03,개인,F
N,2,11400,0,0,0,0,0,A05,개인,M
N,4,8900,0,0,0,0,0,A04,개인,F
Y,1,5000,0,0,0,5000,0,A07,개인,M
Y,1,2500,0,0,0,0,2500,A05,개인사업자,M
N,1,1400,0,0,0,0,0,A07,개인,M
Y,2,12000,0,7000,0,0,5000,A08,개인,M
Y,1,2500,2500,0,0,0,0,A08,개인,M
N,4,12300,7000,0,0,0,0,A07,개인,M
N,2,5000,0,0,0,0,0,A05,개인,F
Y,1,2500,0,0,0,0,2500,A07,개인,M
N,2,3900,0,2500,0,0,0,A06,개인,F
Y,1,5000,0,0,0,0,5000,A06,개인,M
N,1,2500,0,0,0,0,0,A05,개인,M
Y,1,6500,0,0,0,0,6500,A07,개인,M
N,1,6500,0,0,0,0,0,A05,개인,F
N,1,1400,0,0,0,0,0,A10,개인,M
Y,1,2500,0,0,0,0,2500,A06,개인,M
Y,4,17500,10000,2500,0,0,5000,A02,개인,F
N,1,2500,0,0,0,0,0,A06,개인,M
Y,1,2500,2500,0,0,0,0,A05,개인,F
N,1,6500,0,0,0,0,0,A05,개인,F
N,1,2500,0,0,0,0,0,A05,개인,M
Y,2,8400,0,7000,0,0,1400,A09,개인,F
N,7,31900,2500,12000,0,0,0,A06,개인,M
N,1,1400,0,0,0,0,0,A06,개인,M
N,5,12600,0,7000,0,0,0,A04,개인,F
Y,8,33200,9000,7000,0,1400,15800,A04,개인,M
N,1,1400,0,0,0,0,0,A08,개인,F
N,2,2800,0,0,0,0,0,A04,개인,F
Y,1,1400,0,0,0,0,1400,A09,개인,M
N,1,1400,0,0,0,0,0,A10,개인사업자,F
N,34,97700,11400,0,2500,0,1400,A07,개인,M
N,1,1400,0,0,0,0,0,A06,개인,M
N,2,7900,0,0,6500,0,0,A09,개인,F
N,1,1400,1400,0,0,0,0,A01,개인,M
N,16,24600,5000,0,0,0,0,A02,개인,M
Y,6,46400,10000,30000,0,0,1400,A04,개인,M
N,4,6700,0,0,0,0,0,A05,개인,M
Y,1,5000,5000,0,0,0,0,A09,개인,F
Y,1,1400,0,0,0,0,1400,A05,개인,F
N,8,21800,0,0,0,0,2500,A09,개인,M
Y,1,1400,0,0,0,0,1400,A03,개인,F
N,2,2800,0,0,0,0,0,A10,개인,M
Y,4,8800,0,6000,0,0,2800,A07,개인사업자,M
Y,5,15600,0,10000,0,0,5600,A07,개인,F
Y,4,17625,12375,0,0,0,0,A05,개인,M
N,1,2500,0,0,0,0,0,A09,개인,M
N,1,1400,0,0,0,0,0,A04,개인,F
Y,1,2500,0,0,0,0,2500,A08,개인,F
N,2,16500,0,0,0,0,0,A06,개인,F
Y,3,7800,0,0,0,0,6400,A09,개인,F
Y,1,1400,0,0,0,0,1400,A11,개인사업자,F
N,1,2000,0,2000,0,0,0,A07,개인,M
N,2,2800,0,0,0,0,0,A12,개인,M
N,2,7900,6500,1400,0,0,0,A08,개인,M
Y,2,3900,0,0,0,0,3900,A03,개인,M
N,1,1400,0,0,0,0,0,A05,개인,F
Y,6,8400,0,2800,1400,0,1400,A10,개인,M
N,3,9800,0,0,7000,0,0,A07,개인,M
Y,1,2500,0,0,0,0,2500,A08,개인,F
Y,1,2500,0,0,0,0,0,_,법인사업자,F
N,1,2500,0,0,0,0,0,A05,개인,M
N,1,1400,0,0,0,0,0,A06,개인,M
N,2,16400,0,0,0,0,0,A10,개인,F
Y,1,10000,0,0,0,0,10000,A05,개인,F
N,2,5000,0,0,0,0,0,A06,개인사업자,F
N,1,1400,0,0,0,0,0,A07,개인,F
Y,1,1400,0,0,0,0,1400,A08,개인,M
Y,1,5000,5000,0,0,0,0,_,법인사업자,F
N,1,1400,0,0,0,0,0,A12,개인,F
N,10,23700,0,10000,0,0,0,A06,개인,M
N,2,5000,0,0,0,0,0,A09,개인,F
N,3,6400,0,1400,0,0,5000,A06,개인,M
Y,1,2500,0,0,0,0,2500,A08,개인,F
N,2,2800,0,1400,0,0,0,A09,개인,M
Y,7,24200,1400,15000,1400,0,6400,A06,개인,M
Y,1,1400,0,0,0,0,1400,A03,개인,M
N,2,6400,0,0,0,0,0,A07,개인,M
Y,9,18100,0,3900,0,2500,8900,A07,개인,M
Y,6,15300,0,5000,0,0,10300,A04,개인,M
Y,1,2500,0,0,0,0,2500,A05,개인,M
Y,1,6500,0,0,0,0,6500,A11,개인,M
N,1,6500,0,0,0,0,0,A05,개인,M
Y,1,6500,0,0,0,0,6500,A05,개인,M
N,3,5300,2500,0,0,0,0,A05,개인,F
Y,1,2500,0,0,0,0,2500,A11,개인사업자,M
Y,2,7500,0,5000,0,0,2500,A07,개인,M
Y,3,6400,0,0,0,0,5000,A06,개인사업자,F
N,1,1400,0,0,0,0,0,A01,개인,M
N,1,500,0,0,0,0,0,A10,개인,F
N,3,9300,6500,0,0,0,0,A04,개인,M
Y,2,12500,0,10000,0,0,2500,A04,개인사업자,M
Y,1,2500,0,0,0,2500,0,_,공공기관,M
Y,2,7500,2500,5000,0,0,0,A08,개인,F
N,5,7000,0,0,0,0,0,A07,개인,M
N,1,1400,0,0,0,0,0,A08,개인,F
Y,2,8400,0,7000,0,0,1400,A03,개인,F
N,10,30300,2500,12500,0,0,0,A07,개인,F
Y,3,12800,10000,0,0,0,2800,A08,개인사업자,F
Y,1,1400,0,0,0,0,1400,A09,개인,F
Y,1,6500,0,0,0,0,6500,A07,개인,M
N,4,17400,0,0,0,0,0,A06,개인,F
N,1,5000,0,0,0,0,0,A06,개인,F
Y,6,27800,3900,20000,0,0,3900,A02,개인,F
Y,1,1400,0,0,0,0,1400,A04,개인,F
N,1,2500,0,0,0,0,0,A03,개인,F
N,1,6500,0,0,0,0,0,A05,개인,F
Y,5,9200,3900,0,0,0,2800,_,공공기관,F
Y,1,2500,0,0,0,0,2500,A06,개인,M
N,1,1400,0,0,0,0,0,A06,개인,M
N,1,1400,0,0,0,0,0,A06,개인,M
N,4,7800,0,1400,1400,2500,0,A05,개인,M
Y,1,1400,0,0,0,0,1400,A09,개인,M
N,4,8900,0,0,0,0,0,A06,개인,M
N,4,20200,14900,0,0,0,0,A05,개인,F
Y,1,2500,0,0,0,0,2500,A07,개인,F
N,1,6500,0,0,0,0,0,A05,개인,F
Y,1,2500,0,0,0,0,2500,A09,개인,M
Y,4,16400,0,3900,0,0,12500,A04,개인,F
Y,1,6500,0,0,0,0,6500,A11,개인,M
N,1,9900,0,0,0,0,0,A05,개인,M
N,1,2500,0,0,0,0,0,A11,개인,F
Y,1,1400,0,0,0,0,1400,_,공공기관,F
Y,2,6400,1400,0,0,5000,0,A07,개인,M
N,1,2500,0,0,0,0,0,A08,개인,F
N,1,1400,0,0,0,0,0,A09,개인,M
N,1,6500,0,0,0,0,0,A06,개인,F
Y,1,2500,0,0,0,0,2500,A11,개인사업자,M
Y,1,5000,0,0,0,0,5000,A01,개인,F
N,1,6500,0,0,0,0,0,A06,개인,F
Y,2,3900,0,0,0,0,3900,A07,개인,M
Y,1,2500,0,0,0,0,2500,A05,개인,F
N,2,5000,0,0,0,0,0,A04,개인,M
N,1,1400,0,0,0,0,0,_,법인사업자,F
Y,1,2500,0,0,0,0,2500,A06,개인,F
N,3,4200,0,0,0,0,0,A02,개인,F
N,3,5300,0,0,0,0,0,A10,개인,F
Y,1,6500,0,0,0,0,6500,A08,개인,M
Y,2,2800,0,1400,0,0,1400,A04,개인,F
N,1,2500,0,0,0,0,0,A04,개인,M
Y,1,2500,0,0,0,0,2500,A06,개인,F
Y,1,1400,0,0,0,0,1400,_,개인사업자,F
N,3,29900,0,20000,0,9900,0,A03,개인,M
N,1,1400,0,0,0,0,0,A10,개인,F
N,3,15000,10000,0,0,2500,0,A04,개인,M
N,2,3900,2500,0,0,0,0,A05,개인,F
Y,4,8900,2500,1400,2500,0,2500,A08,개인,F
Y,4,7800,0,3900,0,0,3900,A09,개인,F
N,3,6400,0,2500,0,0,0,A06,개인,M
Y,2,2800,0,0,1400,0,0,A09,개인사업자,F
Y,1,1400,0,0,0,0,1400,A07,개인,M
Y,2,7500,0,5000,0,0,2500,A09,개인,M
Y,1,2500,0,0,0,2500,0,A13,개인사업자,F
Y,1,1400,0,0,0,0,1400,A05,개인,M
N,2,2800,0,0,0,0,0,A06,개인,F
Y,3,10400,0,0,0,0,10400,A10,개인,F
Y,8,13400,2800,0,1400,2800,3900,A06,개인,F
Y,3,9300,1400,0,0,0,7900,A06,개인,F
Y,3,6400,1400,0,0,2500,2500,A08,개인,F
N,1,2500,0,0,0,2500,0,A03,개인,M
N,1,2500,0,0,0,0,0,A07,개인,F
Y,2,5000,0,0,0,0,5000,A03,개인,F
Y,13,42800,0,0,0,0,31400,A07,개인,F
N,1,2500,0,0,0,0,0,A09,개인,M
N,1,1400,1400,0,0,0,0,A07,개인,M
Y,1,5000,0,0,0,0,5000,A09,개인,F
N,3,5300,2500,0,1400,0,0,A07,개인,F
Y,2,3900,1400,0,0,0,2500,A09,개인,M
Y,5,22500,0,0,0,0,20000,A04,개인사업자,F
N,1,1400,0,0,0,0,0,A08,개인,M
N,1,1400,0,0,0,0,0,A05,개인,M
Y,2,6400,0,5000,0,0,1400,A08,개인,F
Y,1,2500,0,0,0,0,2500,A06,개인,M
Y,1,2500,0,0,0,0,2500,A07,개인,F
Y,1,2500,0,0,0,0,2500,_,개인,M
N,1,2500,0,0,0,0,0,A04,개인,F
N,2,2800,0,0,0,0,0,A07,개인,F
N,1,10000,0,0,0,0,0,A05,개인,F
Y,2,5000,0,0,0,2500,2500,A04,개인,M
Y,1,10000,0,0,0,0,10000,A06,개인,M
N,1,2500,0,0,0,0,0,A02,개인,M
Y,2,12400,0,9900,0,0,0,A08,개인,F
N,1,1400,0,0,0,0,0,A11,개인,F
N,2,11400,0,10000,0,0,0,A03,개인,F
N,1,1400,0,0,0,0,0,A10,개인,F
N,1,1400,0,0,0,0,0,A04,개인,M
N,1,5000,0,0,0,0,0,A05,개인,F
Y,2,17000,7000,0,0,0,10000,A10,개인,M
N,1,1400,0,0,0,0,0,A08,개인,F
N,1,1400,0,0,0,0,0,A04,개인,F
N,4,16900,0,0,0,0,0,A12,개인,F
Y,1,2500,0,0,0,0,2500,A07,개인사업자,M
Y,3,10400,1400,0,0,6500,2500,A07,개인,M
N,1,2500,0,0,0,0,0,A07,개인,M
Y,5,7000,1400,0,0,0,5600,A08,개인,M
Y,2,7500,0,0,0,0,7500,A06,개인,F
Y,1,2500,0,0,0,0,2500,A05,개인,M
N,3,22900,0,0,9900,0,0,_,법인사업자,F
Y,2,10000,5000,0,0,0,5000,A09,개인,F
Y,2,5000,0,0,0,0,5000,A07,개인,F
N,1,6500,0,0,0,0,0,A05,개인,M
Y,1,1400,0,0,0,0,1400,A09,개인,F
N,1,14900,14900,0,0,0,0,A05,개인,F
N,2,12500,10000,0,0,0,0,A06,개인,M
N,1,1400,0,0,1400,0,0,A06,개인,M
N,8,17400,0,0,0,0,0,A08,개인,F
Y,7,15600,0,0,0,0,8100,A09,개인사업자,M
N,7,14200,2500,2500,2500,0,0,A06,개인,M
N,1,2500,0,0,0,0,0,A05,개인,M
Y,1,2500,0,0,0,0,2500,A07,개인,F
N,1,1400,0,0,0,0,0,A10,개인,F
N,1,6500,0,0,0,0,0,A05,개인,F
Y,1,1400,0,0,0,0,1400,A08,개인,M
N,1,1400,0,0,0,0,0,A07,개인,F
Y,1,2500,0,0,0,0,2500,A06,개인,M
N,3,5300,0,0,0,0,0,_,개인,M
Y,1,2500,0,0,0,0,2500,A07,개인,F
Y,1,1400,0,0,0,0,1400,A07,개인,F
N,1,2500,0,0,0,0,0,A05,개인,F
N,7,9800,0,0,0,0,0,A09,개인,F
Y,1,6500,0,0,0,0,6500,A05,개인,M
N,1,1400,0,0,0,0,0,A04,개인,M
Y,1,2500,0,0,0,0,0,A07,개인,M
Y,6,27800,0,2500,0,0,11400,A06,개인,F
Y,2,5900,0,1400,0,0,4500,A05,개인,M
N,2,19800,0,0,0,0,0,A10,개인,F
N,1,1400,0,0,0,0,0,A06,개인,F
Y,9,45100,2800,7000,0,0,22800,A09,개인,M
N,1,2500,0,0,0,0,0,A05,개인,M
Y,2,5000,0,2500,0,0,2500,A09,개인,F
N,4,13400,0,7000,0,0,0,A09,개인,M
Y,1,1400,0,0,0,0,1400,A04,개인사업자,M
N,3,5300,2800,0,0,0,0,A04,개인,F
N,3,12000,0,7000,0,0,0,A05,개인,F
N,2,9000,0,0,0,2500,0,A08,개인,F
N,1,2500,0,0,0,0,0,A02,개인,M
Y,1,2500,0,0,0,0,2500,A06,개인,M
N,1,1400,0,0,0,0,0,A10,개인,M
N,4,14200,10000,0,0,0,0,A04,개인,M
N,2,2800,0,0,0,0,0,A07,개인,F
N,2,3900,0,0,0,0,0,A06,개인,F
Y,1,2500,0,0,0,0,2500,A07,개인사업자,M
Y,2,9000,6500,0,0,2500,0,_,법인사업자,F
Y,1,5000,0,0,0,0,5000,A11,개인,F
N,9,14800,0,0,0,0,0,A08,개인,F
Y,3,10000,0,0,7500,0,2500,A03,개인,M
N,1,1400,0,0,0,0,0,A07,개인,M
N,2,3900,0,0,0,0,0,A05,개인,M
N,1,1400,1400,0,0,0,0,A06,개인,M
Y,1,1400,0,0,0,0,1400,A08,개인,F
Y,13,78900,0,0,0,0,76400,A07,개인,M
N,1,1400,0,0,0,0,0,A06,개인,F
N,1,6500,0,0,0,0,0,A06,개인,F
N,1,1400,0,0,0,0,0,A06,개인,F
N,5,13900,0,0,0,2500,0,A07,개인,M
N,1,2500,0,0,0,0,0,A09,개인,F
N,2,2800,0,0,0,0,0,A06,개인,M
N,1,1400,0,0,0,0,0,A05,개인,F
N,1,2500,0,0,0,0,0,A07,개인,M
N,1,9900,0,0,0,0,0,A05,개인,F
Y,1,1400,0,0,0,0,1400,A07,개인,F
Y,4,5600,1400,0,1400,0,0,A08,개인,F
N,2,12500,0,10000,0,0,0,A07,개인,F
N,1,1400,0,0,0,0,0,A08,개인,F
